Code Station,N° article,mois_periode,quantite_mois,nb_commandes,mois,annee,num_mois,trimestre,mois_sin,mois_cos,est_t1,est_t4,saison_benin,Lag_1,Lag_3,Lag_12,Rolling_3m,Rolling_6m,Rolling_12m,Rolling_Std_3m,ratio_tendance,StationEncoded,ProduitEncoded
ST0002,A0001,2021-03,308000,7,2021-03-01,2021,3,1,1.0,6.123233995736766e-17,1,0,1,237000.0,451000.0,105000.0,273333.3333333333,290333.3333333333,259916.66666666663,162574.08567583375,1.0516,1,0
ST0002,A0001,2021-04,281000,8,2021-04-01,2021,4,2,0.8660254037844387,-0.4999999999999998,0,0,1,308000.0,132000.0,98000.0,225666.66666666663,288666.6666666667,276833.3333333333,88545.65677283854,0.8152,1,0
ST0002,A0001,2021-05,210000,6,2021-05-01,2021,5,2,0.4999999999999999,-0.8660254037844387,0,0,2,281000.0,237000.0,270000.0,275333.3333333333,284333.3333333333,292083.3333333333,35837.59664560847,0.9427,1,0
ST0002,A0001,2021-06,272000,7,2021-06-01,2021,6,2,1.2246467991473532e-16,-1.0,0,0,2,210000.0,308000.0,244000.0,266333.3333333333,269833.3333333333,287083.3333333333,50619.495585528384,0.9277,1,0
ST0002,A0001,2021-07,288000,8,2021-07-01,2021,7,3,-0.4999999999999997,-0.8660254037844388,0,0,2,272000.0,281000.0,355000.0,254333.3333333333,240000.0,289416.6666666667,38656.60788705247,0.8788,1,0
ST0002,A0001,2021-08,453000,8,2021-08-01,2021,8,3,-0.8660254037844385,-0.5000000000000004,0,0,3,288000.0,210000.0,305000.0,256666.66666666663,266000.0,283833.3333333333,41198.70548128092,0.9043,1,0
ST0002,A0001,2021-09,264000,8,2021-09-01,2021,9,3,-1.0,-1.8369701987210294e-16,0,0,3,453000.0,272000.0,318000.0,337666.6666666667,302000.0,296166.6666666667,100201.46372849712,1.1401,1,0
ST0002,A0001,2021-10,270000,9,2021-10-01,2021,10,4,-0.8660254037844386,0.5000000000000001,0,1,3,264000.0,288000.0,307000.0,335000.0,294666.6666666667,291666.6666666667,102893.1484599436,1.1486,1,0
ST0002,A0001,2021-11,294000,12,2021-11-01,2021,11,4,-0.5000000000000004,0.8660254037844384,0,1,3,270000.0,453000.0,297000.0,329000.0,292833.3333333333,288583.3333333333,107429.04635153378,1.14,1,0
ST0002,A0001,2021-12,287000,10,2021-12-01,2021,12,4,-2.4492935982947064e-16,1.0,0,1,0,294000.0,264000.0,451000.0,276000.0,306833.3333333333,288333.3333333333,15874.507866387305,0.9572,1,0
ST0002,A0001,2022-01,270000,11,2022-01-01,2022,1,1,0.4999999999999999,0.8660254037844387,1,0,0,287000.0,270000.0,132000.0,283666.6666666667,309333.3333333333,274666.6666666667,12342.3390543821,1.0328,1,0
ST0002,A0001,2022-02,289000,13,2022-02-01,2022,2,1,0.8660254037844386,0.5000000000000001,1,0,0,270000.0,294000.0,237000.0,283666.6666666667,306333.3333333333,286166.6666666667,12342.3390543821,0.9913,1,0
ST0002,A0001,2022-03,339000,13,2022-03-01,2022,3,1,1.0,6.123233995736766e-17,1,0,1,289000.0,287000.0,308000.0,282000.0,279000.0,290500.0,10440.30650891019,0.9707,1,0
ST0002,A0001,2022-04,270000,10,2022-04-01,2022,4,2,0.8660254037844387,-0.4999999999999998,0,0,1,339000.0,270000.0,281000.0,299333.3333333333,291500.0,293083.3333333333,35641.73583501969,1.0213,1,0
ST0002,A0001,2022-05,296000,8,2022-05-01,2022,5,2,0.4999999999999999,-0.8660254037844387,0,0,2,270000.0,289000.0,210000.0,299333.3333333333,291500.0,292166.6666666667,35641.73583501969,1.0245,1,0
ST0002,A0001,2022-06,211000,14,2022-06-01,2022,6,2,1.2246467991473532e-16,-1.0,0,0,2,296000.0,339000.0,272000.0,301666.6666666667,291833.3333333333,299333.3333333333,34847.2858818779,1.0078,1,0
ST0002,A0001,2022-07,230000,10,2022-07-01,2022,7,3,-0.4999999999999997,-0.8660254037844388,0,0,2,211000.0,270000.0,288000.0,259000.0,279166.6666666667,294250.0,43554.56348076506,0.8802,1,0
ST0002,A0001,2022-08,200000,9,2022-08-01,2022,8,3,-0.8660254037844385,-0.5000000000000004,0,0,3,230000.0,296000.0,453000.0,245666.66666666663,272500.0,289416.6666666667,44613.1520219467,0.8488,1,0
ST0002,A0001,2022-09,244000,14,2022-09-01,2022,9,3,-1.0,-1.8369701987210294e-16,0,0,3,200000.0,211000.0,264000.0,213666.66666666663,257666.66666666663,268333.3333333333,15176.736583776055,0.7963,1,0
ST0002,A0001,2022-10,192000,9,2022-10-01,2022,10,4,-0.8660254037844386,0.5000000000000001,0,1,3,244000.0,230000.0,270000.0,224666.66666666663,241833.3333333333,266666.6666666667,22479.62040011634,0.8425,1,0
ST0002,A0001,2022-11,237000,9,2022-11-01,2022,11,4,-0.5000000000000004,0.8660254037844384,0,1,3,192000.0,200000.0,294000.0,212000.0,228833.3333333333,260166.66666666663,27999.99999999988,0.8149,1,0
ST0002,A0001,2022-12,261000,9,2022-12-01,2022,12,4,-2.4492935982947064e-16,1.0,0,1,0,237000.0,244000.0,287000.0,224333.3333333333,219000.0,255416.66666666663,28219.378684395702,0.8783,1,0
ST0002,A0001,2023-01,181000,8,2023-01-01,2023,1,1,0.4999999999999999,0.8660254037844387,1,0,0,261000.0,192000.0,270000.0,230000.0,227333.3333333333,253250.0,35028.55977627389,0.9082,1,0
ST0002,A0001,2023-02,176000,9,2023-02-01,2023,2,1,0.8660254037844386,0.5000000000000001,1,0,0,181000.0,237000.0,289000.0,226333.3333333333,219166.66666666663,245833.3333333333,41052.811515575,0.9207,1,0
ST0002,A0001,2023-03,235000,7,2023-03-01,2023,3,1,1.0,6.123233995736766e-17,1,0,1,176000.0,261000.0,339000.0,206000.0,215166.66666666663,236416.66666666663,47696.96007084722,0.8713,1,0
ST0002,A0001,2023-04,143000,8,2023-04-01,2023,4,2,0.8660254037844387,-0.4999999999999998,0,0,1,235000.0,181000.0,270000.0,197333.3333333333,213666.66666666663,227750.0,32715.94921950648,0.8664,1,0
ST0002,A0001,2023-05,145000,5,2023-05-01,2023,5,2,0.4999999999999999,-0.8660254037844387,0,0,2,143000.0,176000.0,296000.0,184666.66666666663,205500.0,217166.66666666663,46608.29682935568,0.8503,1,0
ST0002,A0001,2023-06,318000,11,2023-06-01,2023,6,2,1.2246467991473532e-16,-1.0,0,0,2,145000.0,235000.0,211000.0,174333.33333333334,190166.66666666663,204583.3333333333,52548.39039716941,0.8521,1,0
ST0002,A0001,2023-07,284000,12,2023-07-01,2023,7,3,-0.4999999999999997,-0.8660254037844388,0,0,2,318000.0,143000.0,230000.0,202000.0,199666.66666666663,213500.0,100463.92387319934,0.9461,1,0
ST0002,A0001,2023-08,286000,13,2023-08-01,2023,8,3,-0.8660254037844385,-0.5000000000000004,0,0,3,284000.0,145000.0,200000.0,249000.0,216833.3333333333,218000.0,91656.96918401784,1.1422,1,0
ST0002,A0001,2023-09,332000,11,2023-09-01,2023,9,3,-1.0,-1.8369701987210294e-16,0,0,3,286000.0,318000.0,244000.0,296000.0,235166.66666666663,225166.66666666663,19078.784028338712,1.3146,1,0
ST0002,A0001,2023-10,306000,11,2023-10-01,2023,10,4,-0.8660254037844386,0.5000000000000001,0,1,3,332000.0,284000.0,192000.0,300666.6666666667,251333.3333333333,232500.0,27153.88247255492,1.2932,1,0
ST0002,A0001,2023-11,237000,8,2023-11-01,2023,11,4,-0.5000000000000004,0.8660254037844384,0,1,3,306000.0,286000.0,237000.0,308000.0,278500.0,242000.0,23065.12518934141,1.2727,1,0
ST0002,A0001,2023-12,252000,8,2023-12-01,2023,12,4,-2.4492935982947064e-16,1.0,0,1,0,237000.0,332000.0,261000.0,291666.6666666667,293833.3333333333,242000.0,49095.14572066494,1.2052,1,0
ST0002,A0001,2024-01,208000,9,2024-01-01,2024,1,1,0.4999999999999999,0.8660254037844387,1,0,0,252000.0,306000.0,181000.0,265000.0,282833.3333333333,241250.0,36290.49462324801,1.0984,1,0
ST0002,A0001,2024-02,115000,4,2024-02-01,2024,2,1,0.8660254037844386,0.5000000000000001,1,0,0,208000.0,237000.0,176000.0,232333.3333333333,270166.6666666667,243500.0,22368.13209307666,0.9541,1,0
ST0002,A0001,2024-03,163000,7,2024-03-01,2024,3,1,1.0,6.123233995736766e-17,1,0,1,115000.0,252000.0,235000.0,191666.66666666663,241666.66666666663,238416.66666666663,69945.21665799117,0.8039,1,0
ST0002,A0001,2024-04,155000,8,2024-04-01,2024,4,2,0.8660254037844387,-0.4999999999999998,0,0,1,163000.0,208000.0,143000.0,162000.0,213500.0,232416.66666666663,46508.06381693385,0.697,1,0
ST0002,A0001,2024-05,183000,9,2024-05-01,2024,5,2,0.4999999999999999,-0.8660254037844387,0,0,2,155000.0,115000.0,145000.0,144333.33333333334,188333.3333333333,233416.66666666663,25716.402029314377,0.6183,1,0
ST0002,A0001,2024-06,106000,7,2024-06-01,2024,6,2,1.2246467991473532e-16,-1.0,0,0,2,183000.0,163000.0,318000.0,167000.0,179333.33333333334,236583.3333333333,14422.205101855652,0.7059,1,0
ST0002,A0001,2024-07,181000,10,2024-07-01,2024,7,3,-0.4999999999999997,-0.8660254037844388,0,0,2,106000.0,155000.0,284000.0,148000.0,155000.0,218916.66666666663,38974.35053981004,0.6761,1,0
ST0002,A0001,2024-08,142000,10,2024-08-01,2024,8,3,-0.8660254037844385,-0.5000000000000004,0,0,3,181000.0,183000.0,286000.0,156666.66666666666,150500.0,210333.3333333333,43890.01405027486,0.7448,1,0
ST0002,A0001,2024-09,192000,15,2024-09-01,2024,9,3,-1.0,-1.8369701987210294e-16,0,0,3,142000.0,106000.0,332000.0,143000.0,155000.0,198333.3333333333,37509.99866702199,0.721,1,0
ST0002,A0001,2024-10,207000,8,2024-10-01,2024,10,4,-0.8660254037844386,0.5000000000000001,0,1,3,192000.0,181000.0,306000.0,171666.66666666666,159833.33333333334,186666.66666666663,26274.195198584574,0.9196,1,0
ST0002,A0001,2024-11,115000,8,2024-11-01,2024,11,4,-0.5000000000000004,0.8660254037844384,0,1,3,207000.0,142000.0,237000.0,180333.3333333333,168500.0,178416.66666666666,34034.296427770096,1.0107,1,0
ST0002,A0001,2024-12,171000,12,2024-12-01,2024,12,4,-2.4492935982947064e-16,1.0,0,1,0,115000.0,192000.0,252000.0,171333.33333333334,157166.66666666666,168250.0,49359.227438578535,1.0183,1,0
ST0002,A0001,2025-01,148000,7,2025-01-01,2025,1,1,0.4999999999999999,0.8660254037844387,1,0,0,171000.0,207000.0,208000.0,164333.33333333334,168000.0,161500.0,46360.903068569794,1.0175,1,0
ST0002,A0001,2025-02,127000,8,2025-02-01,2025,2,1,0.8660254037844386,0.5000000000000001,1,0,0,148000.0,115000.0,115000.0,144666.66666666666,162500.0,156500.0,28148.416178060976,0.9244,1,0
ST0002,A0001,2025-03,136000,7,2025-03-01,2025,3,1,1.0,6.123233995736766e-17,1,0,1,127000.0,171000.0,163000.0,148666.66666666666,160000.0,157500.0,22007.57445365856,0.9439,1,0
ST0002,A0001,2025-04,179000,12,2025-04-01,2025,4,2,0.8660254037844387,-0.4999999999999998,0,0,1,136000.0,148000.0,155000.0,137000.0,150666.66666666666,155250.0,10535.65375285233,0.8824,1,0
ST0002,A0001,2025-05,177000,13,2025-05-01,2025,5,2,0.4999999999999999,-0.8660254037844387,0,0,2,179000.0,127000.0,183000.0,147333.33333333334,146000.0,157250.0,27790.88579612612,0.9369,1,0
ST0002,A0001,2025-06,135000,7,2025-06-01,2025,6,2,1.2246467991473532e-16,-1.0,0,0,2,177000.0,136000.0,106000.0,164000.0,156333.33333333334,156750.0,24269.32219902301,1.0462,1,0
ST0002,A0001,2025-07,143000,8,2025-07-01,2025,7,3,-0.4999999999999997,-0.8660254037844388,0,0,2,135000.0,179000.0,181000.0,163666.66666666666,150333.33333333334,159166.66666666666,24846.19353811211,1.0283,1,0
ST0002,A0001,2025-08,174000,11,2025-08-01,2025,8,3,-0.8660254037844385,-0.5000000000000004,0,0,3,143000.0,177000.0,142000.0,151666.66666666666,149500.0,156000.0,22300.971578236764,0.9722,1,0
ST0002,A0001,2025-09,142000,9,2025-09-01,2025,9,3,-1.0,-1.8369701987210294e-16,0,0,3,174000.0,135000.0,192000.0,150666.66666666666,157333.33333333334,158666.66666666666,20599.35274064027,0.9496,1,0
ST0002,A0001,2025-10,199000,15,2025-10-01,2025,10,4,-0.8660254037844386,0.5000000000000001,0,1,3,142000.0,143000.0,207000.0,153000.0,158333.33333333334,154500.0,18193.40539866,0.9903,1,0
ST0002,A0001,2025-11,131000,10,2025-11-01,2025,11,4,-0.5000000000000004,0.8660254037844384,0,1,3,199000.0,174000.0,115000.0,171666.66666666666,161666.66666666666,153833.33333333334,28571.547618799443,1.1159,1,0
ST0002,A0001,2025-12,212000,14,2025-12-01,2025,12,4,-2.4492935982947064e-16,1.0,0,1,0,131000.0,142000.0,171000.0,157333.33333333334,154000.0,155166.66666666666,36501.141534660586,1.014,1,0
ST0002,A0002,2021-03,220000,10,2021-03-01,2021,3,1,1.0,6.123233995736766e-17,1,0,1,195000.0,252000.0,5000.0,184000.0,195000.0,168750.0,74114.77585475112,1.0904,1,1
ST0002,A0002,2021-04,224000,9,2021-04-01,2021,4,2,0.8660254037844387,-0.4999999999999998,0,0,1,220000.0,105000.0,67000.0,173333.33333333334,197333.3333333333,186666.66666666663,60484.15770541351,0.9286,1,1
ST0002,A0002,2021-05,175000,7,2021-05-01,2021,5,2,0.4999999999999999,-0.8660254037844387,0,0,2,224000.0,195000.0,162000.0,213000.0,197666.66666666663,199750.0,15716.23364550168,1.0663,1,1
ST0002,A0002,2021-06,197000,5,2021-06-01,2021,6,2,1.2246467991473532e-16,-1.0,0,0,2,175000.0,220000.0,191000.0,206333.3333333333,195166.66666666663,200833.3333333333,27209.067116190014,1.0274,1,1
ST0002,A0002,2021-07,239000,7,2021-07-01,2021,7,3,-0.4999999999999997,-0.8660254037844388,0,0,2,197000.0,224000.0,248000.0,198666.66666666663,186000.0,201333.3333333333,24542.48017893328,0.9868,1,1
ST0002,A0002,2021-08,332000,6,2021-08-01,2021,8,3,-0.8660254037844385,-0.5000000000000004,0,0,3,239000.0,175000.0,182000.0,203666.66666666663,208333.3333333333,200583.3333333333,32516.662395352523,1.0154,1,1
ST0002,A0002,2021-09,162000,8,2021-09-01,2021,9,3,-1.0,-1.8369701987210294e-16,0,0,3,332000.0,197000.0,206000.0,256000.0,231166.66666666663,213083.3333333333,69086.9017976635,1.2014,1,1
ST0002,A0002,2021-10,170000,8,2021-10-01,2021,10,4,-0.8660254037844386,0.5000000000000001,0,1,3,162000.0,239000.0,222000.0,244333.3333333333,221500.0,209416.66666666663,85125.39769853257,1.1667,1,1
ST0002,A0002,2021-11,222000,12,2021-11-01,2021,11,4,-0.5000000000000004,0.8660254037844384,0,1,3,170000.0,332000.0,190000.0,221333.3333333333,212500.0,205083.3333333333,95923.5806949122,1.0792,1,1
ST0002,A0002,2021-12,272000,11,2021-12-01,2021,12,4,-2.4492935982947064e-16,1.0,0,1,0,222000.0,162000.0,252000.0,184666.66666666663,220333.3333333333,207750.0,32578.111260988346,0.8889,1,1
ST0002,A0002,2022-01,70000,4,2022-01-01,2022,1,1,0.4999999999999999,0.8660254037844387,1,0,0,272000.0,170000.0,105000.0,221333.3333333333,232833.3333333333,209416.66666666663,51003.26786916046,1.0569,1,1
ST0002,A0002,2022-02,182000,9,2022-02-01,2022,2,1,0.8660254037844386,0.5000000000000001,1,0,0,70000.0,222000.0,195000.0,188000.0,204666.66666666663,206500.0,105204.56263869928,0.9104,1,1
ST0002,A0002,2022-03,157000,7,2022-03-01,2022,3,1,1.0,6.123233995736766e-17,1,0,1,182000.0,272000.0,220000.0,174666.66666666666,179666.66666666666,205416.66666666663,101199.47298940513,0.8503,1,1
ST0002,A0002,2022-04,250000,3,2022-04-01,2022,4,2,0.8660254037844387,-0.4999999999999998,0,0,1,157000.0,70000.0,224000.0,136333.33333333334,178833.33333333334,200166.66666666663,58790.58881601149,0.6811,1,1
ST0002,A0002,2022-05,1078000,10,2022-05-01,2022,5,2,0.4999999999999999,-0.8660254037844387,0,0,2,250000.0,182000.0,175000.0,196333.3333333333,192166.66666666663,202333.3333333333,48128.30075260645,0.9703,1,1
ST0002,A0002,2022-06,598000,11,2022-06-01,2022,6,2,1.2246467991473532e-16,-1.0,0,0,2,1078000.0,157000.0,197000.0,495000.0,334833.3333333333,277583.3333333333,507029.5849356327,1.7832,1,1
ST0002,A0002,2022-07,349000,11,2022-07-01,2022,7,3,-0.4999999999999997,-0.8660254037844388,0,0,2,598000.0,250000.0,239000.0,642000.0,389166.6666666667,311000.0,415749.9248346294,2.0643,1,1
ST0002,A0002,2022-08,350000,13,2022-08-01,2022,8,3,-0.8660254037844385,-0.5000000000000004,0,0,3,349000.0,1078000.0,332000.0,675000.0,435666.6666666667,320166.6666666667,370549.591822741,2.1083,1,1
ST0002,A0002,2022-09,271000,10,2022-09-01,2022,9,3,-1.0,-1.8369701987210294e-16,0,0,3,350000.0,598000.0,162000.0,432333.3333333333,463666.6666666667,321666.6666666667,143472.41314389792,1.344,1,1
ST0002,A0002,2022-10,267000,8,2022-10-01,2022,10,4,-0.8660254037844386,0.5000000000000001,0,1,3,271000.0,349000.0,170000.0,323333.3333333333,482666.6666666667,330750.0,45324.75409015838,0.9776,1,1
ST0002,A0002,2022-11,241000,11,2022-11-01,2022,11,4,-0.5000000000000004,0.8660254037844384,0,1,3,267000.0,350000.0,222000.0,296000.0,485500.0,338833.3333333333,46808.11895387375,0.8736,1,1
ST0002,A0002,2022-12,278000,10,2022-12-01,2022,12,4,-2.4492935982947064e-16,1.0,0,1,0,241000.0,271000.0,272000.0,259666.66666666663,346000.0,340416.6666666667,16289.055630494004,0.7628,1,1
ST0002,A0002,2023-01,222000,7,2023-01-01,2023,1,1,0.4999999999999999,0.8660254037844387,1,0,0,278000.0,267000.0,70000.0,262000.0,292666.6666666667,340916.6666666667,18999.99999999987,0.7685,1,1
ST0002,A0002,2023-02,208000,9,2023-02-01,2023,2,1,0.8660254037844386,0.5000000000000001,1,0,0,222000.0,241000.0,182000.0,247000.0,271500.0,353583.3333333333,28478.061731796195,0.6986,1,1
ST0002,A0002,2023-03,248000,8,2023-03-01,2023,3,1,1.0,6.123233995736766e-17,1,0,1,208000.0,278000.0,157000.0,236000.0,247833.3333333333,355750.0,37040.5183549042,0.6634,1,1
ST0002,A0002,2023-04,115000,3,2023-04-01,2023,4,2,0.8660254037844387,-0.4999999999999998,0,0,1,248000.0,222000.0,250000.0,226000.0,244000.0,363333.3333333333,20297.783130184314,0.622,1,1
ST0002,A0002,2023-05,180000,7,2023-05-01,2023,5,2,0.4999999999999999,-0.8660254037844387,0,0,2,115000.0,208000.0,1078000.0,190333.3333333333,218666.66666666663,352083.3333333333,68237.33093647003,0.5406,1,1
ST0002,A0002,2023-06,125000,6,2023-06-01,2023,6,2,1.2246467991473532e-16,-1.0,0,0,2,180000.0,248000.0,598000.0,181000.0,208500.0,277250.0,66505.6388586712,0.6528,1,1
ST0002,A0002,2023-07,78000,3,2023-07-01,2023,7,3,-0.4999999999999997,-0.8660254037844388,0,0,2,125000.0,115000.0,349000.0,140000.0,183000.0,237833.3333333333,34999.99999999995,0.5886,1,1
ST0002,A0002,2023-08,50000,3,2023-08-01,2023,8,3,-0.8660254037844385,-0.5000000000000004,0,0,3,78000.0,180000.0,350000.0,127666.66666666669,159000.0,215250.0,51052.26080530939,0.5931,1,1
ST0002,A0002,2023-10,60000,2,2023-10-01,2023,10,4,-0.8660254037844386,0.5000000000000001,0,1,3,50000.0,125000.0,271000.0,84333.33333333333,132666.66666666666,190250.0,37898.98855290639,0.4433,1,1
ST0002,A0002,2023-11,30000,2,2023-11-01,2023,11,4,-0.5000000000000004,0.8660254037844384,0,1,3,60000.0,78000.0,267000.0,62666.66666666666,101333.33333333331,172666.66666666666,14189.197769195032,0.3629,1,1
ST0002,A0002,2023-12,45000,1,2023-12-01,2023,12,4,-2.4492935982947064e-16,1.0,0,1,0,30000.0,50000.0,241000.0,46666.66666666666,87166.66666666667,152916.66666666666,15275.25231651933,0.3052,1,1
ST0002,A0002,2024-01,60000,4,2024-01-01,2024,1,1,0.4999999999999999,0.8660254037844387,1,0,0,45000.0,60000.0,278000.0,45000.0,64666.66666666666,136583.33333333334,14999.999999999862,0.3295,1,1
ST0002,A0002,2024-02,120000,6,2024-02-01,2024,2,1,0.8660254037844386,0.5000000000000001,1,0,0,60000.0,30000.0,222000.0,45000.0,53833.333333333336,118416.66666666669,14999.999999999862,0.38,1,1
ST0002,A0002,2024-03,55000,3,2024-03-01,2024,3,1,1.0,6.123233995736766e-17,1,0,1,120000.0,45000.0,208000.0,75000.0,60833.333333333336,109916.66666666669,39686.26966596881,0.6823,1,1
ST0002,A0002,2024-04,40000,2,2024-04-01,2024,4,2,0.8660254037844387,-0.4999999999999998,0,0,1,55000.0,60000.0,248000.0,78333.33333333333,61666.66666666666,97166.66666666669,36170.89069035112,0.8062,1,1
ST0002,A0002,2024-05,63000,6,2024-05-01,2024,5,2,0.4999999999999999,-0.8660254037844387,0,0,2,40000.0,120000.0,115000.0,71666.66666666667,58333.333333333336,79833.33333333333,42524.50274057686,0.8977,1,1
ST0002,A0002,2024-06,73000,4,2024-06-01,2024,6,2,1.2246467991473532e-16,-1.0,0,0,2,63000.0,55000.0,180000.0,52666.66666666666,63833.333333333336,75500.0,11676.186592091162,0.6976,1,1
ST0002,A0002,2024-07,15000,2,2024-07-01,2024,7,3,-0.4999999999999997,-0.8660254037844388,0,0,2,73000.0,40000.0,125000.0,58666.66666666666,68500.0,66583.33333333333,16921.386861995954,0.8811,1,1
ST0002,A0002,2024-08,15000,2,2024-08-01,2024,8,3,-0.8660254037844385,-0.5000000000000004,0,0,3,15000.0,63000.0,78000.0,50333.333333333336,61000.0,57416.66666666666,31005.37587795589,0.8766,1,1
ST0002,A0002,2024-09,30000,4,2024-09-01,2024,9,3,-1.0,-1.8369701987210294e-16,0,0,3,15000.0,73000.0,50000.0,34333.333333333336,43500.0,52166.66666666666,33486.31561299823,0.6581,1,1
ST0002,A0002,2024-10,27000,3,2024-10-01,2024,10,4,-0.8660254037844386,0.5000000000000001,0,1,3,30000.0,15000.0,60000.0,20000.0,39333.333333333336,50500.0,8660.254037844115,0.396,1,1
ST0002,A0002,2024-11,73000,5,2024-11-01,2024,11,4,-0.5000000000000004,0.8660254037844384,0,1,3,27000.0,15000.0,30000.0,24000.0,37166.66666666666,47750.0,7937.253933193479,0.5026,1,1
ST0002,A0002,2024-12,34000,4,2024-12-01,2024,12,4,-2.4492935982947064e-16,1.0,0,1,0,73000.0,30000.0,45000.0,43333.333333333336,38833.333333333336,51333.333333333336,25735.83752927673,0.8441,1,1
ST0002,A0002,2025-02,10000,2,2025-02-01,2025,2,1,0.8660254037844386,0.5000000000000001,1,0,0,34000.0,27000.0,60000.0,44666.66666666666,32333.33333333333,50416.66666666666,24785.748593361648,0.8859,1,1
ST0002,A0002,2025-03,35000,2,2025-03-01,2025,3,1,1.0,6.123233995736766e-17,1,0,1,10000.0,73000.0,120000.0,39000.0,31500.0,46250.0,31796.22619116922,0.8432,1,1
ST0002,A0002,2025-04,20000,2,2025-04-01,2025,4,2,0.8660254037844387,-0.4999999999999998,0,0,1,35000.0,34000.0,55000.0,26333.33333333333,34833.333333333336,39166.66666666666,14153.915830374604,0.6723,1,1
ST0002,A0002,2025-05,10000,1,2025-05-01,2025,5,2,0.4999999999999999,-0.8660254037844387,0,0,2,20000.0,10000.0,40000.0,21666.666666666668,33166.666666666664,36250.0,12583.057392117737,0.5977,1,1
ST0002,A0002,2025-06,10000,2,2025-06-01,2025,6,2,1.2246467991473532e-16,-1.0,0,0,2,10000.0,35000.0,63000.0,21666.666666666668,30333.33333333333,33750.0,12583.057392117737,0.642,1,1
ST0002,A0002,2025-07,27000,2,2025-07-01,2025,7,3,-0.4999999999999997,-0.8660254037844388,0,0,2,10000.0,20000.0,73000.0,13333.333333333334,19833.33333333333,29333.33333333333,5773.5026918958665,0.4545,1,1
ST0002,A0002,2025-09,31000,5,2025-09-01,2025,9,3,-1.0,-1.8369701987210294e-16,0,0,3,27000.0,10000.0,15000.0,15666.666666666666,18666.666666666668,25500.0,9814.954576223408,0.6144,1,1
ST0002,A0002,2025-10,11000,2,2025-10-01,2025,10,4,-0.8660254037844386,0.5000000000000001,0,1,3,31000.0,10000.0,15000.0,22666.666666666668,22166.666666666668,26833.33333333333,11150.485789118284,0.8447,1,1
ST0002,A0002,2025-11,55000,8,2025-11-01,2025,11,4,-0.5000000000000004,0.8660254037844384,0,1,3,11000.0,27000.0,30000.0,23000.0,18166.666666666668,26500.0,10583.005244258147,0.8679,1,1
ST0002,A0002,2025-12,20000,2,2025-12-01,2025,12,4,-2.4492935982947064e-16,1.0,0,1,0,55000.0,31000.0,27000.0,32333.33333333333,24000.0,28583.33333333333,22030.282189144305,1.1312,1,1
ST0006,A0001,2021-01,29000,7,2021-01-01,2021,1,1,0.4999999999999999,0.8660254037844387,1,0,0,35000.0,38000.0,27000.0,36666.66666666666,36166.66666666666,33000.0,1527.5252316519438,1.1111,5,0
ST0006,A0001,2021-02,28000,8,2021-02-01,2021,2,1,0.8660254037844386,0.5000000000000001,1,0,0,29000.0,37000.0,32000.0,33666.666666666664,34500.0,33166.666666666664,4163.331998932263,1.015,5,0
ST0006,A0001,2021-03,30000,10,2021-03-01,2021,3,1,1.0,6.123233995736766e-17,1,0,1,28000.0,35000.0,32000.0,30666.666666666668,34000.0,32833.333333333336,3785.938897200177,0.934,5,0
ST0006,A0001,2021-04,26000,6,2021-04-01,2021,4,2,0.8660254037844387,-0.4999999999999998,0,0,1,30000.0,29000.0,30000.0,29000.0,32833.333333333336,32666.666666666668,999.9999999999734,0.8877,5,0
ST0006,A0001,2021-05,19000,8,2021-05-01,2021,5,2,0.4999999999999999,-0.8660254037844387,0,0,2,26000.0,28000.0,28000.0,28000.0,30833.33333333333,32333.33333333333,1999.999999999984,0.866,5,0
ST0006,A0001,2021-06,26000,7,2021-06-01,2021,6,2,1.2246467991473532e-16,-1.0,0,0,2,19000.0,30000.0,30000.0,25000.0,27833.33333333333,31583.33333333333,5567.764362830013,0.7915,5,0
ST0006,A0001,2021-07,27000,10,2021-07-01,2021,7,3,-0.4999999999999997,-0.8660254037844388,0,0,2,26000.0,26000.0,39000.0,23666.666666666668,26333.33333333333,31250.0,4041.451884327366,0.7573,5,0
ST0006,A0001,2021-08,27000,9,2021-08-01,2021,8,3,-0.8660254037844385,-0.5000000000000004,0,0,3,27000.0,19000.0,31000.0,24000.0,26000.0,30250.0,4358.89894354066,0.7934,5,0
ST0006,A0001,2021-09,29000,10,2021-09-01,2021,9,3,-1.0,-1.8369701987210294e-16,0,0,3,27000.0,26000.0,37000.0,26666.666666666668,25833.33333333333,29916.666666666668,577.350269189554,0.8913,5,0
ST0006,A0001,2021-10,20000,6,2021-10-01,2021,10,4,-0.8660254037844386,0.5000000000000001,0,1,3,29000.0,27000.0,38000.0,27666.666666666668,25666.666666666668,29250.0,1154.7005383792227,0.9458,5,0
ST0006,A0001,2021-11,33000,9,2021-11-01,2021,11,4,-0.5000000000000004,0.8660254037844384,0,1,3,20000.0,27000.0,37000.0,25333.33333333333,24666.666666666668,27750.0,4725.815626252598,0.9129,5,0
ST0006,A0001,2021-12,25000,7,2021-12-01,2021,12,4,-2.4492935982947064e-16,1.0,0,1,0,33000.0,29000.0,35000.0,27333.33333333333,27000.0,27416.666666666668,6658.328118479388,0.9969,5,0
ST0006,A0001,2022-01,19000,7,2022-01-01,2022,1,1,0.4999999999999999,0.8660254037844387,1,0,0,25000.0,20000.0,29000.0,26000.0,26833.33333333333,26583.33333333333,6557.438524301994,0.978,5,0
ST0006,A0001,2022-02,24000,7,2022-02-01,2022,2,1,0.8660254037844386,0.5000000000000001,1,0,0,19000.0,33000.0,28000.0,25666.666666666668,25500.0,25750.0,7023.769168568485,0.9967,5,0
ST0006,A0001,2022-03,22000,7,2022-03-01,2022,3,1,1.0,6.123233995736766e-17,1,0,1,24000.0,25000.0,30000.0,22666.666666666668,25000.0,25416.666666666668,3214.550253664293,0.8918,5,0
ST0006,A0001,2022-04,20000,8,2022-04-01,2022,4,2,0.8660254037844387,-0.4999999999999998,0,0,1,22000.0,19000.0,26000.0,21666.666666666668,23833.33333333333,24750.0,2516.611478423548,0.8754,5,0
ST0006,A0001,2022-05,14000,5,2022-05-01,2022,5,2,0.4999999999999999,-0.8660254037844387,0,0,2,20000.0,24000.0,19000.0,22000.0,23833.33333333333,24250.0,1999.9999999999577,0.9072,5,0
ST0006,A0001,2022-06,25000,7,2022-06-01,2022,6,2,1.2246467991473532e-16,-1.0,0,0,2,14000.0,22000.0,26000.0,18666.666666666668,20666.666666666668,23833.33333333333,4163.331998932239,0.7832,5,0
ST0006,A0001,2022-07,26000,7,2022-07-01,2022,7,3,-0.4999999999999997,-0.8660254037844388,0,0,2,25000.0,20000.0,27000.0,19666.666666666668,20666.666666666668,23750.0,5507.570547286084,0.828,5,0
ST0006,A0001,2022-08,35000,8,2022-08-01,2022,8,3,-0.8660254037844385,-0.5000000000000004,0,0,3,26000.0,14000.0,27000.0,21666.666666666668,21833.33333333333,23666.666666666668,6658.3281184793805,0.9155,5,0
ST0006,A0001,2022-09,25000,6,2022-09-01,2022,9,3,-1.0,-1.8369701987210294e-16,0,0,3,35000.0,25000.0,29000.0,28666.666666666668,23666.666666666668,24333.33333333333,5507.570547286097,1.178,5,0
ST0006,A0001,2022-10,20000,4,2022-10-01,2022,10,4,-0.8660254037844386,0.5000000000000001,0,1,3,25000.0,26000.0,20000.0,28666.666666666668,24166.666666666668,24000.0,5507.570547286097,1.1944,5,0
ST0006,A0001,2022-11,20000,4,2022-11-01,2022,11,4,-0.5000000000000004,0.8660254037844384,0,1,3,20000.0,35000.0,33000.0,26666.666666666668,24166.666666666668,24000.0,7637.626158259728,1.1111,5,0
ST0006,A0001,2022-12,21000,5,2022-12-01,2022,12,4,-2.4492935982947064e-16,1.0,0,1,0,20000.0,25000.0,25000.0,21666.666666666668,25166.666666666668,22916.666666666668,2886.7513459481006,0.9454,5,0
ST0006,A0001,2023-01,25000,5,2023-01-01,2023,1,1,0.4999999999999999,0.8660254037844387,1,0,0,21000.0,20000.0,19000.0,20333.33333333333,24500.0,22583.33333333333,577.3502691894654,0.9003,5,0
ST0006,A0001,2023-02,20000,5,2023-02-01,2023,2,1,0.8660254037844386,0.5000000000000001,1,0,0,25000.0,20000.0,24000.0,22000.0,24333.33333333333,23083.33333333333,2645.75131106456,0.953,5,0
ST0006,A0001,2023-03,21000,5,2023-03-01,2023,3,1,1.0,6.123233995736766e-17,1,0,1,20000.0,21000.0,22000.0,22000.0,21833.33333333333,22750.0,2645.75131106456,0.967,5,0
ST0006,A0001,2023-04,21000,5,2023-04-01,2023,4,2,0.8660254037844387,-0.4999999999999998,0,0,1,21000.0,25000.0,20000.0,22000.0,21166.666666666668,22666.666666666668,2645.75131106456,0.9705,5,0
ST0006,A0001,2023-05,19000,3,2023-05-01,2023,5,2,0.4999999999999999,-0.8660254037844387,0,0,2,21000.0,20000.0,14000.0,20666.666666666668,21333.33333333333,22750.0,577.35026918947,0.9084,5,0
ST0006,A0001,2023-06,31000,6,2023-06-01,2023,6,2,1.2246467991473532e-16,-1.0,0,0,2,19000.0,21000.0,25000.0,20333.33333333333,21166.666666666668,23166.666666666668,1154.7005383791718,0.8777,5,0
ST0006,A0001,2023-07,26000,4,2023-07-01,2023,7,3,-0.4999999999999997,-0.8660254037844388,0,0,2,31000.0,21000.0,26000.0,23666.666666666668,22833.33333333333,23666.666666666668,6429.100507328627,1.0,5,0
ST0006,A0001,2023-08,36000,6,2023-08-01,2023,8,3,-0.8660254037844385,-0.5000000000000004,0,0,3,26000.0,19000.0,35000.0,25333.33333333333,23000.0,23666.666666666668,6027.713773341699,1.0704,5,0
ST0006,A0001,2023-09,23000,4,2023-09-01,2023,9,3,-1.0,-1.8369701987210294e-16,0,0,3,36000.0,31000.0,25000.0,31000.0,25666.666666666668,23750.0,4999.999999999998,1.3052,5,0
ST0006,A0001,2023-10,23000,6,2023-10-01,2023,10,4,-0.8660254037844386,0.5000000000000001,0,1,3,23000.0,26000.0,20000.0,28333.33333333333,26000.0,23583.33333333333,6806.859285554041,1.2014,5,0
ST0006,A0001,2023-11,27000,6,2023-11-01,2023,11,4,-0.5000000000000004,0.8660254037844384,0,1,3,23000.0,36000.0,20000.0,27333.33333333333,26333.33333333333,23833.33333333333,7505.55349946513,1.1468,5,0
ST0006,A0001,2023-12,20000,4,2023-12-01,2023,12,4,-2.4492935982947064e-16,1.0,0,1,0,27000.0,23000.0,21000.0,24333.33333333333,27666.666666666668,24416.666666666668,2309.4010767584764,0.9965,5,0
ST0006,A0001,2024-01,13000,3,2024-01-01,2024,1,1,0.4999999999999999,0.8660254037844387,1,0,0,20000.0,23000.0,25000.0,23333.33333333333,25833.33333333333,24333.33333333333,3511.8845842842265,0.9589,5,0
ST0006,A0001,2024-02,16000,4,2024-02-01,2024,2,1,0.8660254037844386,0.5000000000000001,1,0,0,13000.0,27000.0,20000.0,20000.0,23666.666666666668,23333.33333333333,6999.999999999987,0.8571,5,0
ST0006,A0001,2024-03,12000,3,2024-03-01,2024,3,1,1.0,6.123233995736766e-17,1,0,1,16000.0,20000.0,21000.0,16333.333333333334,20333.33333333333,23000.0,3511.884584284214,0.7101,5,0
ST0006,A0001,2024-04,12000,3,2024-04-01,2024,4,2,0.8660254037844387,-0.4999999999999998,0,0,1,12000.0,13000.0,21000.0,13666.666666666666,18500.0,22250.0,2081.665999466069,0.6142,5,0
ST0006,A0002,2021-01,2000,1,2021-01-01,2021,1,1,0.4999999999999999,0.8660254037844387,1,0,0,4000.0,6000.0,4000.0,4666.666666666667,5000.0,6333.333333333333,1154.7005383792537,0.7367,5,1
ST0006,A0002,2021-02,2000,1,2021-02-01,2021,2,1,0.8660254037844386,0.5000000000000001,1,0,0,2000.0,4000.0,12000.0,3333.333333333333,4333.333333333333,6166.666666666667,1154.700538379254,0.5405,5,1
ST0006,A0002,2021-03,4000,2,2021-03-01,2021,3,1,1.0,6.123233995736766e-17,1,0,1,2000.0,4000.0,8000.0,2666.6666666666665,4000.0,5333.333333333333,1154.700538379254,0.4999,5,1
ST0006,A0002,2021-04,4000,2,2021-04-01,2021,4,2,0.8660254037844387,-0.4999999999999998,0,0,1,4000.0,2000.0,8000.0,2666.6666666666665,3666.6666666666665,5000.0,1154.700538379254,0.5332,5,1
ST0006,A0002,2021-05,2000,1,2021-05-01,2021,5,2,0.4999999999999999,-0.8660254037844387,0,0,2,4000.0,2000.0,6000.0,3333.333333333333,3333.333333333333,4666.666666666667,1154.700538379254,0.7141,5,1
ST0006,A0002,2021-06,4000,2,2021-06-01,2021,6,2,1.2246467991473532e-16,-1.0,0,0,2,2000.0,4000.0,8000.0,3333.333333333333,3000.0,4333.333333333333,1154.700538379254,0.7691,5,1
ST0006,A0002,2021-07,4000,2,2021-07-01,2021,7,3,-0.4999999999999997,-0.8660254037844388,0,0,2,4000.0,4000.0,6000.0,3333.333333333333,3000.0,4000.0,1154.700538379254,0.8331,5,1
ST0006,A0002,2021-08,2000,1,2021-08-01,2021,8,3,-0.8660254037844385,-0.5000000000000004,0,0,3,4000.0,2000.0,4000.0,3333.333333333333,3333.333333333333,3833.3333333333335,1154.700538379254,0.8693,5,1
ST0006,A0002,2021-09,4000,2,2021-09-01,2021,9,3,-1.0,-1.8369701987210294e-16,0,0,3,2000.0,4000.0,6000.0,3333.333333333333,3333.333333333333,3666.6666666666665,1154.700538379254,0.9088,5,1
ST0006,A0002,2021-10,4000,2,2021-10-01,2021,10,4,-0.8660254037844386,0.5000000000000001,0,1,3,4000.0,4000.0,6000.0,3333.333333333333,3333.333333333333,3500.0,1154.700538379254,0.9521,5,1
ST0006,A0002,2021-11,6000,3,2021-11-01,2021,11,4,-0.5000000000000004,0.8660254037844384,0,1,3,4000.0,2000.0,4000.0,3333.333333333333,3333.333333333333,3333.333333333333,1154.700538379254,0.9997,5,1
ST0006,A0002,2022-01,2000,1,2022-01-01,2022,1,1,0.4999999999999999,0.8660254037844387,1,0,0,6000.0,4000.0,4000.0,4666.666666666667,4000.0,3500.0,1154.700538379254,1.333,5,1
ST0006,A0002,2022-02,2000,1,2022-02-01,2022,2,1,0.8660254037844386,0.5000000000000001,1,0,0,2000.0,4000.0,2000.0,4000.0,3666.6666666666665,3333.333333333333,2000.0000000000011,1.1996,5,1
ST0006,A0002,2022-06,8000,2,2022-06-01,2022,6,2,1.2246467991473532e-16,-1.0,0,0,2,2000.0,6000.0,2000.0,3333.333333333333,3333.333333333333,3333.333333333333,2309.401076758504,0.9997,5,1
ST0006,A0002,2022-07,5000,1,2022-07-01,2022,7,3,-0.4999999999999997,-0.8660254037844388,0,0,2,8000.0,2000.0,4000.0,4000.0,4333.333333333333,3833.3333333333335,3464.1016151377557,1.0432,5,1
ST0006,A0002,2022-08,9000,3,2022-08-01,2022,8,3,-0.8660254037844385,-0.5000000000000004,0,0,3,5000.0,2000.0,4000.0,5000.0,4500.0,3916.6666666666665,3000.000000000001,1.2763,5,1
ST0006,A0002,2022-09,10000,2,2022-09-01,2022,9,3,-1.0,-1.8369701987210294e-16,0,0,3,9000.0,8000.0,2000.0,7333.333333333333,5333.333333333333,4333.333333333333,2081.665999466134,1.6919,5,1
ST0006,A0002,2022-10,15000,3,2022-10-01,2022,10,4,-0.8660254037844386,0.5000000000000001,0,1,3,10000.0,5000.0,4000.0,8000.0,6000.0,5000.0,2645.751311064592,1.5997,5,1
ST0006,A0002,2022-11,15000,3,2022-11-01,2022,11,4,-0.5000000000000004,0.8660254037844384,0,1,3,15000.0,9000.0,4000.0,11333.333333333334,8166.666666666667,5916.666666666667,3214.550253664319,1.9152,5,1
ST0006,A0002,2022-12,10000,3,2022-12-01,2022,12,4,-2.4492935982947064e-16,1.0,0,1,0,15000.0,10000.0,2000.0,13333.333333333334,10333.333333333334,6833.333333333333,2886.7513459481293,1.9509,5,1
ST0006,A0002,2023-01,10000,2,2023-01-01,2023,1,1,0.4999999999999999,0.8660254037844387,1,0,0,10000.0,15000.0,4000.0,13333.333333333334,10666.666666666666,7500.0,2886.7513459481293,1.7775,5,1
ST0006,A0002,2023-02,15000,3,2023-02-01,2023,2,1,0.8660254037844386,0.5000000000000001,1,0,0,10000.0,15000.0,4000.0,11666.666666666666,11500.0,8000.0,2886.7513459481293,1.4582,5,1
ST0006,A0002,2023-03,15000,4,2023-03-01,2023,3,1,1.0,6.123233995736766e-17,1,0,1,15000.0,10000.0,6000.0,11666.666666666666,12500.0,8916.666666666666,2886.7513459481293,1.3083,5,1
ST0006,A0002,2023-04,15000,3,2023-04-01,2023,4,2,0.8660254037844387,-0.4999999999999998,0,0,1,15000.0,10000.0,2000.0,13333.333333333334,13333.333333333334,9666.666666666666,2886.7513459481293,1.3792,5,1
ST0006,A0002,2023-05,12000,2,2023-05-01,2023,5,2,0.4999999999999999,-0.8660254037844387,0,0,2,15000.0,15000.0,2000.0,15000.0,13333.333333333334,10750.0,0.0,1.3952,5,1
ST0006,A0002,2023-06,6000,1,2023-06-01,2023,6,2,1.2246467991473532e-16,-1.0,0,0,2,12000.0,15000.0,8000.0,14000.0,12833.333333333334,11583.333333333334,1732.0508075688776,1.2085,5,1
ST0006,A0002,2023-07,10000,2,2023-07-01,2023,7,3,-0.4999999999999997,-0.8660254037844388,0,0,2,6000.0,15000.0,5000.0,11000.0,12166.666666666666,11416.666666666666,4582.57569495584,0.9634,5,1
ST0006,A0002,2023-08,5000,1,2023-08-01,2023,8,3,-0.8660254037844385,-0.5000000000000004,0,0,3,10000.0,12000.0,9000.0,9333.333333333334,12166.666666666666,11833.333333333334,3055.050463303893,0.7887,5,1
ST0006,A0002,2023-09,4000,1,2023-09-01,2023,9,3,-1.0,-1.8369701987210294e-16,0,0,3,5000.0,6000.0,10000.0,7000.0,10500.0,11500.0,2645.7513110645914,0.6086,5,1
ST0006,A0002,2023-10,8000,2,2023-10-01,2023,10,4,-0.8660254037844386,0.5000000000000001,0,1,3,4000.0,10000.0,15000.0,6333.333333333333,8666.666666666666,11000.0,3214.55025366432,0.5757,5,1
ST0006,A0002,2023-11,4000,1,2023-11-01,2023,11,4,-0.5000000000000004,0.8660254037844384,0,1,3,8000.0,5000.0,15000.0,5666.666666666667,7500.0,10416.666666666666,2081.665999466135,0.5439,5,1
ST0006,A0002,2024-01,4000,1,2024-01-01,2024,1,1,0.4999999999999999,0.8660254037844387,1,0,0,4000.0,4000.0,10000.0,5333.333333333333,6166.666666666667,9500.0,2309.401076758505,0.5613,5,1
ST0007,A0001,2021-05,8000,2,2021-05-01,2021,5,2,0.4999999999999999,-0.8660254037844387,0,0,2,10000.0,8000.0,9000.0,9000.0,9666.666666666666,9916.666666666666,999.999999999998,0.9075,6,0
ST0007,A0001,2021-06,7000,2,2021-06-01,2021,6,2,1.2246467991473532e-16,-1.0,0,0,2,8000.0,9000.0,10000.0,9000.0,9166.666666666666,9833.333333333334,999.999999999998,0.9152,6,0
ST0007,A0001,2021-07,10000,2,2021-07-01,2021,7,3,-0.4999999999999997,-0.8660254037844388,0,0,2,7000.0,10000.0,11000.0,8333.333333333334,9000.0,9583.333333333334,1527.5252316519454,0.8695,6,0
ST0007,A0001,2021-08,10000,2,2021-08-01,2021,8,3,-0.8660254037844385,-0.5000000000000004,0,0,3,10000.0,8000.0,8000.0,8333.333333333334,8666.666666666666,9500.0,1527.5252316519454,0.8771,6,0
ST0007,A0001,2021-09,5000,1,2021-09-01,2021,9,3,-1.0,-1.8369701987210294e-16,0,0,3,10000.0,7000.0,12000.0,9000.0,9000.0,9666.666666666666,1732.0508075688765,0.9309,6,0
ST0007,A0001,2021-10,15000,2,2021-10-01,2021,10,4,-0.8660254037844386,0.5000000000000001,0,1,3,5000.0,10000.0,11000.0,8333.333333333334,8333.333333333334,9083.333333333334,2886.7513459481283,0.9173,6,0
ST0007,A0001,2021-11,10000,2,2021-11-01,2021,11,4,-0.5000000000000004,0.8660254037844384,0,1,3,15000.0,10000.0,11000.0,10000.0,9166.666666666666,9416.666666666666,5000.0,1.0618,6,0
ST0007,A0001,2021-12,5000,1,2021-12-01,2021,12,4,-2.4492935982947064e-16,1.0,0,1,0,10000.0,5000.0,8000.0,10000.0,9500.0,9333.333333333334,5000.0,1.0713,6,0
ST0007,A0001,2022-01,10000,1,2022-01-01,2022,1,1,0.4999999999999999,0.8660254037844387,1,0,0,5000.0,15000.0,12000.0,10000.0,9166.666666666666,9083.333333333334,5000.0,1.1008,6,0
ST0007,A0001,2022-03,10000,1,2022-03-01,2022,3,1,1.0,6.123233995736766e-17,1,0,1,10000.0,10000.0,8000.0,8333.333333333334,9166.666666666666,8916.666666666666,2886.751345948128,0.9345,6,0
ST0007,A0001,2022-05,4000,1,2022-05-01,2022,5,2,0.4999999999999999,-0.8660254037844387,0,0,2,10000.0,5000.0,9000.0,8333.333333333334,9166.666666666666,9083.333333333334,2886.751345948128,0.9173,6,0
ST0007,A0001,2022-07,15000,1,2022-07-01,2022,7,3,-0.4999999999999997,-0.8660254037844388,0,0,2,4000.0,10000.0,10000.0,8000.0,9000.0,8666.666666666666,3464.101615137753,0.923,6,0
ST0007,A0001,2022-08,10000,1,2022-08-01,2022,8,3,-0.8660254037844385,-0.5000000000000004,0,0,3,15000.0,10000.0,8000.0,9666.666666666666,9000.0,9083.333333333334,5507.570547286102,1.0641,6,0
ST0007,A0001,2022-09,10000,1,2022-09-01,2022,9,3,-1.0,-1.8369701987210294e-16,0,0,3,10000.0,4000.0,7000.0,9666.666666666666,9000.0,9250.0,5507.570547286102,1.0449,6,0
ST0007,A0001,2022-10,10000,1,2022-10-01,2022,10,4,-0.8660254037844386,0.5000000000000001,0,1,3,10000.0,15000.0,10000.0,11666.666666666666,9833.333333333334,9500.0,2886.751345948128,1.2279,6,0
ST0007,A0001,2022-11,15000,1,2022-11-01,2022,11,4,-0.5000000000000004,0.8660254037844384,0,1,3,10000.0,10000.0,10000.0,10000.0,9833.333333333334,9500.0,0.0,1.0525,6,0
ST0007,A0001,2023-01,15000,1,2023-01-01,2023,1,1,0.4999999999999999,0.8660254037844387,1,0,0,15000.0,10000.0,5000.0,11666.666666666666,10666.666666666666,9916.666666666666,2886.751345948128,1.1764,6,0
ST0007,A0001,2023-03,10000,1,2023-03-01,2023,3,1,1.0,6.123233995736766e-17,1,0,1,15000.0,10000.0,15000.0,13333.333333333334,12500.0,10750.0,2886.751345948128,1.2402,6,0
ST0007,A0001,2023-04,10000,1,2023-04-01,2023,4,2,0.8660254037844387,-0.4999999999999998,0,0,1,10000.0,15000.0,10000.0,13333.333333333334,11666.666666666666,10333.333333333334,2886.751345948128,1.2902,6,0
ST0007,A0001,2023-05,20000,2,2023-05-01,2023,5,2,0.4999999999999999,-0.8660254037844387,0,0,2,10000.0,15000.0,5000.0,11666.666666666666,11666.666666666666,10333.333333333334,2886.751345948128,1.1289,6,0
ST0007,A0001,2023-06,5000,1,2023-06-01,2023,6,2,1.2246467991473532e-16,-1.0,0,0,2,20000.0,10000.0,10000.0,13333.333333333334,13333.333333333334,11583.333333333334,5773.502691896257,1.151,6,0
ST0007,A0001,2023-07,15000,1,2023-07-01,2023,7,3,-0.4999999999999997,-0.8660254037844388,0,0,2,5000.0,10000.0,10000.0,11666.666666666666,12500.0,11166.666666666666,7637.626158259733,1.0447,6,0
ST0007,A0001,2023-08,10000,1,2023-08-01,2023,8,3,-0.8660254037844385,-0.5000000000000004,0,0,3,15000.0,20000.0,4000.0,13333.333333333334,12500.0,11583.333333333334,7637.626158259733,1.151,6,0
ST0007,A0001,2023-09,10000,1,2023-09-01,2023,9,3,-1.0,-1.8369701987210294e-16,0,0,3,10000.0,5000.0,15000.0,10000.0,11666.666666666666,12083.333333333334,4999.999999999999,0.8275,6,0
ST0007,A0001,2023-10,10000,1,2023-10-01,2023,10,4,-0.8660254037844386,0.5000000000000001,0,1,3,10000.0,15000.0,10000.0,11666.666666666666,11666.666666666666,11666.666666666666,2886.7513459481265,0.9999,6,0
ST0007,A0001,2023-11,10000,1,2023-11-01,2023,11,4,-0.5000000000000004,0.8660254037844384,0,1,3,10000.0,10000.0,10000.0,10000.0,11666.666666666666,11666.666666666666,0.0,0.8571,6,0
ST0007,A0001,2024-02,10000,1,2024-02-01,2024,2,1,0.8660254037844386,0.5000000000000001,1,0,0,10000.0,10000.0,10000.0,10000.0,10000.0,11666.666666666666,0.0,0.8571,6,0
ST0007,A0001,2024-04,10000,1,2024-04-01,2024,4,2,0.8660254037844387,-0.4999999999999998,0,0,1,10000.0,10000.0,15000.0,10000.0,10833.333333333334,11666.666666666666,0.0,0.8571,6,0
ST0007,A0001,2024-05,10000,1,2024-05-01,2024,5,2,0.4999999999999999,-0.8660254037844387,0,0,2,10000.0,10000.0,15000.0,10000.0,10000.0,11250.0,0.0,0.8888,6,0
ST0007,A0001,2024-08,10000,1,2024-08-01,2024,8,3,-0.8660254037844385,-0.5000000000000004,0,0,3,10000.0,10000.0,10000.0,10000.0,10000.0,10833.333333333334,0.0,0.923,6,0
ST0007,A0001,2024-10,5000,1,2024-10-01,2024,10,4,-0.8660254037844386,0.5000000000000001,0,1,3,10000.0,10000.0,10000.0,10000.0,10000.0,10833.333333333334,0.0,0.923,6,0
ST0007,A0001,2024-11,2000,1,2024-11-01,2024,11,4,-0.5000000000000004,0.8660254037844384,0,1,3,5000.0,10000.0,20000.0,8333.333333333334,9166.666666666666,10416.666666666666,2886.7513459481265,0.7999,6,0
ST0007,A0001,2024-12,15000,2,2024-12-01,2024,12,4,-2.4492935982947064e-16,1.0,0,1,0,2000.0,10000.0,5000.0,5666.666666666667,7833.333333333333,8916.666666666666,4041.45188432738,0.6354,6,0
ST0007,A0001,2025-02,10000,1,2025-02-01,2025,2,1,0.8660254037844386,0.5000000000000001,1,0,0,15000.0,5000.0,15000.0,7333.333333333333,8666.666666666666,9750.0,6806.859285554045,0.7521,6,0
ST0007,A0001,2025-04,10000,2,2025-04-01,2025,4,2,0.8660254037844387,-0.4999999999999998,0,0,1,10000.0,2000.0,10000.0,9000.0,8666.666666666666,9333.333333333334,6557.438524302,0.9642,6,0
ST0007,A0001,2025-05,5000,1,2025-05-01,2025,5,2,0.4999999999999999,-0.8660254037844387,0,0,2,10000.0,15000.0,10000.0,11666.666666666666,8666.666666666666,9333.333333333334,2886.751345948126,1.2499,6,0
ST0007,A0001,2025-07,5000,1,2025-07-01,2025,7,3,-0.4999999999999997,-0.8660254037844388,0,0,2,5000.0,10000.0,10000.0,8333.333333333334,7833.333333333333,8916.666666666666,2886.751345948126,0.9345,6,0
ST0007,A0001,2025-08,5000,1,2025-08-01,2025,8,3,-0.8660254037844385,-0.5000000000000004,0,0,3,5000.0,10000.0,10000.0,6666.666666666667,7833.333333333333,8500.0,2886.7513459481265,0.7842,6,0
ST0007,A0001,2025-10,5000,1,2025-10-01,2025,10,4,-0.8660254037844386,0.5000000000000001,0,1,3,5000.0,5000.0,10000.0,5000.0,8333.333333333334,8083.333333333333,0.0,0.6185,6,0
ST0007,A0001,2025-11,8000,2,2025-11-01,2025,11,4,-0.5000000000000004,0.8660254037844384,0,1,3,5000.0,5000.0,10000.0,5000.0,6666.666666666667,7666.666666666667,0.0,0.6521,6,0
ST0007,A0001,2025-12,8180,2,2025-12-01,2025,12,4,-2.4492935982947064e-16,1.0,0,1,0,8000.0,5000.0,10000.0,6000.0,6333.333333333333,7500.0,1732.050807568873,0.7999,6,0
ST0007,A0002,2021-04,25000,1,2021-04-01,2021,4,2,0.8660254037844387,-0.4999999999999998,0,0,1,90000.0,48000.0,19000.0,66000.0,56166.66666666666,49666.66666666666,21633.307652783937,1.3288,6,1
ST0007,A0002,2021-05,47000,3,2021-05-01,2021,5,2,0.4999999999999999,-0.8660254037844387,0,0,2,25000.0,60000.0,51000.0,58333.333333333336,52166.66666666666,50166.66666666666,32532.03549323856,1.1628,6,1
ST0007,A0002,2021-06,46000,2,2021-06-01,2021,6,2,1.2246467991473532e-16,-1.0,0,0,2,47000.0,90000.0,63000.0,54000.0,51833.333333333336,49833.333333333336,33060.550509633074,1.0836,6,1
ST0007,A0002,2021-07,30000,2,2021-07-01,2021,7,3,-0.4999999999999997,-0.8660254037844388,0,0,2,46000.0,25000.0,47000.0,39333.333333333336,52666.66666666666,48416.66666666666,12423.096769056125,0.8124,6,1
ST0007,A0002,2021-08,30000,2,2021-08-01,2021,8,3,-0.8660254037844385,-0.5000000000000004,0,0,3,30000.0,47000.0,31000.0,41000.0,49666.66666666666,47000.0,9539.392014169429,0.8723,6,1
ST0007,A0002,2021-09,15000,1,2021-09-01,2021,9,3,-1.0,-1.8369701987210294e-16,0,0,3,30000.0,46000.0,48000.0,35333.333333333336,44666.66666666666,46916.66666666666,9237.604307033977,0.7531,6,1
ST0007,A0002,2021-10,25000,2,2021-10-01,2021,10,4,-0.8660254037844386,0.5000000000000001,0,1,3,15000.0,30000.0,49000.0,25000.0,32166.666666666668,44166.66666666666,8660.254037844326,0.566,6,1
ST0007,A0002,2021-11,20000,2,2021-11-01,2021,11,4,-0.5000000000000004,0.8660254037844384,0,1,3,25000.0,30000.0,49000.0,23333.33333333333,32166.666666666668,42166.66666666666,7637.626158259662,0.5533,6,1
ST0007,A0002,2021-12,14000,1,2021-12-01,2021,12,4,-2.4492935982947064e-16,1.0,0,1,0,20000.0,15000.0,41000.0,20000.0,27666.666666666668,39750.0,4999.999999999882,0.5031,6,1
ST0007,A0002,2022-01,15000,2,2022-01-01,2022,1,1,0.4999999999999999,0.8660254037844387,1,0,0,14000.0,25000.0,48000.0,19666.666666666668,22333.33333333333,37500.0,5507.570547285994,0.5244,6,1
ST0007,A0002,2022-02,20000,1,2022-02-01,2022,2,1,0.8660254037844386,0.5000000000000001,1,0,0,15000.0,20000.0,60000.0,16333.333333333334,19833.33333333333,34750.0,3214.5502536641184,0.47,6,1
ST0007,A0002,2022-03,25000,1,2022-03-01,2022,3,1,1.0,6.123233995736766e-17,1,0,1,20000.0,14000.0,90000.0,16333.333333333334,18166.666666666668,31416.666666666668,3214.5502536641184,0.5199,6,1
ST0007,A0002,2022-04,60000,2,2022-04-01,2022,4,2,0.8660254037844387,-0.4999999999999998,0,0,1,25000.0,15000.0,25000.0,20000.0,19833.33333333333,26000.0,4999.999999999883,0.7692,6,1
ST0007,A0002,2022-05,72000,3,2022-05-01,2022,5,2,0.4999999999999999,-0.8660254037844387,0,0,2,60000.0,20000.0,47000.0,35000.0,25666.666666666668,28916.666666666668,21794.49471770335,1.2103,6,1
ST0007,A0002,2022-06,102000,4,2022-06-01,2022,6,2,1.2246467991473532e-16,-1.0,0,0,2,72000.0,25000.0,46000.0,52333.333333333336,34333.333333333336,31000.0,24419.93720985648,1.6881,6,1
ST0007,A0002,2022-07,83000,4,2022-07-01,2022,7,3,-0.4999999999999997,-0.8660254037844388,0,0,2,102000.0,60000.0,30000.0,78000.0,49000.0,35666.666666666664,21633.307652783948,2.1869,6,1
ST0007,A0002,2022-08,59000,4,2022-08-01,2022,8,3,-0.8660254037844385,-0.5000000000000004,0,0,3,83000.0,72000.0,30000.0,85666.66666666667,60333.333333333336,40083.333333333336,15176.73658377631,2.1372,6,1
ST0007,A0002,2022-09,43000,2,2022-09-01,2022,9,3,-1.0,-1.8369701987210294e-16,0,0,3,59000.0,102000.0,15000.0,81333.33333333333,66833.33333333333,42500.0,21548.395145192,1.9137,6,1
ST0007,A0002,2022-10,50000,2,2022-10-01,2022,10,4,-0.8660254037844386,0.5000000000000001,0,1,3,43000.0,83000.0,25000.0,61666.66666666666,69833.33333333333,44833.333333333336,20132.891827388656,1.3754,6,1
ST0007,A0002,2022-11,55000,2,2022-11-01,2022,11,4,-0.5000000000000004,0.8660254037844384,0,1,3,50000.0,59000.0,20000.0,50666.66666666666,68166.66666666667,46916.66666666666,8020.806277010579,1.0799,6,1
ST0007,A0002,2022-12,38000,1,2022-12-01,2022,12,4,-2.4492935982947064e-16,1.0,0,1,0,55000.0,43000.0,14000.0,49333.333333333336,65333.333333333336,49833.333333333336,6027.7137733416175,0.9899,6,1
ST0007,A0002,2023-01,41000,2,2023-01-01,2023,1,1,0.4999999999999999,0.8660254037844387,1,0,0,38000.0,50000.0,15000.0,47666.66666666666,54666.66666666666,51833.333333333336,8736.894948054038,0.9196,6,1
ST0007,A0002,2023-02,40000,2,2023-02-01,2023,2,1,0.8660254037844386,0.5000000000000001,1,0,0,41000.0,55000.0,20000.0,44666.66666666666,47666.66666666666,54000.0,9073.771725877394,0.8271,6,1
ST0007,A0002,2023-03,50000,3,2023-03-01,2023,3,1,1.0,6.123233995736766e-17,1,0,1,40000.0,38000.0,25000.0,39666.66666666666,44500.0,55666.66666666666,1527.525231651423,0.7126,6,1
ST0007,A0002,2023-04,40000,2,2023-04-01,2023,4,2,0.8660254037844387,-0.4999999999999998,0,0,1,50000.0,41000.0,60000.0,43666.66666666666,45666.66666666666,57750.0,5507.570547285977,0.7561,6,1
ST0007,A0002,2023-05,30000,2,2023-05-01,2023,5,2,0.4999999999999999,-0.8660254037844387,0,0,2,40000.0,40000.0,72000.0,43333.333333333336,44000.0,56083.333333333336,5773.502691896136,0.7726,6,1
ST0007,A0002,2023-06,25000,1,2023-06-01,2023,6,2,1.2246467991473532e-16,-1.0,0,0,2,30000.0,50000.0,102000.0,40000.0,39833.333333333336,52583.333333333336,9999.999999999918,0.7607,6,1
ST0007,A0002,2023-07,51000,2,2023-07-01,2023,7,3,-0.4999999999999997,-0.8660254037844388,0,0,2,25000.0,40000.0,83000.0,31666.666666666668,37666.66666666666,46166.66666666666,7637.6261582595935,0.6859,6,1
ST0007,A0002,2023-08,18000,1,2023-08-01,2023,8,3,-0.8660254037844385,-0.5000000000000004,0,0,3,51000.0,30000.0,59000.0,35333.333333333336,39333.333333333336,43500.0,13796.134724383182,0.8122,6,1
ST0007,A0002,2023-09,20000,1,2023-09-01,2023,9,3,-1.0,-1.8369701987210294e-16,0,0,3,18000.0,25000.0,43000.0,31333.33333333333,35666.666666666664,40083.333333333336,17387.735140993238,0.7817,6,1
ST0007,A0002,2023-10,20000,1,2023-10-01,2023,10,4,-0.8660254037844386,0.5000000000000001,0,1,3,20000.0,51000.0,50000.0,29666.666666666668,30666.666666666668,38166.66666666666,18502.252115170497,0.7773,6,1
ST0007,A0002,2023-11,20000,1,2023-11-01,2023,11,4,-0.5000000000000004,0.8660254037844384,0,1,3,20000.0,18000.0,55000.0,19333.33333333333,27333.33333333333,35666.666666666664,1154.700538378021,0.542,6,1
ST0007,A0002,2023-12,25000,1,2023-12-01,2023,12,4,-2.4492935982947064e-16,1.0,0,1,0,20000.0,20000.0,38000.0,20000.0,25666.666666666668,32750.0,0.0,0.6107,6,1
ST0007,A0002,2024-01,25000,2,2024-01-01,2024,1,1,0.4999999999999999,0.8660254037844387,1,0,0,25000.0,20000.0,41000.0,21666.666666666668,25666.666666666668,31666.666666666668,2886.751345947661,0.6842,6,1
ST0007,A0002,2024-02,15000,1,2024-02-01,2024,2,1,0.8660254037844386,0.5000000000000001,1,0,0,25000.0,20000.0,40000.0,23333.33333333333,21333.33333333333,30333.33333333333,2886.7513459476777,0.7692,6,1
ST0007,A0002,2024-03,25000,1,2024-03-01,2024,3,1,1.0,6.123233995736766e-17,1,0,1,15000.0,25000.0,50000.0,21666.666666666668,20833.33333333333,28250.0,5773.502691896023,0.7669,6,1
ST0007,A0002,2024-04,15000,1,2024-04-01,2024,4,2,0.8660254037844387,-0.4999999999999998,0,0,1,25000.0,25000.0,40000.0,21666.666666666668,21666.666666666668,26166.666666666668,5773.502691896023,0.828,6,1
ST0007,A0002,2024-05,15000,1,2024-05-01,2024,5,2,0.4999999999999999,-0.8660254037844387,0,0,2,15000.0,15000.0,30000.0,18333.33333333333,20833.33333333333,24083.33333333333,5773.502691896007,0.7612,6,1
ST0007,A0002,2024-06,15000,1,2024-06-01,2024,6,2,1.2246467991473532e-16,-1.0,0,0,2,15000.0,25000.0,25000.0,18333.33333333333,20000.0,22833.33333333333,5773.502691896007,0.8029,6,1
ST0007,A0002,2024-07,15000,1,2024-07-01,2024,7,3,-0.4999999999999997,-0.8660254037844388,0,0,2,15000.0,15000.0,51000.0,15000.0,18333.33333333333,22000.0,0.0,0.6818,6,1
ST0007,A0002,2024-08,15000,1,2024-08-01,2024,8,3,-0.8660254037844385,-0.5000000000000004,0,0,3,15000.0,15000.0,18000.0,15000.0,16666.666666666668,19000.0,0.0,0.7894,6,1
ST0007,A0002,2024-10,10000,1,2024-10-01,2024,10,4,-0.8660254037844386,0.5000000000000001,0,1,3,15000.0,15000.0,20000.0,15000.0,16666.666666666668,18750.0,0.0,0.8,6,1
ST0007,A0002,2024-11,5000,1,2024-11-01,2024,11,4,-0.5000000000000004,0.8660254037844384,0,1,3,10000.0,15000.0,20000.0,13333.333333333334,14166.666666666666,17916.666666666668,2886.751345947576,0.7441,6,1
ST0007,A0002,2024-12,20000,2,2024-12-01,2024,12,4,-2.4492935982947064e-16,1.0,0,1,0,5000.0,15000.0,20000.0,10000.0,12500.0,16666.666666666668,4999.999999999661,0.6,6,1
ST0007,A0002,2025-01,13000,1,2025-01-01,2025,1,1,0.4999999999999999,0.8660254037844387,1,0,0,20000.0,10000.0,25000.0,11666.666666666666,13333.333333333334,16666.666666666668,7637.626158259518,0.7,6,1
ST0007,A0002,2025-02,20000,2,2025-02-01,2025,2,1,0.8660254037844386,0.5000000000000001,1,0,0,13000.0,5000.0,25000.0,12666.666666666666,13000.0,15666.666666666666,7505.55349946492,0.8085,6,1
ST0007,A0002,2025-04,10000,1,2025-04-01,2025,4,2,0.8660254037844387,-0.4999999999999998,0,0,1,20000.0,20000.0,15000.0,17666.666666666668,13833.333333333334,15250.0,4041.4518843270175,1.1584,6,1
ST0007,A0002,2025-05,5000,1,2025-05-01,2025,5,2,0.4999999999999999,-0.8660254037844387,0,0,2,10000.0,13000.0,25000.0,14333.333333333334,13000.0,14833.333333333334,5131.601439446579,0.9662,6,1
ST0007,A0002,2025-06,5000,1,2025-06-01,2025,6,2,1.2246467991473532e-16,-1.0,0,0,2,5000.0,20000.0,15000.0,11666.666666666666,12166.666666666666,13166.666666666666,7637.626158259518,0.886,6,1
ST0007,A0002,2025-07,5000,1,2025-07-01,2025,7,3,-0.4999999999999997,-0.8660254037844388,0,0,2,5000.0,10000.0,15000.0,6666.666666666667,12166.666666666666,12333.333333333334,2886.7513459475103,0.5405,6,1
ST0007,A0002,2025-08,10000,2,2025-08-01,2025,8,3,-0.8660254037844385,-0.5000000000000004,0,0,3,5000.0,5000.0,15000.0,5000.0,9666.666666666666,11500.0,0.0,0.4347,6,1
ST0007,A0002,2025-10,5000,1,2025-10-01,2025,10,4,-0.8660254037844386,0.5000000000000001,0,1,3,10000.0,5000.0,15000.0,6666.666666666667,9166.666666666666,11083.333333333334,2886.751345947511,0.6014,6,1
ST0007,A0002,2025-11,5000,1,2025-11-01,2025,11,4,-0.5000000000000004,0.8660254037844384,0,1,3,5000.0,5000.0,15000.0,6666.666666666667,6666.666666666667,10250.0,2886.751345947511,0.6503,6,1
ST0007,A0002,2025-12,18660,3,2025-12-01,2025,12,4,-2.4492935982947064e-16,1.0,0,1,0,5000.0,10000.0,10000.0,6666.666666666667,5833.333333333333,9416.666666666666,2886.751345947511,0.7079,6,1
ST0018,A0001,2021-05,17000,7,2021-05-01,2021,5,2,0.4999999999999999,-0.8660254037844387,0,0,2,13000.0,13000.0,20000.0,16000.0,14833.333333333334,14666.666666666666,5196.152422706631,1.0908,17,0
ST0018,A0001,2021-06,16000,6,2021-06-01,2021,6,2,1.2246467991473532e-16,-1.0,0,0,2,17000.0,22000.0,5000.0,17333.333333333332,16500.0,14416.666666666666,4509.249752822893,1.2022,17,0
ST0018,A0001,2021-07,17000,7,2021-07-01,2021,7,3,-0.4999999999999997,-0.8660254037844388,0,0,2,16000.0,13000.0,20000.0,15333.333333333334,15500.0,15333.333333333334,2081.665999466128,0.9999,17,0
ST0018,A0001,2021-08,18000,6,2021-08-01,2021,8,3,-0.8660254037844385,-0.5000000000000004,0,0,3,17000.0,17000.0,8000.0,16666.666666666668,16333.333333333334,15083.333333333334,577.350269189611,1.1049,17,0
ST0018,A0001,2021-09,11000,4,2021-09-01,2021,9,3,-1.0,-1.8369701987210294e-16,0,0,3,18000.0,16000.0,20000.0,17000.0,17166.666666666668,15916.666666666666,999.9999999999916,1.068,17,0
ST0018,A0001,2021-10,15000,5,2021-10-01,2021,10,4,-0.8660254037844386,0.5000000000000001,0,1,3,11000.0,17000.0,14000.0,15333.333333333334,15333.333333333334,15166.666666666666,3785.9388972001807,1.0109,17,0
ST0018,A0001,2021-11,20000,7,2021-11-01,2021,11,4,-0.5000000000000004,0.8660254037844384,0,1,3,15000.0,18000.0,7000.0,14666.666666666666,15666.666666666666,15250.0,3511.8845842842447,0.9617,17,0
ST0018,A0001,2021-12,18000,6,2021-12-01,2021,12,4,-2.4492935982947064e-16,1.0,0,1,0,20000.0,11000.0,22000.0,15333.333333333334,16166.666666666666,16333.333333333334,4509.249752822892,0.9387,17,0
ST0018,A0001,2022-01,15000,5,2022-01-01,2022,1,1,0.4999999999999999,0.8660254037844387,1,0,0,18000.0,15000.0,12000.0,17666.666666666668,16500.0,16000.0,2516.61147842358,1.1041,17,0
ST0018,A0001,2022-02,20000,5,2022-02-01,2022,2,1,0.8660254037844386,0.5000000000000001,1,0,0,15000.0,20000.0,13000.0,17666.666666666668,16166.666666666666,16250.0,2516.61147842358,1.0871,17,0
ST0018,A0001,2022-03,25000,6,2022-03-01,2022,3,1,1.0,6.123233995736766e-17,1,0,1,20000.0,18000.0,22000.0,17666.666666666668,16500.0,16833.333333333332,2516.61147842358,1.0494,17,0
ST0018,A0001,2022-04,21000,7,2022-04-01,2022,4,2,0.8660254037844387,-0.4999999999999998,0,0,1,25000.0,15000.0,13000.0,20000.0,18833.33333333333,17083.333333333332,4999.999999999998,1.1707,17,0
ST0018,A0001,2022-05,18000,5,2022-05-01,2022,5,2,0.4999999999999999,-0.8660254037844387,0,0,2,21000.0,20000.0,17000.0,22000.0,19833.33333333333,17750.0,2645.751311064587,1.2394,17,0
ST0018,A0001,2022-06,22000,7,2022-06-01,2022,6,2,1.2246467991473532e-16,-1.0,0,0,2,18000.0,25000.0,16000.0,21333.33333333333,19500.0,17833.333333333332,3511.8845842842434,1.1962,17,0
ST0018,A0001,2022-07,20000,3,2022-07-01,2022,7,3,-0.4999999999999997,-0.8660254037844388,0,0,2,22000.0,21000.0,17000.0,20333.33333333333,20166.666666666668,18333.33333333333,2081.6659994661272,1.109,17,0
ST0018,A0001,2022-08,24000,4,2022-08-01,2022,8,3,-0.8660254037844385,-0.5000000000000004,0,0,3,20000.0,18000.0,18000.0,20000.0,21000.0,18583.33333333333,1999.999999999994,1.0762,17,0
ST0018,A0001,2022-09,24000,5,2022-09-01,2022,9,3,-1.0,-1.8369701987210294e-16,0,0,3,24000.0,22000.0,11000.0,22000.0,21666.666666666668,19083.33333333333,1999.999999999994,1.1528,17,0
ST0018,A0001,2022-10,11000,3,2022-10-01,2022,10,4,-0.8660254037844386,0.5000000000000001,0,1,3,24000.0,20000.0,15000.0,22666.666666666668,21500.0,20166.666666666668,2309.4010767584978,1.1239,17,0
ST0018,A0001,2022-11,15000,3,2022-11-01,2022,11,4,-0.5000000000000004,0.8660254037844384,0,1,3,11000.0,24000.0,20000.0,19666.666666666668,19833.33333333333,19833.33333333333,7505.553499465133,0.9915,17,0
ST0018,A0001,2022-12,15000,4,2022-12-01,2022,12,4,-2.4492935982947064e-16,1.0,0,1,0,15000.0,24000.0,18000.0,16666.666666666668,19333.33333333333,19416.666666666668,6658.328118479392,0.8583,17,0
ST0018,A0001,2023-01,20000,5,2023-01-01,2023,1,1,0.4999999999999999,0.8660254037844387,1,0,0,15000.0,11000.0,15000.0,13666.666666666666,18166.666666666668,19166.666666666668,2309.4010767585028,0.713,17,0
ST0018,A0001,2023-02,13000,4,2023-02-01,2023,2,1,0.8660254037844386,0.5000000000000001,1,0,0,20000.0,15000.0,20000.0,16666.666666666668,18166.666666666668,19583.33333333333,2886.7513459481265,0.851,17,0
ST0018,A0001,2023-03,15000,4,2023-03-01,2023,3,1,1.0,6.123233995736766e-17,1,0,1,13000.0,15000.0,25000.0,16000.0,16333.333333333334,19000.0,3605.551275463987,0.8421,17,0
ST0018,A0001,2023-04,21000,4,2023-04-01,2023,4,2,0.8660254037844387,-0.4999999999999998,0,0,1,15000.0,20000.0,21000.0,16000.0,14833.333333333334,18166.666666666668,3605.551275463987,0.8807,17,0
ST0018,A0001,2023-05,15000,3,2023-05-01,2023,5,2,0.4999999999999999,-0.8660254037844387,0,0,2,21000.0,13000.0,18000.0,16333.333333333334,16500.0,18166.666666666668,4163.331998932264,0.899,17,0
ST0018,A0001,2023-06,35000,5,2023-06-01,2023,6,2,1.2246467991473532e-16,-1.0,0,0,2,15000.0,15000.0,22000.0,17000.0,16500.0,17916.666666666668,3464.101615137752,0.9488,17,0
ST0018,A0001,2023-07,64000,4,2023-07-01,2023,7,3,-0.4999999999999997,-0.8660254037844388,0,0,2,35000.0,21000.0,20000.0,23666.666666666668,19833.33333333333,19000.0,10263.202878893768,1.2455,17,0
ST0018,A0001,2023-08,53000,4,2023-08-01,2023,8,3,-0.8660254037844385,-0.5000000000000004,0,0,3,64000.0,15000.0,24000.0,38000.0,27166.666666666668,22666.666666666668,24637.36998950984,1.6764,17,0
ST0018,A0001,2023-09,53000,3,2023-09-01,2023,9,3,-1.0,-1.8369701987210294e-16,0,0,3,53000.0,35000.0,24000.0,50666.66666666666,33833.333333333336,25083.33333333333,14640.1275039985,2.0199,17,0
ST0018,A0001,2023-10,34000,2,2023-10-01,2023,10,4,-0.8660254037844386,0.5000000000000001,0,1,3,53000.0,64000.0,11000.0,56666.66666666666,40166.66666666666,27500.0,6350.852961085885,2.0605,17,0
ST0018,A0001,2023-11,15000,2,2023-11-01,2023,11,4,-0.5000000000000004,0.8660254037844384,0,1,3,34000.0,53000.0,15000.0,46666.66666666666,42333.333333333336,29416.666666666668,10969.655114602889,1.5863,17,0
ST0018,A0001,2023-12,34000,2,2023-12-01,2023,12,4,-2.4492935982947064e-16,1.0,0,1,0,15000.0,53000.0,15000.0,34000.0,42333.333333333336,29416.666666666668,19000.0,1.1558,17,0
ST0018,A0001,2024-02,19000,1,2024-02-01,2024,2,1,0.8660254037844386,0.5000000000000001,1,0,0,34000.0,34000.0,20000.0,27666.666666666668,42166.66666666666,31000.0,10969.655114602889,0.8924,17,0
ST0018,A0001,2024-03,15000,2,2024-03-01,2024,3,1,1.0,6.123233995736766e-17,1,0,1,19000.0,15000.0,13000.0,22666.666666666668,34666.666666666664,30916.666666666668,10016.652800877811,0.7331,17,0
ST0018,A0001,2024-04,15000,1,2024-04-01,2024,4,2,0.8660254037844387,-0.4999999999999998,0,0,1,15000.0,34000.0,15000.0,22666.666666666668,28333.33333333333,31083.33333333333,10016.652800877811,0.7292,17,0
ST0018,A0001,2024-05,15000,2,2024-05-01,2024,5,2,0.4999999999999999,-0.8660254037844387,0,0,2,15000.0,19000.0,21000.0,16333.333333333334,22000.0,31083.33333333333,2309.4010767585064,0.5255,17,0
ST0018,A0001,2024-06,30000,2,2024-06-01,2024,6,2,1.2246467991473532e-16,-1.0,0,0,2,15000.0,15000.0,15000.0,15000.0,18833.33333333333,30583.33333333333,0.0,0.4904,17,0
ST0018,A0001,2024-07,15000,1,2024-07-01,2024,7,3,-0.4999999999999997,-0.8660254037844388,0,0,2,30000.0,15000.0,35000.0,20000.0,21333.33333333333,31833.33333333333,8660.254037844388,0.6283,17,0
ST0018,A0001,2024-08,10000,1,2024-08-01,2024,8,3,-0.8660254037844385,-0.5000000000000004,0,0,3,15000.0,15000.0,64000.0,20000.0,18166.666666666668,30166.666666666668,8660.254037844388,0.663,17,0
ST0018,A0001,2024-09,30000,3,2024-09-01,2024,9,3,-1.0,-1.8369701987210294e-16,0,0,3,10000.0,30000.0,53000.0,18333.33333333333,16666.666666666668,25666.666666666668,10408.329997330664,0.7143,17,0
ST0018,A0001,2024-10,10000,1,2024-10-01,2024,10,4,-0.8660254037844386,0.5000000000000001,0,1,3,30000.0,15000.0,53000.0,18333.33333333333,19166.666666666668,23750.0,10408.329997330664,0.7719,17,0
ST0018,A0001,2024-11,20000,2,2024-11-01,2024,11,4,-0.5000000000000004,0.8660254037844384,0,1,3,10000.0,10000.0,34000.0,16666.666666666668,18333.33333333333,20166.666666666668,11547.005383792515,0.8264,17,0
ST0018,A0001,2024-12,15000,3,2024-12-01,2024,12,4,-2.4492935982947064e-16,1.0,0,1,0,20000.0,30000.0,15000.0,20000.0,19166.666666666668,19000.0,10000.0,1.0526,17,0
ST0018,A0001,2025-01,25000,5,2025-01-01,2025,1,1,0.4999999999999999,0.8660254037844387,1,0,0,15000.0,10000.0,34000.0,15000.0,16666.666666666668,19000.0,5000.000000000002,0.7894,17,0
ST0018,A0001,2025-02,10000,1,2025-02-01,2025,2,1,0.8660254037844386,0.5000000000000001,1,0,0,25000.0,20000.0,19000.0,20000.0,18333.33333333333,18250.0,5000.000000000002,1.0958,17,0
ST0018,A0001,2025-04,15000,2,2025-04-01,2025,4,2,0.8660254037844387,-0.4999999999999998,0,0,1,10000.0,15000.0,15000.0,16666.666666666668,18333.33333333333,17500.0,7637.626158259735,0.9523,17,0
ST0018,A0001,2025-05,15000,2,2025-05-01,2025,5,2,0.4999999999999999,-0.8660254037844387,0,0,2,15000.0,25000.0,15000.0,16666.666666666668,15833.333333333334,17500.0,7637.626158259735,0.9523,17,0
ST0018,A0001,2025-06,5000,1,2025-06-01,2025,6,2,1.2246467991473532e-16,-1.0,0,0,2,15000.0,10000.0,15000.0,13333.333333333334,16666.666666666668,17500.0,2886.7513459481347,0.7619,17,0
ST0018,A0001,2025-07,16000,2,2025-07-01,2025,7,3,-0.4999999999999997,-0.8660254037844388,0,0,2,5000.0,15000.0,30000.0,11666.666666666666,14166.666666666666,16666.666666666668,5773.50269189626,0.7,17,0
ST0018,A0001,2025-08,13000,2,2025-08-01,2025,8,3,-0.8660254037844385,-0.5000000000000004,0,0,3,16000.0,15000.0,15000.0,12000.0,14333.333333333334,15500.0,6082.762530298222,0.7741,17,0
ST0018,A0001,2025-09,15000,3,2025-09-01,2025,9,3,-1.0,-1.8369701987210294e-16,0,0,3,13000.0,5000.0,10000.0,11333.333333333334,12333.333333333334,15333.333333333334,5686.240703077329,0.7391,17,0
ST0018,A0001,2025-10,15000,3,2025-10-01,2025,10,4,-0.8660254037844386,0.5000000000000001,0,1,3,15000.0,16000.0,30000.0,14666.666666666666,13166.666666666666,15750.0,1527.5252316519552,0.9312,17,0
ST0018,A0001,2025-11,10000,2,2025-11-01,2025,11,4,-0.5000000000000004,0.8660254037844384,0,1,3,15000.0,13000.0,10000.0,14333.333333333334,13166.666666666666,14500.0,1154.7005383792623,0.9884,17,0
ST0018,A0001,2025-12,15000,4,2025-12-01,2025,12,4,-2.4492935982947064e-16,1.0,0,1,0,10000.0,15000.0,20000.0,13333.333333333334,12333.333333333334,14500.0,2886.7513459481333,0.9195,17,0
ST0018,A0002,2021-07,6000,2,2021-07-01,2021,7,3,-0.4999999999999997,-0.8660254037844388,0,0,2,7000.0,5000.0,12000.0,5000.0,5166.666666666667,5666.666666666667,1999.9999999999995,0.8822,17,1
ST0018,A0002,2021-08,11000,5,2021-08-01,2021,8,3,-0.8660254037844385,-0.5000000000000004,0,0,3,6000.0,3000.0,4000.0,5333.333333333333,5333.333333333333,5166.666666666667,2081.665999466132,1.0321,17,1
ST0018,A0002,2021-09,12000,4,2021-09-01,2021,9,3,-1.0,-1.8369701987210294e-16,0,0,3,11000.0,7000.0,3000.0,8000.0,6333.333333333333,5750.0,2645.75131106459,1.3911,17,1
ST0018,A0002,2021-10,4000,2,2021-10-01,2021,10,4,-0.8660254037844386,0.5000000000000001,0,1,3,12000.0,6000.0,4000.0,9666.666666666666,7333.333333333333,6500.0,3214.550253664318,1.487,17,1
ST0018,A0002,2021-11,14000,5,2021-11-01,2021,11,4,-0.5000000000000004,0.8660254037844384,0,1,3,4000.0,11000.0,4000.0,9000.0,7166.666666666667,6500.0,4358.898943540674,1.3844,17,1
ST0018,A0002,2021-12,10000,3,2021-12-01,2021,12,4,-2.4492935982947064e-16,1.0,0,1,0,14000.0,12000.0,10000.0,10000.0,9000.0,7333.333333333333,5291.502622129181,1.3635,17,1
ST0018,A0002,2022-01,11000,5,2022-01-01,2022,1,1,0.4999999999999999,0.8660254037844387,1,0,0,10000.0,4000.0,5000.0,9333.333333333334,9500.0,7333.333333333333,5033.222956847167,1.2726,17,1
ST0018,A0002,2022-02,13000,4,2022-02-01,2022,2,1,0.8660254037844386,0.5000000000000001,1,0,0,11000.0,14000.0,5000.0,11666.666666666666,10333.333333333334,7833.333333333333,2081.665999466132,1.4892,17,1
ST0018,A0002,2022-03,10000,3,2022-03-01,2022,3,1,1.0,6.123233995736766e-17,1,0,1,13000.0,10000.0,6000.0,11333.333333333334,10666.666666666666,8500.0,1527.5252316519448,1.3332,17,1
ST0018,A0002,2022-04,38000,3,2022-04-01,2022,4,2,0.8660254037844387,-0.4999999999999998,0,0,1,10000.0,11000.0,5000.0,11333.333333333334,10333.333333333334,8833.333333333334,1527.5252316519448,1.2829,17,1
ST0018,A0002,2022-05,62000,8,2022-05-01,2022,5,2,0.4999999999999999,-0.8660254037844387,0,0,2,38000.0,13000.0,3000.0,20333.33333333333,16000.0,11583.333333333334,15373.13674346694,1.7552,17,1
ST0018,A0002,2022-06,100000,10,2022-06-01,2022,6,2,1.2246467991473532e-16,-1.0,0,0,2,62000.0,10000.0,7000.0,36666.66666666666,24000.0,16500.0,26025.628394590844,2.2221,17,1
ST0018,A0002,2022-07,48000,6,2022-07-01,2022,7,3,-0.4999999999999997,-0.8660254037844388,0,0,2,100000.0,38000.0,6000.0,66666.66666666667,39000.0,24250.0,31262.330900515604,2.749,17,1
ST0018,A0002,2022-08,39000,6,2022-08-01,2022,8,3,-0.8660254037844385,-0.5000000000000004,0,0,3,48000.0,62000.0,11000.0,70000.0,45166.66666666666,27750.0,26907.24809414741,2.5224,17,1
ST0018,A0002,2022-09,45000,7,2022-09-01,2022,9,3,-1.0,-1.8369701987210294e-16,0,0,3,39000.0,100000.0,12000.0,62333.333333333336,49500.0,30083.33333333333,32929.21701670619,2.072,17,1
ST0018,A0002,2022-10,30000,5,2022-10-01,2022,10,4,-0.8660254037844386,0.5000000000000001,0,1,3,45000.0,48000.0,4000.0,44000.0,55333.333333333336,32833.333333333336,4582.575694955762,1.3401,17,1
ST0018,A0002,2022-11,37000,6,2022-11-01,2022,11,4,-0.5000000000000004,0.8660254037844384,0,1,3,30000.0,39000.0,14000.0,38000.0,54000.0,35000.0,7549.834435270703,1.0857,17,1
ST0018,A0002,2022-12,39000,6,2022-12-01,2022,12,4,-2.4492935982947064e-16,1.0,0,1,0,37000.0,45000.0,10000.0,37333.333333333336,49833.333333333336,36916.66666666666,7505.553499465087,1.0113,17,1
ST0018,A0002,2023-01,27000,5,2023-01-01,2023,1,1,0.4999999999999999,0.8660254037844387,1,0,0,39000.0,30000.0,11000.0,35333.333333333336,39666.66666666666,39333.333333333336,4725.815626252534,0.8983,17,1
ST0018,A0002,2023-02,41000,5,2023-02-01,2023,2,1,0.8660254037844386,0.5000000000000001,1,0,0,27000.0,37000.0,13000.0,34333.333333333336,36166.66666666666,40666.66666666666,6429.100507328581,0.8442,17,1
ST0018,A0002,2023-03,36000,6,2023-03-01,2023,3,1,1.0,6.123233995736766e-17,1,0,1,41000.0,39000.0,10000.0,35666.666666666664,36500.0,43000.0,7571.877794400319,0.8294,17,1
ST0018,A0002,2023-04,30000,5,2023-04-01,2023,4,2,0.8660254037844387,-0.4999999999999998,0,0,1,36000.0,27000.0,38000.0,34666.666666666664,35000.0,45166.66666666666,7094.598884597538,0.7675,17,1
ST0018,A0002,2023-05,20000,3,2023-05-01,2023,5,2,0.4999999999999999,-0.8660254037844387,0,0,2,30000.0,41000.0,62000.0,35666.666666666664,35000.0,44500.0,5507.570547286039,0.8015,17,1
ST0018,A0002,2023-06,15000,3,2023-06-01,2023,6,2,1.2246467991473532e-16,-1.0,0,0,2,20000.0,36000.0,100000.0,28666.666666666668,32166.666666666668,41000.0,8082.903768654718,0.6992,17,1
ST0018,A0002,2023-07,30000,2,2023-07-01,2023,7,3,-0.4999999999999997,-0.8660254037844388,0,0,2,15000.0,30000.0,48000.0,21666.666666666668,28166.666666666668,33916.666666666664,7637.626158259689,0.6388,17,1
ST0018,A0002,2023-08,15000,1,2023-08-01,2023,8,3,-0.8660254037844385,-0.5000000000000004,0,0,3,30000.0,20000.0,39000.0,21666.666666666668,28666.666666666668,32416.666666666668,7637.626158259689,0.6684,17,1
ST0018,A0002,2023-09,15000,1,2023-09-01,2023,9,3,-1.0,-1.8369701987210294e-16,0,0,3,15000.0,15000.0,45000.0,20000.0,24333.33333333333,30416.666666666668,8660.254037844346,0.6575,17,1
ST0018,A0002,2023-10,15000,1,2023-10-01,2023,10,4,-0.8660254037844386,0.5000000000000001,0,1,3,15000.0,30000.0,30000.0,20000.0,20833.33333333333,27916.666666666668,8660.254037844346,0.7164,17,1
ST0018,A0002,2023-11,19000,1,2023-11-01,2023,11,4,-0.5000000000000004,0.8660254037844384,0,1,3,15000.0,15000.0,37000.0,15000.0,18333.33333333333,26666.666666666668,0.0,0.5625,17,1
ST0018,A0002,2023-12,15000,1,2023-12-01,2023,12,4,-2.4492935982947064e-16,1.0,0,1,0,19000.0,15000.0,39000.0,16333.333333333334,18166.666666666668,25166.666666666668,2309.4010767583545,0.649,17,1
ST0018,A0002,2024-01,30000,2,2024-01-01,2024,1,1,0.4999999999999999,0.8660254037844387,1,0,0,15000.0,15000.0,27000.0,16333.333333333334,18166.666666666668,23166.666666666668,2309.4010767583545,0.705,17,1
ST0018,A0002,2024-02,15000,1,2024-02-01,2024,2,1,0.8660254037844386,0.5000000000000001,1,0,0,30000.0,19000.0,41000.0,21333.33333333333,18166.666666666668,23416.666666666668,7767.453465153985,0.911,17,1
ST0018,A0002,2024-04,30000,2,2024-04-01,2024,4,2,0.8660254037844387,-0.4999999999999998,0,0,1,15000.0,15000.0,36000.0,20000.0,18166.666666666668,21250.0,8660.254037844348,0.9411,17,1
ST0018,A0002,2024-05,15000,2,2024-05-01,2024,5,2,0.4999999999999999,-0.8660254037844387,0,0,2,30000.0,30000.0,30000.0,25000.0,20666.666666666668,20750.0,8660.254037844348,1.2048,17,1
ST0018,A0002,2024-07,19000,1,2024-07-01,2024,7,3,-0.4999999999999997,-0.8660254037844388,0,0,2,15000.0,15000.0,20000.0,20000.0,20666.666666666668,19500.0,8660.254037844348,1.0256,17,1
ST0018,A0002,2024-08,10000,1,2024-08-01,2024,8,3,-0.8660254037844385,-0.5000000000000004,0,0,3,19000.0,30000.0,15000.0,21333.33333333333,20666.666666666668,19416.666666666668,7767.453465153985,1.0987,17,1
ST0018,A0002,2024-09,10000,1,2024-09-01,2024,9,3,-1.0,-1.8369701987210294e-16,0,0,3,10000.0,15000.0,30000.0,14666.666666666666,19833.33333333333,19000.0,4509.249752822818,0.7719,17,1
ST0018,A0002,2024-10,10000,1,2024-10-01,2024,10,4,-0.8660254037844386,0.5000000000000001,0,1,3,10000.0,19000.0,15000.0,13000.0,16500.0,17333.333333333332,5196.152422706566,0.75,17,1
ST0018,A0002,2024-11,10000,1,2024-11-01,2024,11,4,-0.5000000000000004,0.8660254037844384,0,1,3,10000.0,10000.0,15000.0,10000.0,15666.666666666666,16916.666666666668,0.0,0.5911,17,1
ST0018,A0002,2024-12,10000,2,2024-12-01,2024,12,4,-2.4492935982947064e-16,1.0,0,1,0,10000.0,10000.0,15000.0,10000.0,12333.333333333334,16500.0,0.0,0.606,17,1
ST0018,A0002,2025-01,10000,3,2025-01-01,2025,1,1,0.4999999999999999,0.8660254037844387,1,0,0,10000.0,10000.0,19000.0,10000.0,11500.0,16083.333333333334,0.0,0.6217,17,1
ST0018,A0002,2025-02,9000,2,2025-02-01,2025,2,1,0.8660254037844386,0.5000000000000001,1,0,0,10000.0,10000.0,15000.0,10000.0,10000.0,15333.333333333334,0.0,0.6521,17,1
ST0018,A0002,2025-03,1000,1,2025-03-01,2025,3,1,1.0,6.123233995736766e-17,1,0,1,9000.0,10000.0,30000.0,9666.666666666666,9833.333333333334,14833.333333333334,577.3502691890319,0.6516,17,1
ST0018,A0002,2025-04,10000,2,2025-04-01,2025,4,2,0.8660254037844387,-0.4999999999999998,0,0,1,1000.0,10000.0,15000.0,6666.666666666667,8333.333333333334,12416.666666666666,4932.882862316178,0.5369,17,1
ST0018,A0002,2025-05,5000,1,2025-05-01,2025,5,2,0.4999999999999999,-0.8660254037844387,0,0,2,10000.0,9000.0,30000.0,6666.666666666667,8333.333333333334,12000.0,4932.882862316178,0.5555,17,1
ST0018,A0002,2025-06,5000,1,2025-06-01,2025,6,2,1.2246467991473532e-16,-1.0,0,0,2,5000.0,1000.0,15000.0,5333.333333333333,7500.0,9916.666666666666,4509.249752822818,0.5378,17,1
ST0018,A0002,2025-07,6000,1,2025-07-01,2025,7,3,-0.4999999999999997,-0.8660254037844388,0,0,2,5000.0,10000.0,19000.0,6666.666666666667,6666.666666666667,9083.333333333334,2886.7513459480097,0.7339,17,1
ST0018,A0002,2025-08,5000,1,2025-08-01,2025,8,3,-0.8660254037844385,-0.5000000000000004,0,0,3,6000.0,5000.0,10000.0,5333.333333333333,6000.0,8000.0,577.3502691890299,0.6666,17,1
ST0018,A0002,2025-09,6000,2,2025-09-01,2025,9,3,-1.0,-1.8369701987210294e-16,0,0,3,5000.0,5000.0,10000.0,5333.333333333333,5333.333333333333,7583.333333333333,577.3502691890299,0.7032,17,1
ST0018,A0002,2025-10,10000,2,2025-10-01,2025,10,4,-0.8660254037844386,0.5000000000000001,0,1,3,6000.0,6000.0,10000.0,5666.666666666667,6166.666666666667,7250.0,577.3502691890299,0.7815,17,1
ST0018,A0002,2025-11,5000,1,2025-11-01,2025,11,4,-0.5000000000000004,0.8660254037844384,0,1,3,10000.0,5000.0,10000.0,7000.0,6166.666666666667,7250.0,2645.7513110644604,0.9654,17,1
ST0018,A0002,2025-12,10000,2,2025-12-01,2025,12,4,-2.4492935982947064e-16,1.0,0,1,0,5000.0,6000.0,10000.0,7000.0,6166.666666666667,6833.333333333333,2645.7513110644604,1.0242,17,1
ST0027,A0001,2021-01,2000,1,2021-01-01,2021,1,1,0.4999999999999999,0.8660254037844387,1,0,0,15000.0,10000.0,16000.0,10000.0,10833.333333333334,19166.666666666668,5000.000000000015,0.5217,26,0
ST0027,A0001,2021-02,9000,3,2021-02-01,2021,2,1,0.8660254037844386,0.5000000000000001,1,0,0,2000.0,5000.0,48000.0,7333.333333333333,9333.333333333334,18000.0,6806.859285554058,0.4074,26,0
ST0027,A0001,2021-03,5000,3,2021-03-01,2021,3,1,1.0,6.123233995736766e-17,1,0,1,9000.0,15000.0,59000.0,8666.666666666666,9333.333333333334,14750.0,6506.407098647724,0.5875,26,0
ST0027,A0001,2021-04,7000,2,2021-04-01,2021,4,2,0.8660254037844387,-0.4999999999999998,0,0,1,5000.0,2000.0,18000.0,5333.333333333333,7666.666666666667,10250.0,3511.884584284272,0.5203,26,0
ST0027,A0001,2021-05,3000,1,2021-05-01,2021,5,2,0.4999999999999999,-0.8660254037844387,0,0,2,7000.0,9000.0,11000.0,7000.0,7166.666666666667,9333.333333333334,2000.000000000041,0.7499,26,0
ST0027,A0001,2021-06,3000,1,2021-06-01,2021,6,2,1.2246467991473532e-16,-1.0,0,0,2,3000.0,5000.0,13000.0,5000.0,6833.333333333333,8666.666666666666,2000.0000000000464,0.5769,26,0
ST0027,A0001,2021-07,6000,2,2021-07-01,2021,7,3,-0.4999999999999997,-0.8660254037844388,0,0,2,3000.0,7000.0,11000.0,4333.333333333333,4833.333333333333,7833.333333333333,2309.4010767585446,0.5531,26,0
ST0027,A0001,2021-08,2000,1,2021-08-01,2021,8,3,-0.8660254037844385,-0.5000000000000004,0,0,3,6000.0,3000.0,9000.0,4000.0,5500.0,7416.666666666667,1732.0508075689338,0.5393,26,0
ST0027,A0001,2021-09,2000,1,2021-09-01,2021,9,3,-1.0,-1.8369701987210294e-16,0,0,3,2000.0,3000.0,15000.0,3666.6666666666665,4333.333333333333,6833.333333333333,2081.6659994661804,0.5365,26,0
ST0027,A0001,2021-10,2000,1,2021-10-01,2021,10,4,-0.8660254037844386,0.5000000000000001,0,1,3,2000.0,6000.0,10000.0,3333.333333333333,3833.3333333333335,5750.0,2309.401076758547,0.5796,26,0
ST0027,A0001,2021-11,10000,2,2021-11-01,2021,11,4,-0.5000000000000004,0.8660254037844384,0,1,3,2000.0,2000.0,5000.0,2000.0,3000.0,5083.333333333333,0.0,0.3934,26,0
ST0027,A0001,2021-12,5000,2,2021-12-01,2021,12,4,-2.4492935982947064e-16,1.0,0,1,0,10000.0,2000.0,15000.0,4666.666666666667,4166.666666666667,5500.0,4618.802153517026,0.8483,26,0
ST0027,A0001,2022-01,3000,1,2022-01-01,2022,1,1,0.4999999999999999,0.8660254037844387,1,0,0,5000.0,2000.0,2000.0,5666.666666666667,4500.0,4666.666666666667,4041.4518843274022,1.214,26,0
ST0027,A0001,2022-02,10000,2,2022-02-01,2022,2,1,0.8660254037844386,0.5000000000000001,1,0,0,3000.0,10000.0,9000.0,6000.0,4000.0,4750.0,3605.5512754640135,1.2629,26,0
ST0027,A0001,2022-03,2000,1,2022-03-01,2022,3,1,1.0,6.123233995736766e-17,1,0,1,10000.0,5000.0,5000.0,6000.0,5333.333333333333,4833.333333333333,3605.5512754640135,1.2411,26,0
ST0027,A0001,2022-04,5000,1,2022-04-01,2022,4,2,0.8660254037844387,-0.4999999999999998,0,0,1,2000.0,3000.0,7000.0,5000.0,5333.333333333333,4583.333333333333,4358.898943540695,1.0907,26,0
ST0027,A0001,2022-06,3000,1,2022-06-01,2022,6,2,1.2246467991473532e-16,-1.0,0,0,2,5000.0,10000.0,3000.0,5666.666666666667,5833.333333333333,4416.666666666667,4041.451884327402,1.2827,26,0
ST0027,A0001,2022-08,5000,2,2022-08-01,2022,8,3,-0.8660254037844385,-0.5000000000000004,0,0,3,3000.0,2000.0,3000.0,3333.333333333333,4666.666666666667,4416.666666666667,1527.5252316520098,0.7545,26,0
ST0027,A0001,2022-09,5000,1,2022-09-01,2022,9,3,-1.0,-1.8369701987210294e-16,0,0,3,5000.0,5000.0,6000.0,4333.333333333333,4666.666666666667,4583.333333333333,1154.7005383793326,0.9452,26,0
ST0027,A0001,2023-08,9000,1,2023-08-01,2023,8,3,-0.8660254037844385,-0.5000000000000004,0,0,3,5000.0,3000.0,2000.0,4333.333333333333,5000.0,4500.0,1154.7005383793326,0.9627,26,0
ST0027,A0001,2023-09,32000,4,2023-09-01,2023,9,3,-1.0,-1.8369701987210294e-16,0,0,3,9000.0,5000.0,2000.0,6333.333333333333,4833.333333333333,5083.333333333333,2309.401076758542,1.2457,26,0
ST0027,A0001,2023-10,24000,3,2023-10-01,2023,10,4,-0.8660254037844386,0.5000000000000001,0,1,3,32000.0,5000.0,2000.0,15333.333333333334,9833.333333333334,7583.333333333333,14571.661996262934,2.0217,26,0
ST0027,A0001,2023-11,16000,2,2023-11-01,2023,11,4,-0.5000000000000004,0.8660254037844384,0,1,3,24000.0,9000.0,10000.0,21666.666666666668,13000.0,9416.666666666666,11676.186592091331,2.3006,26,0
ST0027,A0001,2023-12,16000,2,2023-12-01,2023,12,4,-2.4492935982947064e-16,1.0,0,1,0,16000.0,32000.0,5000.0,24000.0,15166.666666666666,9916.666666666666,8000.000000000005,2.4199,26,0
ST0027,A0001,2024-01,16000,2,2024-01-01,2024,1,1,0.4999999999999999,0.8660254037844387,1,0,0,16000.0,24000.0,3000.0,18666.666666666668,17000.0,10833.333333333334,4618.802153517016,1.7229,26,0
ST0027,A0001,2024-02,25000,3,2024-02-01,2024,2,1,0.8660254037844386,0.5000000000000001,1,0,0,16000.0,16000.0,10000.0,16000.0,18833.33333333333,11916.666666666666,0.0,1.3425,26,0
ST0027,A0001,2024-03,8000,1,2024-03-01,2024,3,1,1.0,6.123233995736766e-17,1,0,1,25000.0,16000.0,2000.0,19000.0,21500.0,13166.666666666666,5196.152422706639,1.4429,26,0
ST0027,A0001,2024-04,33000,4,2024-04-01,2024,4,2,0.8660254037844387,-0.4999999999999998,0,0,1,8000.0,16000.0,5000.0,16333.333333333334,17500.0,13666.666666666666,8504.90054811539,1.195,26,0
ST0027,A0001,2024-05,25000,3,2024-05-01,2024,5,2,0.4999999999999999,-0.8660254037844387,0,0,2,33000.0,25000.0,3000.0,22000.0,19000.0,16000.0,12767.145334803708,1.3749,26,0
ST0027,A0001,2024-06,26000,3,2024-06-01,2024,6,2,1.2246467991473532e-16,-1.0,0,0,2,25000.0,8000.0,5000.0,22000.0,20500.0,17833.333333333332,12767.145334803708,1.2336,26,0
ST0027,A0001,2024-07,35000,4,2024-07-01,2024,7,3,-0.4999999999999997,-0.8660254037844388,0,0,2,26000.0,33000.0,5000.0,28000.0,22166.666666666668,19583.33333333333,4358.898943540671,1.4297,26,0
ST0027,A0001,2024-08,25000,3,2024-08-01,2024,8,3,-0.8660254037844385,-0.5000000000000004,0,0,3,35000.0,25000.0,9000.0,28666.666666666668,25333.33333333333,22083.33333333333,5507.570547286099,1.2981,26,0
ST0027,A0001,2024-09,42000,5,2024-09-01,2024,9,3,-1.0,-1.8369701987210294e-16,0,0,3,25000.0,26000.0,32000.0,28666.666666666668,25333.33333333333,23416.666666666668,5507.570547286099,1.2241,26,0
ST0027,A0001,2024-10,25000,3,2024-10-01,2024,10,4,-0.8660254037844386,0.5000000000000001,0,1,3,42000.0,35000.0,24000.0,34000.0,31000.0,24250.0,8544.003745317525,1.402,26,0
ST0027,A0001,2024-11,8000,1,2024-11-01,2024,11,4,-0.5000000000000004,0.8660254037844384,0,1,3,25000.0,25000.0,16000.0,30666.666666666668,29666.666666666668,24333.33333333333,9814.954576223638,1.2602,26,0
ST0027,A0001,2024-12,28000,4,2024-12-01,2024,12,4,-2.4492935982947064e-16,1.0,0,1,0,8000.0,42000.0,16000.0,25000.0,26833.33333333333,23666.666666666668,17000.000000000004,1.0563,26,0
ST0027,A0001,2025-01,21000,3,2025-01-01,2025,1,1,0.4999999999999999,0.8660254037844387,1,0,0,28000.0,25000.0,16000.0,20333.33333333333,27166.666666666668,24666.666666666668,10785.793124908969,0.8243,26,0
ST0027,A0001,2025-02,16000,2,2025-02-01,2025,2,1,0.8660254037844386,0.5000000000000001,1,0,0,21000.0,8000.0,25000.0,19000.0,24833.33333333333,25083.33333333333,10148.891565092232,0.7574,26,0
ST0027,A0001,2025-03,19000,3,2025-03-01,2025,3,1,1.0,6.123233995736766e-17,1,0,1,16000.0,28000.0,8000.0,21666.666666666668,23333.33333333333,24333.33333333333,6027.713773341725,0.8904,26,0
ST0027,A0001,2025-04,21000,3,2025-04-01,2025,4,2,0.8660254037844387,-0.4999999999999998,0,0,1,19000.0,21000.0,33000.0,18666.666666666668,19500.0,25250.0,2516.6114784236324,0.7392,26,0
ST0027,A0001,2025-05,12000,2,2025-05-01,2025,5,2,0.4999999999999999,-0.8660254037844387,0,0,2,21000.0,16000.0,25000.0,18666.666666666668,18833.33333333333,24250.0,2516.6114784236324,0.7697,26,0
ST0027,A0001,2025-06,16000,2,2025-06-01,2025,6,2,1.2246467991473532e-16,-1.0,0,0,2,12000.0,19000.0,26000.0,17333.333333333332,19500.0,23166.666666666668,4725.815626252637,0.7482,26,0
ST0027,A0001,2025-07,21000,3,2025-07-01,2025,7,3,-0.4999999999999997,-0.8660254037844388,0,0,2,16000.0,21000.0,35000.0,16333.333333333334,17500.0,22333.33333333333,4509.249752822926,0.7313,26,0
ST0027,A0001,2025-08,15000,2,2025-08-01,2025,8,3,-0.8660254037844385,-0.5000000000000004,0,0,3,21000.0,12000.0,25000.0,16333.333333333334,17500.0,21166.666666666668,4509.249752822926,0.7716,26,0
ST0027,A0001,2025-09,16000,2,2025-09-01,2025,9,3,-1.0,-1.8369701987210294e-16,0,0,3,15000.0,16000.0,42000.0,17333.333333333332,17333.333333333332,20333.33333333333,3214.550253664361,0.8524,26,0
ST0027,A0001,2025-10,17000,2,2025-10-01,2025,10,4,-0.8660254037844386,0.5000000000000001,0,1,3,16000.0,21000.0,25000.0,17333.333333333332,16833.333333333332,18166.666666666668,3214.550253664361,0.9541,26,0
ST0027,A0001,2025-11,12000,2,2025-11-01,2025,11,4,-0.5000000000000004,0.8660254037844384,0,1,3,17000.0,15000.0,8000.0,16000.0,16166.666666666666,17500.0,1000.0000000001494,0.9142,26,0
ST0027,A0001,2025-12,12000,2,2025-12-01,2025,12,4,-2.4492935982947064e-16,1.0,0,1,0,12000.0,16000.0,28000.0,15000.0,16166.666666666666,17833.333333333332,2645.75131106465,0.8411,26,0
ST0027,A0002,2021-01,5000,1,2021-01-01,2021,1,1,0.4999999999999999,0.8660254037844387,1,0,0,18000.0,13000.0,4000.0,13666.666666666666,11500.0,10583.333333333334,4041.451884327384,1.2912,26,1
ST0027,A0002,2021-02,15000,3,2021-02-01,2021,2,1,0.8660254037844386,0.5000000000000001,1,0,0,5000.0,10000.0,14000.0,11000.0,11500.0,10666.666666666666,6557.4385243020015,1.0312,26,1
ST0027,A0002,2021-03,12000,3,2021-03-01,2021,3,1,1.0,6.123233995736766e-17,1,0,1,15000.0,18000.0,11000.0,12666.666666666666,12333.333333333334,10750.0,6806.859285554047,1.1782,26,1
ST0027,A0002,2021-04,11000,2,2021-04-01,2021,4,2,0.8660254037844387,-0.4999999999999998,0,0,1,12000.0,5000.0,10000.0,10666.666666666666,12166.666666666666,10833.333333333334,5131.601439446885,0.9845,26,1
ST0027,A0002,2021-05,4000,1,2021-05-01,2021,5,2,0.4999999999999999,-0.8660254037844387,0,0,2,11000.0,15000.0,5000.0,12666.666666666666,11833.333333333334,10916.666666666666,2081.665999466137,1.1602,26,1
ST0027,A0002,2021-06,4000,1,2021-06-01,2021,6,2,1.2246467991473532e-16,-1.0,0,0,2,4000.0,12000.0,14000.0,9000.0,10833.333333333334,10833.333333333334,4358.898943540673,0.8307,26,1
ST0027,A0002,2021-07,8000,2,2021-07-01,2021,7,3,-0.4999999999999997,-0.8660254037844388,0,0,2,4000.0,11000.0,5000.0,6333.333333333333,8500.0,10000.0,4041.4518843273777,0.6333,26,1
ST0027,A0002,2021-08,3000,1,2021-08-01,2021,8,3,-0.8660254037844385,-0.5000000000000004,0,0,3,8000.0,4000.0,10000.0,5333.333333333333,9000.0,10250.0,2309.401076758497,0.5203,26,1
ST0027,A0002,2021-09,3000,1,2021-09-01,2021,9,3,-1.0,-1.8369701987210294e-16,0,0,3,3000.0,4000.0,13000.0,5000.0,7000.0,9666.666666666666,2645.751311064585,0.5172,26,1
ST0027,A0002,2021-10,3000,1,2021-10-01,2021,10,4,-0.8660254037844386,0.5000000000000001,0,1,3,3000.0,8000.0,13000.0,4666.666666666667,5500.0,8833.333333333334,2886.751345948123,0.5282,26,1
ST0027,A0002,2021-11,10000,2,2021-11-01,2021,11,4,-0.5000000000000004,0.8660254037844384,0,1,3,3000.0,3000.0,10000.0,3000.0,4166.666666666667,8000.0,0.0,0.375,26,1
ST0027,A0002,2021-12,10000,2,2021-12-01,2021,12,4,-2.4492935982947064e-16,1.0,0,1,0,10000.0,3000.0,18000.0,5333.333333333333,5166.666666666667,8000.0,4041.451884327377,0.6666,26,1
ST0027,A0002,2022-01,7000,1,2022-01-01,2022,1,1,0.4999999999999999,0.8660254037844387,1,0,0,10000.0,3000.0,5000.0,7666.666666666667,6166.666666666667,7333.333333333333,4041.45188432738,1.0453,26,1
ST0027,A0002,2022-02,10000,2,2022-02-01,2022,2,1,0.8660254037844386,0.5000000000000001,1,0,0,7000.0,10000.0,15000.0,9000.0,6000.0,7500.0,1732.0508075688797,1.1998,26,1
ST0027,A0002,2022-03,7000,1,2022-03-01,2022,3,1,1.0,6.123233995736766e-17,1,0,1,10000.0,10000.0,12000.0,9000.0,7166.666666666667,7083.333333333333,1732.0508075688797,1.2704,26,1
ST0027,A0002,2022-04,22000,2,2022-04-01,2022,4,2,0.8660254037844387,-0.4999999999999998,0,0,1,7000.0,7000.0,11000.0,8000.0,7833.333333333333,6666.666666666667,1732.0508075688765,1.1998,26,1
ST0027,A0002,2022-06,8000,3,2022-06-01,2022,6,2,1.2246467991473532e-16,-1.0,0,0,2,22000.0,10000.0,4000.0,13000.0,11000.0,7583.333333333333,7937.253933193775,1.7141,26,1
ST0027,A0002,2022-07,6000,1,2022-07-01,2022,7,3,-0.4999999999999997,-0.8660254037844388,0,0,2,8000.0,7000.0,4000.0,12333.333333333334,10666.666666666666,7916.666666666667,8386.497083606086,1.5577,26,1
ST0027,A0002,2022-08,16000,2,2022-08-01,2022,8,3,-0.8660254037844385,-0.5000000000000004,0,0,3,6000.0,22000.0,8000.0,12000.0,10000.0,8083.333333333333,8717.79788708135,1.4844,26,1
ST0027,A0002,2022-09,8000,1,2022-09-01,2022,9,3,-1.0,-1.8369701987210294e-16,0,0,3,16000.0,8000.0,3000.0,10000.0,11500.0,8750.0,5291.502622129185,1.1427,26,1
ST0027,A0002,2022-11,10000,1,2022-11-01,2022,11,4,-0.5000000000000004,0.8660254037844384,0,1,3,8000.0,6000.0,3000.0,10000.0,11166.666666666666,9166.666666666666,5291.502622129185,1.0908,26,1
ST0027,A0002,2023-08,16000,1,2023-08-01,2023,8,3,-0.8660254037844385,-0.5000000000000004,0,0,3,10000.0,16000.0,3000.0,11333.333333333334,11666.666666666666,9750.0,4163.33199893227,1.1623,26,1
ST0027,A0002,2023-09,30000,2,2023-09-01,2023,9,3,-1.0,-1.8369701987210294e-16,0,0,3,16000.0,8000.0,10000.0,11333.333333333334,10666.666666666666,10833.333333333334,4163.33199893227,1.0461,26,1
ST0027,A0002,2023-10,30000,2,2023-10-01,2023,10,4,-0.8660254037844386,0.5000000000000001,0,1,3,30000.0,10000.0,10000.0,18666.666666666668,14333.333333333334,12500.0,10263.202878893771,1.4932,26,1
ST0027,A0002,2023-11,30000,2,2023-11-01,2023,11,4,-0.5000000000000004,0.8660254037844384,0,1,3,30000.0,16000.0,7000.0,25333.33333333333,18333.33333333333,14166.666666666666,8082.90376865477,1.7881,26,1
ST0027,A0002,2023-12,45000,3,2023-12-01,2023,12,4,-2.4492935982947064e-16,1.0,0,1,0,30000.0,30000.0,10000.0,30000.0,20666.666666666668,16083.333333333334,0.0,1.8652,26,1
ST0027,A0002,2024-01,45000,3,2024-01-01,2024,1,1,0.4999999999999999,0.8660254037844387,1,0,0,45000.0,30000.0,7000.0,35000.0,26833.33333333333,19000.0,8660.254037844395,1.842,26,1
ST0027,A0002,2024-02,45000,3,2024-02-01,2024,2,1,0.8660254037844386,0.5000000000000001,1,0,0,45000.0,30000.0,22000.0,40000.0,32666.666666666668,22166.666666666668,8660.254037844395,1.8044,26,1
ST0027,A0002,2024-03,60000,4,2024-03-01,2024,3,1,1.0,6.123233995736766e-17,1,0,1,45000.0,45000.0,8000.0,45000.0,37500.0,24083.33333333333,0.0,1.8684,26,1
ST0027,A0002,2024-04,60000,4,2024-04-01,2024,4,2,0.8660254037844387,-0.4999999999999998,0,0,1,60000.0,45000.0,6000.0,50000.0,42500.0,28416.666666666668,8660.254037844395,1.7595,26,1
ST0027,A0002,2024-05,30000,2,2024-05-01,2024,5,2,0.4999999999999999,-0.8660254037844387,0,0,2,60000.0,45000.0,16000.0,55000.0,47500.0,32916.666666666664,8660.254037844395,1.6708,26,1
ST0027,A0002,2024-06,30000,2,2024-06-01,2024,6,2,1.2246467991473532e-16,-1.0,0,0,2,30000.0,60000.0,8000.0,50000.0,47500.0,34083.333333333336,17320.508075688776,1.4669,26,1
ST0027,A0002,2024-07,60000,4,2024-07-01,2024,7,3,-0.4999999999999997,-0.8660254037844388,0,0,2,30000.0,60000.0,10000.0,40000.0,45000.0,35916.666666666664,17320.508075688776,1.1137,26,1
ST0027,A0002,2024-08,60000,4,2024-08-01,2024,8,3,-0.8660254037844385,-0.5000000000000004,0,0,3,60000.0,30000.0,16000.0,40000.0,47500.0,40083.333333333336,17320.508075688776,0.9979,26,1
ST0027,A0002,2024-09,65000,4,2024-09-01,2024,9,3,-1.0,-1.8369701987210294e-16,0,0,3,60000.0,30000.0,30000.0,50000.0,50000.0,43750.0,17320.508075688776,1.1428,26,1
ST0027,A0002,2024-10,60000,4,2024-10-01,2024,10,4,-0.8660254037844386,0.5000000000000001,0,1,3,65000.0,60000.0,30000.0,61666.66666666666,50833.333333333336,46666.66666666666,2886.75134594815,1.3214,26,1
ST0027,A0002,2024-11,30000,2,2024-11-01,2024,11,4,-0.5000000000000004,0.8660254037844384,0,1,3,60000.0,60000.0,30000.0,61666.66666666666,50833.333333333336,49166.66666666666,2886.75134594815,1.2542,26,1
ST0027,A0002,2024-12,58000,4,2024-12-01,2024,12,4,-2.4492935982947064e-16,1.0,0,1,0,30000.0,65000.0,45000.0,51666.66666666666,50833.333333333336,49166.66666666666,18929.694486000917,1.0508,26,1
ST0027,A0002,2025-01,43000,3,2025-01-01,2025,1,1,0.4999999999999999,0.8660254037844387,1,0,0,58000.0,60000.0,45000.0,49333.333333333336,55500.0,50250.0,16772.994167212168,0.9817,26,1
ST0027,A0002,2025-02,56000,4,2025-02-01,2025,2,1,0.8660254037844386,0.5000000000000001,1,0,0,43000.0,30000.0,45000.0,43666.66666666666,52666.66666666666,50083.333333333336,14011.899704655803,0.8719,26,1
ST0027,A0002,2025-03,62000,4,2025-03-01,2025,3,1,1.0,6.123233995736766e-17,1,0,1,56000.0,58000.0,60000.0,52333.333333333336,52000.0,51000.0,8144.527815247083,1.0261,26,1
ST0027,A0002,2025-04,73000,5,2025-04-01,2025,4,2,0.8660254037844387,-0.4999999999999998,0,0,1,62000.0,43000.0,60000.0,53666.66666666666,51500.0,51166.66666666666,9712.534856222315,1.0488,26,1
ST0027,A0002,2025-05,41000,4,2025-05-01,2025,5,2,0.4999999999999999,-0.8660254037844387,0,0,2,73000.0,56000.0,30000.0,63666.66666666666,53666.66666666666,52250.0,8621.678104251716,1.2185,26,1
ST0027,A0002,2025-06,47000,3,2025-06-01,2025,6,2,1.2246467991473532e-16,-1.0,0,0,2,41000.0,62000.0,30000.0,58666.66666666666,55500.0,53166.66666666666,16258.331197676269,1.1034,26,1
ST0027,A0002,2025-07,66000,5,2025-07-01,2025,7,3,-0.4999999999999997,-0.8660254037844388,0,0,2,47000.0,73000.0,60000.0,53666.66666666666,53666.66666666666,54583.333333333336,17009.801096230767,0.9832,26,1
ST0027,A0002,2025-08,47000,4,2025-08-01,2025,8,3,-0.8660254037844385,-0.5000000000000004,0,0,3,66000.0,41000.0,60000.0,51333.333333333336,57500.0,55083.333333333336,13051.181300301265,0.9319,26,1
ST0027,A0002,2025-09,39000,3,2025-09-01,2025,9,3,-1.0,-1.8369701987210294e-16,0,0,3,47000.0,47000.0,65000.0,53333.333333333336,56000.0,54000.0,10969.65511460289,0.9876,26,1
ST0027,A0002,2025-10,30000,2,2025-10-01,2025,10,4,-0.8660254037844386,0.5000000000000001,0,1,3,39000.0,66000.0,60000.0,50666.66666666666,52166.66666666666,51833.333333333336,13868.429375143149,0.9775,26,1
ST0027,A0002,2025-11,30000,3,2025-11-01,2025,11,4,-0.5000000000000004,0.8660254037844384,0,1,3,30000.0,47000.0,30000.0,38666.66666666666,45000.0,49333.333333333336,8504.900548115378,0.7838,26,1
ST0027,A0002,2025-12,42000,3,2025-12-01,2025,12,4,-2.4492935982947064e-16,1.0,0,1,0,30000.0,39000.0,58000.0,33000.0,43166.66666666666,49333.333333333336,5196.152422706623,0.6689,26,1
ST0028,A0001,2021-03,21000,7,2021-03-01,2021,3,1,1.0,6.123233995736766e-17,1,0,1,20000.0,31000.0,12000.0,24000.0,25833.33333333333,22750.0,6082.762530298221,1.0549,27,0
ST0028,A0001,2021-04,12000,5,2021-04-01,2021,4,2,0.8660254037844387,-0.4999999999999998,0,0,1,21000.0,21000.0,14000.0,20666.666666666668,24333.33333333333,23500.0,577.350269189632,0.8794,27,0
ST0028,A0001,2021-05,16000,3,2021-05-01,2021,5,2,0.4999999999999999,-0.8660254037844387,0,0,2,12000.0,20000.0,20000.0,17666.666666666668,22000.0,23333.33333333333,4932.882862316249,0.7571,27,0
ST0028,A0001,2021-06,23000,5,2021-06-01,2021,6,2,1.2246467991473532e-16,-1.0,0,0,2,16000.0,21000.0,24000.0,16333.333333333334,20166.666666666668,23000.0,4509.249752822896,0.7101,27,0
ST0028,A0001,2021-07,18000,4,2021-07-01,2021,7,3,-0.4999999999999997,-0.8660254037844388,0,0,2,23000.0,12000.0,25000.0,17000.0,18833.33333333333,22916.666666666668,5567.764362830023,0.7418,27,0
ST0028,A0001,2021-08,16000,4,2021-08-01,2021,8,3,-0.8660254037844385,-0.5000000000000004,0,0,3,18000.0,16000.0,23000.0,19000.0,18333.33333333333,22333.33333333333,3605.5512754639913,0.8507,27,0
ST0028,A0001,2021-09,20000,7,2021-09-01,2021,9,3,-1.0,-1.8369701987210294e-16,0,0,3,16000.0,23000.0,30000.0,19000.0,17666.666666666668,21750.0,3605.5512754639913,0.8735,27,0
ST0028,A0001,2021-10,12000,4,2021-10-01,2021,10,4,-0.8660254037844386,0.5000000000000001,0,1,3,20000.0,18000.0,26000.0,18000.0,17500.0,20916.666666666668,2000.000000000004,0.8605,27,0
ST0028,A0001,2021-11,21000,7,2021-11-01,2021,11,4,-0.5000000000000004,0.8660254037844384,0,1,3,12000.0,16000.0,27000.0,16000.0,17500.0,19750.0,4000.000000000002,0.8101,27,0
ST0028,A0001,2021-12,16000,7,2021-12-01,2021,12,4,-2.4492935982947064e-16,1.0,0,1,0,21000.0,20000.0,31000.0,17666.666666666668,18333.33333333333,19250.0,4932.882862316248,0.9177,27,0
ST0028,A0001,2022-01,11000,5,2022-01-01,2022,1,1,0.4999999999999999,0.8660254037844387,1,0,0,16000.0,12000.0,21000.0,16333.333333333334,17166.666666666668,18000.0,4509.249752822895,0.9074,27,0
ST0028,A0001,2022-02,16000,5,2022-02-01,2022,2,1,0.8660254037844386,0.5000000000000001,1,0,0,11000.0,21000.0,20000.0,16000.0,16000.0,17166.666666666668,5000.000000000001,0.932,27,0
ST0028,A0001,2022-03,15000,7,2022-03-01,2022,3,1,1.0,6.123233995736766e-17,1,0,1,16000.0,16000.0,21000.0,14333.333333333334,16000.0,16833.333333333332,2886.7513459481297,0.8514,27,0
ST0028,A0001,2022-04,11000,5,2022-04-01,2022,4,2,0.8660254037844387,-0.4999999999999998,0,0,1,15000.0,11000.0,12000.0,14000.0,15166.666666666666,16333.333333333334,2645.751311064592,0.8571,27,0
ST0028,A0001,2022-05,6000,3,2022-05-01,2022,5,2,0.4999999999999999,-0.8660254037844387,0,0,2,11000.0,16000.0,16000.0,14000.0,15000.0,16250.0,2645.751311064592,0.8615,27,0
ST0028,A0001,2022-06,7000,2,2022-06-01,2022,6,2,1.2246467991473532e-16,-1.0,0,0,2,6000.0,15000.0,23000.0,10666.666666666666,12500.0,15416.666666666666,4509.249752822895,0.6918,27,0
ST0028,A0001,2022-07,10000,2,2022-07-01,2022,7,3,-0.4999999999999997,-0.8660254037844388,0,0,2,7000.0,11000.0,18000.0,8000.0,11000.0,14083.333333333334,2645.7513110645914,0.568,27,0
ST0028,A0001,2022-08,7000,2,2022-08-01,2022,8,3,-0.8660254037844385,-0.5000000000000004,0,0,3,10000.0,6000.0,16000.0,7666.666666666667,10833.333333333334,13416.666666666666,2081.6659994661336,0.5714,27,0
ST0028,A0001,2022-09,6000,2,2022-09-01,2022,9,3,-1.0,-1.8369701987210294e-16,0,0,3,7000.0,7000.0,20000.0,8000.0,9333.333333333334,12666.666666666666,1732.050807568878,0.6315,27,0
ST0028,A0001,2022-10,5000,2,2022-10-01,2022,10,4,-0.8660254037844386,0.5000000000000001,0,1,3,6000.0,10000.0,12000.0,7666.666666666667,7833.333333333333,11500.0,2081.6659994661336,0.6666,27,0
ST0028,A0001,2022-11,6000,3,2022-11-01,2022,11,4,-0.5000000000000004,0.8660254037844384,0,1,3,5000.0,7000.0,21000.0,6000.0,6833.333333333333,10916.666666666666,1000.0000000000018,0.5496,27,0
ST0028,A0001,2022-12,8000,3,2022-12-01,2022,12,4,-2.4492935982947064e-16,1.0,0,1,0,6000.0,6000.0,16000.0,5666.666666666667,6833.333333333333,9666.666666666666,577.3502691896289,0.5861,27,0
ST0028,A0001,2023-01,4000,2,2023-01-01,2023,1,1,0.4999999999999999,0.8660254037844387,1,0,0,8000.0,5000.0,11000.0,6333.333333333333,7000.0,9000.0,1527.5252316519482,0.7036,27,0
ST0028,A0001,2023-02,5000,2,2023-02-01,2023,2,1,0.8660254037844386,0.5000000000000001,1,0,0,4000.0,6000.0,16000.0,6000.0,6000.0,8416.666666666666,2000.000000000001,0.7128,27,0
ST0028,A0001,2023-03,4000,2,2023-03-01,2023,3,1,1.0,6.123233995736766e-17,1,0,1,5000.0,8000.0,15000.0,5666.666666666667,5666.666666666667,7500.0,2081.6659994661336,0.7555,27,0
ST0028,A0001,2023-04,2000,1,2023-04-01,2023,4,2,0.8660254037844387,-0.4999999999999998,0,0,1,4000.0,4000.0,11000.0,4333.333333333333,5333.333333333333,6583.333333333333,577.3502691896298,0.6581,27,0
ST0028,A0001,2023-06,13000,3,2023-06-01,2023,6,2,1.2246467991473532e-16,-1.0,0,0,2,2000.0,5000.0,6000.0,3666.6666666666665,4833.333333333333,5833.333333333333,1527.5252316519482,0.6285,27,0
ST0028,A0001,2023-07,14000,3,2023-07-01,2023,7,3,-0.4999999999999997,-0.8660254037844388,0,0,2,13000.0,4000.0,7000.0,6333.333333333333,6000.0,6416.666666666667,5859.465277082316,0.9869,27,0
ST0028,A0001,2023-08,8000,2,2023-08-01,2023,8,3,-0.8660254037844385,-0.5000000000000004,0,0,3,14000.0,2000.0,10000.0,9666.666666666666,7000.0,7000.0,6658.328118479392,1.3808,27,0
ST0028,A0001,2023-09,8000,2,2023-09-01,2023,9,3,-1.0,-1.8369701987210294e-16,0,0,3,8000.0,13000.0,7000.0,11666.666666666666,7666.666666666667,6833.333333333333,3214.550253664316,1.7071,27,0
ST0028,A0001,2023-10,8000,2,2023-10-01,2023,10,4,-0.8660254037844386,0.5000000000000001,0,1,3,8000.0,14000.0,6000.0,10000.0,8166.666666666667,6916.666666666667,3464.101615137753,1.4456,27,0
ST0028,A0001,2023-11,4000,1,2023-11-01,2023,11,4,-0.5000000000000004,0.8660254037844384,0,1,3,8000.0,8000.0,5000.0,8000.0,8833.333333333334,7083.333333333333,0.0,1.1293,27,0
ST0028,A0001,2023-12,4000,1,2023-12-01,2023,12,4,-2.4492935982947064e-16,1.0,0,1,0,4000.0,8000.0,6000.0,6666.666666666667,9166.666666666666,7000.0,2309.401076758505,0.9522,27,0
ST0028,A0001,2024-03,4000,1,2024-03-01,2024,3,1,1.0,6.123233995736766e-17,1,0,1,4000.0,8000.0,8000.0,5333.333333333333,7666.666666666667,6833.333333333333,2309.401076758508,0.7804,27,0
ST0028,A0001,2024-06,5000,1,2024-06-01,2024,6,2,1.2246467991473532e-16,-1.0,0,0,2,4000.0,4000.0,4000.0,4000.0,6000.0,6500.0,0.0,0.6153,27,0
ST0028,A0001,2024-07,4000,1,2024-07-01,2024,7,3,-0.4999999999999997,-0.8660254037844388,0,0,2,5000.0,4000.0,5000.0,4333.333333333333,5500.0,6583.333333333333,577.3502691896502,0.6581,27,0
ST0028,A0001,2024-08,4000,1,2024-08-01,2024,8,3,-0.8660254037844385,-0.5000000000000004,0,0,3,4000.0,4000.0,4000.0,4333.333333333333,4833.333333333333,6500.0,577.3502691896502,0.6666,27,0
ST0028,A0001,2024-09,4000,1,2024-09-01,2024,9,3,-1.0,-1.8369701987210294e-16,0,0,3,4000.0,5000.0,2000.0,4333.333333333333,4166.666666666667,6500.0,577.3502691896502,0.6666,27,0
ST0028,A0001,2024-10,4000,1,2024-10-01,2024,10,4,-0.8660254037844386,0.5000000000000001,0,1,3,4000.0,4000.0,13000.0,4000.0,4166.666666666667,6666.666666666667,0.0,0.5999,27,0
ST0028,A0001,2024-12,6000,1,2024-12-01,2024,12,4,-2.4492935982947064e-16,1.0,0,1,0,4000.0,4000.0,14000.0,4000.0,4166.666666666667,5916.666666666667,0.0,0.6759,27,0
ST0028,A0001,2025-01,5000,1,2025-01-01,2025,1,1,0.4999999999999999,0.8660254037844387,1,0,0,6000.0,4000.0,8000.0,4666.666666666667,4500.0,5250.0,1154.700538379263,0.8887,27,0
ST0028,A0001,2025-03,4000,1,2025-03-01,2025,3,1,1.0,6.123233995736766e-17,1,0,1,5000.0,4000.0,8000.0,5000.0,4500.0,5000.0,1000.000000000012,0.9998,27,0
ST0028,A0001,2025-06,4000,1,2025-06-01,2025,6,2,1.2246467991473532e-16,-1.0,0,0,2,4000.0,6000.0,8000.0,5000.0,4500.0,4666.666666666667,1000.000000000012,1.0712,27,0
ST0028,A0002,2021-04,2000,1,2021-04-01,2021,4,2,0.8660254037844387,-0.4999999999999998,0,0,1,2000.0,6000.0,3000.0,4000.0,4000.0,4666.666666666667,2000.0,0.857,27,1
ST0028,A0002,2021-05,5000,1,2021-05-01,2021,5,2,0.4999999999999999,-0.8660254037844387,0,0,2,2000.0,4000.0,5000.0,2666.6666666666665,3333.333333333333,4583.333333333333,1154.7005383792514,0.5817,27,1
ST0028,A0002,2021-06,7000,2,2021-06-01,2021,6,2,1.2246467991473532e-16,-1.0,0,0,2,5000.0,2000.0,6000.0,3000.0,3500.0,4583.333333333333,1732.0508075688772,0.6544,27,1
ST0028,A0002,2021-07,5000,1,2021-07-01,2021,7,3,-0.4999999999999997,-0.8660254037844388,0,0,2,7000.0,2000.0,8000.0,4666.666666666667,4333.333333333333,4666.666666666667,2516.611478423583,0.9998,27,1
ST0028,A0002,2021-08,13000,4,2021-08-01,2021,8,3,-0.8660254037844385,-0.5000000000000004,0,0,3,5000.0,5000.0,4000.0,5666.666666666667,4166.666666666667,4416.666666666667,1154.7005383792507,1.2827,27,1
ST0028,A0002,2021-09,6000,2,2021-09-01,2021,9,3,-1.0,-1.8369701987210294e-16,0,0,3,13000.0,7000.0,6000.0,8333.333333333334,5666.666666666667,5166.666666666667,4163.3319989322645,1.6126,27,1
ST0028,A0002,2021-10,4000,2,2021-10-01,2021,10,4,-0.8660254037844386,0.5000000000000001,0,1,3,6000.0,5000.0,6000.0,8000.0,6333.333333333333,5166.666666666667,4358.898943540673,1.5481,27,1
ST0028,A0002,2022-01,7000,2,2022-01-01,2022,1,1,0.4999999999999999,0.8660254037844387,1,0,0,4000.0,13000.0,4000.0,7666.666666666667,6666.666666666667,5000.0,4725.815626252608,1.533,27,1
ST0028,A0002,2022-02,5000,1,2022-02-01,2022,2,1,0.8660254037844386,0.5000000000000001,1,0,0,7000.0,6000.0,2000.0,5666.666666666667,7000.0,5250.0,1527.5252316519454,1.0792,27,1
ST0028,A0002,2022-03,2000,1,2022-03-01,2022,3,1,1.0,6.123233995736766e-17,1,0,1,5000.0,4000.0,6000.0,5333.333333333333,6666.666666666667,5500.0,1527.5252316519454,0.9695,27,1
ST0028,A0002,2022-04,2000,1,2022-04-01,2022,4,2,0.8660254037844387,-0.4999999999999998,0,0,1,2000.0,7000.0,4000.0,4666.666666666667,6166.666666666667,5166.666666666667,2516.6114784235824,0.9031,27,1
ST0028,A0002,2022-05,8000,2,2022-05-01,2022,5,2,0.4999999999999999,-0.8660254037844387,0,0,2,2000.0,5000.0,2000.0,3000.0,4333.333333333333,5000.0,1732.050807568877,0.5999,27,1
ST0028,A0002,2022-06,10000,3,2022-06-01,2022,6,2,1.2246467991473532e-16,-1.0,0,0,2,8000.0,2000.0,2000.0,4000.0,4666.666666666667,5500.0,3464.101615137754,0.7271,27,1
ST0028,A0002,2022-07,30000,3,2022-07-01,2022,7,3,-0.4999999999999997,-0.8660254037844388,0,0,2,10000.0,2000.0,5000.0,6666.666666666667,5666.666666666667,6166.666666666667,4163.3319989322645,1.0809,27,1
ST0028,A0002,2022-08,10000,1,2022-08-01,2022,8,3,-0.8660254037844385,-0.5000000000000004,0,0,3,30000.0,8000.0,7000.0,16000.0,9500.0,8250.0,12165.52506059644,1.9392,27,1
ST0028,A0002,2022-09,30000,3,2022-09-01,2022,9,3,-1.0,-1.8369701987210294e-16,0,0,3,10000.0,10000.0,5000.0,16666.666666666668,10333.333333333334,8500.0,11547.005383792515,1.9606,27,1
ST0028,A0002,2022-10,20000,2,2022-10-01,2022,10,4,-0.8660254037844386,0.5000000000000001,0,1,3,30000.0,30000.0,13000.0,23333.33333333333,15000.0,10583.333333333334,11547.005383792515,2.2045,27,1
ST0028,A0002,2022-11,15000,2,2022-11-01,2022,11,4,-0.5000000000000004,0.8660254037844384,0,1,3,20000.0,10000.0,6000.0,20000.0,18000.0,11166.666666666666,10000.0,1.7909,27,1
ST0028,A0002,2022-12,50000,5,2022-12-01,2022,12,4,-2.4492935982947064e-16,1.0,0,1,0,15000.0,30000.0,4000.0,21666.666666666668,19166.666666666668,11916.666666666666,7637.626158259734,1.818,27,1
ST0028,A0002,2023-01,10000,1,2023-01-01,2023,1,1,0.4999999999999999,0.8660254037844387,1,0,0,50000.0,20000.0,7000.0,28333.33333333333,25833.33333333333,15750.0,18929.69448600091,1.7988,27,1
ST0028,A0002,2023-02,30000,3,2023-02-01,2023,2,1,0.8660254037844386,0.5000000000000001,1,0,0,10000.0,15000.0,5000.0,25000.0,22500.0,16000.0,21794.49471770337,1.5624,27,1
ST0028,A0002,2023-03,20000,2,2023-03-01,2023,3,1,1.0,6.123233995736766e-17,1,0,1,30000.0,50000.0,2000.0,30000.0,25833.33333333333,18083.33333333333,20000.0,1.6589,27,1
ST0028,A0002,2023-04,10000,1,2023-04-01,2023,4,2,0.8660254037844387,-0.4999999999999998,0,0,1,20000.0,10000.0,2000.0,20000.0,24166.666666666668,19583.33333333333,10000.000000000004,1.0212,27,1
ST0028,A0002,2023-05,20000,1,2023-05-01,2023,5,2,0.4999999999999999,-0.8660254037844387,0,0,2,10000.0,30000.0,8000.0,20000.0,22500.0,20250.0,10000.000000000004,0.9876,27,1
ST0028,A0002,2023-06,15000,3,2023-06-01,2023,6,2,1.2246467991473532e-16,-1.0,0,0,2,20000.0,20000.0,10000.0,16666.666666666668,23333.33333333333,21250.0,5773.502691896267,0.7843,27,1
ST0028,A0002,2023-07,30000,3,2023-07-01,2023,7,3,-0.4999999999999997,-0.8660254037844388,0,0,2,15000.0,10000.0,30000.0,15000.0,17500.0,21666.666666666668,5000.000000000013,0.6923,27,1
ST0028,A0002,2023-08,10000,1,2023-08-01,2023,8,3,-0.8660254037844385,-0.5000000000000004,0,0,3,30000.0,20000.0,10000.0,21666.666666666668,20833.33333333333,21666.666666666668,7637.626158259735,1.0,27,1
ST0028,A0002,2023-09,5000,1,2023-09-01,2023,9,3,-1.0,-1.8369701987210294e-16,0,0,3,10000.0,15000.0,30000.0,18333.33333333333,17500.0,21666.666666666668,10408.329997330668,0.8461,27,1
ST0028,A0002,2023-10,30000,4,2023-10-01,2023,10,4,-0.8660254037844386,0.5000000000000001,0,1,3,5000.0,30000.0,20000.0,15000.0,15000.0,19583.33333333333,13228.756555322958,0.7659,27,1
ST0028,A0002,2023-11,5000,1,2023-11-01,2023,11,4,-0.5000000000000004,0.8660254037844384,0,1,3,30000.0,10000.0,15000.0,15000.0,18333.33333333333,20416.666666666668,13228.756555322958,0.7347,27,1
ST0028,A0002,2023-12,20000,2,2023-12-01,2023,12,4,-2.4492935982947064e-16,1.0,0,1,0,5000.0,5000.0,50000.0,13333.333333333334,15833.333333333334,19583.33333333333,14433.75672974065,0.6808,27,1
ST0028,A0002,2024-01,20000,2,2024-01-01,2024,1,1,0.4999999999999999,0.8660254037844387,1,0,0,20000.0,30000.0,10000.0,18333.33333333333,16666.666666666668,17083.333333333332,12583.057392117918,1.0731,27,1
ST0028,A0002,2024-03,25000,3,2024-03-01,2024,3,1,1.0,6.123233995736766e-17,1,0,1,20000.0,5000.0,30000.0,15000.0,15000.0,17916.666666666668,8660.254037844394,0.8372,27,1
ST0028,A0002,2024-04,25000,3,2024-04-01,2024,4,2,0.8660254037844387,-0.4999999999999998,0,0,1,25000.0,20000.0,20000.0,21666.666666666668,17500.0,17500.0,2886.7513459481324,1.238,27,1
ST0028,A0002,2024-05,5000,1,2024-05-01,2024,5,2,0.4999999999999999,-0.8660254037844387,0,0,2,25000.0,20000.0,10000.0,23333.33333333333,20833.33333333333,17916.666666666668,2886.751345948128,1.3023,27,1
ST0028,A0002,2024-06,10000,1,2024-06-01,2024,6,2,1.2246467991473532e-16,-1.0,0,0,2,5000.0,25000.0,20000.0,18333.33333333333,16666.666666666668,17500.0,11547.00538379252,1.0476,27,1
ST0028,A0002,2024-07,5000,1,2024-07-01,2024,7,3,-0.4999999999999997,-0.8660254037844388,0,0,2,10000.0,25000.0,15000.0,13333.333333333334,17500.0,16666.666666666668,10408.329997330671,0.8,27,1
ST0028,A0002,2024-08,15000,4,2024-08-01,2024,8,3,-0.8660254037844385,-0.5000000000000004,0,0,3,5000.0,5000.0,30000.0,6666.666666666667,15000.0,15833.333333333334,2886.751345948178,0.421,27,1
ST0028,A0002,2024-09,5000,1,2024-09-01,2024,9,3,-1.0,-1.8369701987210294e-16,0,0,3,15000.0,10000.0,10000.0,10000.0,14166.666666666666,14583.333333333334,5000.000000000023,0.6857,27,1
ST0028,A0002,2024-10,10000,1,2024-10-01,2024,10,4,-0.8660254037844386,0.5000000000000001,0,1,3,5000.0,5000.0,5000.0,8333.333333333334,10833.333333333334,14166.666666666666,5773.502691896279,0.5882,27,1
ST0028,A0002,2024-12,19000,4,2024-12-01,2024,12,4,-2.4492935982947064e-16,1.0,0,1,0,10000.0,15000.0,30000.0,10000.0,8333.333333333334,14583.333333333334,5000.000000000023,0.6857,27,1
ST0028,A0002,2025-01,25000,4,2025-01-01,2025,1,1,0.4999999999999999,0.8660254037844387,1,0,0,19000.0,5000.0,5000.0,11333.333333333334,10666.666666666666,13666.666666666666,7094.598884597602,0.8292,27,1
ST0028,A0002,2025-02,5000,1,2025-02-01,2025,2,1,0.8660254037844386,0.5000000000000001,1,0,0,25000.0,10000.0,20000.0,18000.0,13166.666666666666,15333.333333333334,7549.834435270754,1.1738,27,1
ST0028,A0002,2025-03,10000,1,2025-03-01,2025,3,1,1.0,6.123233995736766e-17,1,0,1,5000.0,19000.0,20000.0,16333.333333333334,13166.666666666666,14083.333333333334,10263.202878893771,1.1597,27,1
ST0028,A0002,2025-06,10000,1,2025-06-01,2025,6,2,1.2246467991473532e-16,-1.0,0,0,2,10000.0,25000.0,25000.0,13333.333333333334,12333.333333333334,13250.0,10408.329997330671,1.0062,27,1
ST0028,A0002,2025-08,15000,2,2025-08-01,2025,8,3,-0.8660254037844385,-0.5000000000000004,0,0,3,10000.0,5000.0,25000.0,8333.333333333334,13166.666666666666,12000.0,2886.7513459481675,0.6944,27,1
ST0028,A0002,2025-10,10000,1,2025-10-01,2025,10,4,-0.8660254037844386,0.5000000000000001,0,1,3,15000.0,10000.0,5000.0,11666.666666666666,14000.0,11166.666666666666,2886.7513459481565,1.0447,27,1
ST0028,A0002,2025-12,10000,1,2025-12-01,2025,12,4,-2.4492935982947064e-16,1.0,0,1,0,10000.0,10000.0,10000.0,11666.666666666666,12500.0,11583.333333333334,2886.7513459481565,1.0071,27,1
ST0030,A0001,2021-11,15000,2,2021-11-01,2021,11,4,-0.5000000000000004,0.8660254037844384,0,1,3,15000.0,30000.0,10000.0,18333.33333333333,17500.0,15250.0,10408.329997330662,1.2021,29,0
ST0030,A0001,2021-12,11000,1,2021-12-01,2021,12,4,-2.4492935982947064e-16,1.0,0,1,0,15000.0,10000.0,10000.0,13333.333333333334,16666.666666666668,15666.666666666666,2886.7513459481243,0.851,29,0
ST0030,A0001,2022-01,5000,1,2022-01-01,2022,1,1,0.4999999999999999,0.8660254037844387,1,0,0,11000.0,15000.0,25000.0,13666.666666666666,16833.333333333332,15750.0,2309.4010767584978,0.8677,29,0
ST0030,A0001,2022-02,20000,2,2022-02-01,2022,2,1,0.8660254037844386,0.5000000000000001,1,0,0,5000.0,15000.0,13000.0,10333.333333333334,14333.333333333334,14083.333333333334,5033.222956847164,0.7337,29,0
ST0030,A0001,2022-03,10000,1,2022-03-01,2022,3,1,1.0,6.123233995736766e-17,1,0,1,20000.0,11000.0,10000.0,12000.0,12666.666666666666,14666.666666666666,7549.834435270749,0.8181,29,0
ST0030,A0001,2022-04,10000,1,2022-04-01,2022,4,2,0.8660254037844387,-0.4999999999999998,0,0,1,10000.0,5000.0,10000.0,11666.666666666666,12666.666666666666,14666.666666666666,7637.626158259733,0.7954,29,0
ST0030,A0001,2022-05,15000,2,2022-05-01,2022,5,2,0.4999999999999999,-0.8660254037844387,0,0,2,10000.0,20000.0,20000.0,13333.333333333334,11833.333333333334,14666.666666666666,5773.502691896257,0.909,29,0
ST0030,A0001,2022-06,4000,1,2022-06-01,2022,6,2,1.2246467991473532e-16,-1.0,0,0,2,15000.0,10000.0,10000.0,11666.666666666666,11833.333333333334,14250.0,2886.751345948128,0.8187,29,0
ST0030,A0001,2022-07,16000,2,2022-07-01,2022,7,3,-0.4999999999999997,-0.8660254037844388,0,0,2,4000.0,10000.0,20000.0,9666.666666666666,10666.666666666666,13750.0,5507.570547286102,0.703,29,0
ST0030,A0001,2022-08,10000,1,2022-08-01,2022,8,3,-0.8660254037844385,-0.5000000000000004,0,0,3,16000.0,15000.0,30000.0,11666.666666666666,12500.0,13416.666666666666,6658.328118479392,0.8695,29,0
ST0030,A0001,2022-09,20000,2,2022-09-01,2022,9,3,-1.0,-1.8369701987210294e-16,0,0,3,10000.0,4000.0,10000.0,10000.0,10833.333333333334,11750.0,5999.999999999999,0.851,29,0
ST0030,A0001,2022-10,3000,1,2022-10-01,2022,10,4,-0.8660254037844386,0.5000000000000001,0,1,3,20000.0,16000.0,15000.0,15333.333333333334,12500.0,12583.333333333334,5033.222956847166,1.2184,29,0
ST0030,A0001,2022-11,10000,1,2022-11-01,2022,11,4,-0.5000000000000004,0.8660254037844384,0,1,3,3000.0,10000.0,15000.0,11000.0,11333.333333333334,11583.333333333334,8544.003745317532,0.9496,29,0
ST0030,A0001,2022-12,10000,1,2022-12-01,2022,12,4,-2.4492935982947064e-16,1.0,0,1,0,10000.0,20000.0,11000.0,11000.0,10500.0,11166.666666666666,8544.003745317532,0.985,29,0
ST0030,A0001,2023-01,10000,1,2023-01-01,2023,1,1,0.4999999999999999,0.8660254037844387,1,0,0,10000.0,3000.0,5000.0,7666.666666666667,11500.0,11083.333333333334,4041.451884327381,0.6917,29,0
ST0030,A0001,2023-02,10000,2,2023-02-01,2023,2,1,0.8660254037844386,0.5000000000000001,1,0,0,10000.0,10000.0,20000.0,10000.0,10500.0,11500.0,0.0,0.8695,29,0
ST0030,A0001,2023-04,5000,1,2023-04-01,2023,4,2,0.8660254037844387,-0.4999999999999998,0,0,1,10000.0,10000.0,10000.0,10000.0,10500.0,10666.666666666666,0.0,0.9374,29,0
ST0030,A0001,2023-05,5000,1,2023-05-01,2023,5,2,0.4999999999999999,-0.8660254037844387,0,0,2,5000.0,10000.0,10000.0,8333.333333333334,8000.0,10250.0,2886.751345948129,0.8129,29,0
ST0030,A0001,2023-06,40000,2,2023-06-01,2023,6,2,1.2246467991473532e-16,-1.0,0,0,2,5000.0,10000.0,15000.0,6666.666666666667,8333.333333333334,9833.333333333334,2886.7513459481293,0.6779,29,0
ST0030,A0001,2023-07,20000,1,2023-07-01,2023,7,3,-0.4999999999999997,-0.8660254037844388,0,0,2,40000.0,5000.0,4000.0,16666.666666666668,13333.333333333334,11916.666666666666,20207.259421636903,1.3985,29,0
ST0030,A0001,2023-08,73000,4,2023-08-01,2023,8,3,-0.8660254037844385,-0.5000000000000004,0,0,3,20000.0,5000.0,16000.0,21666.666666666668,15000.0,13250.0,17559.422921421236,1.6351,29,0
ST0030,A0001,2023-09,7000,1,2023-09-01,2023,9,3,-1.0,-1.8369701987210294e-16,0,0,3,73000.0,40000.0,10000.0,44333.333333333336,25500.0,18000.0,26764.404221527773,2.4628,29,0
ST0030,A0001,2023-10,45000,2,2023-10-01,2023,10,4,-0.8660254037844386,0.5000000000000001,0,1,3,7000.0,20000.0,20000.0,33333.333333333336,25000.0,17750.0,34961.8840072061,1.8778,29,0
ST0030,A0001,2023-11,20000,1,2023-11-01,2023,11,4,-0.5000000000000004,0.8660254037844384,0,1,3,45000.0,73000.0,3000.0,41666.66666666666,31666.666666666668,19833.33333333333,33126.021996812924,2.1007,29,0
ST0030,A0001,2023-12,20000,2,2023-12-01,2023,12,4,-2.4492935982947064e-16,1.0,0,1,0,20000.0,7000.0,10000.0,24000.0,34166.666666666664,21250.0,19313.20791582797,1.1294,29,0
ST0030,A0001,2024-02,25000,2,2024-02-01,2024,2,1,0.8660254037844386,0.5000000000000001,1,0,0,20000.0,45000.0,10000.0,28333.33333333333,30833.33333333333,22083.33333333333,14433.756729740651,1.283,29,0
ST0030,A0001,2024-04,25000,3,2024-04-01,2024,4,2,0.8660254037844387,-0.4999999999999998,0,0,1,25000.0,20000.0,10000.0,21666.666666666668,31666.666666666668,23333.33333333333,2886.751345948144,0.9285,29,0
ST0030,A0001,2024-05,20000,2,2024-05-01,2024,5,2,0.4999999999999999,-0.8660254037844387,0,0,2,25000.0,20000.0,10000.0,23333.33333333333,23666.666666666668,24583.33333333333,2886.7513459481484,0.9491,29,0
ST0030,A0001,2024-06,25000,1,2024-06-01,2024,6,2,1.2246467991473532e-16,-1.0,0,0,2,20000.0,25000.0,5000.0,23333.33333333333,25833.33333333333,25416.666666666668,2886.7513459481484,0.918,29,0
ST0030,A0001,2024-07,20000,1,2024-07-01,2024,7,3,-0.4999999999999997,-0.8660254037844388,0,0,2,25000.0,25000.0,5000.0,23333.33333333333,22500.0,27083.33333333333,2886.7513459481484,0.8615,29,0
ST0030,A0001,2024-08,15000,1,2024-08-01,2024,8,3,-0.8660254037844385,-0.5000000000000004,0,0,3,20000.0,20000.0,40000.0,21666.666666666668,22500.0,28333.33333333333,2886.751345948144,0.7647,29,0
ST0030,A0001,2024-09,30000,2,2024-09-01,2024,9,3,-1.0,-1.8369701987210294e-16,0,0,3,15000.0,25000.0,20000.0,20000.0,21666.666666666668,26250.0,5000.000000000006,0.7619,29,0
ST0030,A0001,2024-10,25000,1,2024-10-01,2024,10,4,-0.8660254037844386,0.5000000000000001,0,1,3,30000.0,20000.0,73000.0,21666.666666666668,22500.0,27083.33333333333,7637.62615825974,0.8,29,0
ST0030,A0001,2024-12,25000,2,2024-12-01,2024,12,4,-2.4492935982947064e-16,1.0,0,1,0,25000.0,15000.0,7000.0,23333.33333333333,22500.0,23083.33333333333,7637.626158259742,1.0108,29,0
ST0030,A0001,2025-01,5000,2,2025-01-01,2025,1,1,0.4999999999999999,0.8660254037844387,1,0,0,25000.0,30000.0,45000.0,26666.666666666668,23333.33333333333,24583.33333333333,2886.751345948157,1.0847,29,0
ST0030,A0001,2025-02,10000,2,2025-02-01,2025,2,1,0.8660254037844386,0.5000000000000001,1,0,0,5000.0,25000.0,20000.0,18333.33333333333,20000.0,21250.0,11547.005383792515,0.8627,29,0
ST0030,A0001,2025-03,5000,1,2025-03-01,2025,3,1,1.0,6.123233995736766e-17,1,0,1,10000.0,25000.0,20000.0,13333.333333333334,18333.33333333333,20416.666666666668,10408.329997330662,0.653,29,0
ST0030,A0001,2025-04,20000,4,2025-04-01,2025,4,2,0.8660254037844387,-0.4999999999999998,0,0,1,5000.0,5000.0,25000.0,6666.666666666667,16666.666666666668,19166.666666666668,2886.751345948109,0.3478,29,0
ST0030,A0001,2025-05,10000,1,2025-05-01,2025,5,2,0.4999999999999999,-0.8660254037844387,0,0,2,20000.0,10000.0,25000.0,11666.666666666666,15000.0,18750.0,7637.626158259731,0.6222,29,0
ST0030,A0001,2025-06,15000,2,2025-06-01,2025,6,2,1.2246467991473532e-16,-1.0,0,0,2,10000.0,5000.0,20000.0,11666.666666666666,12500.0,17500.0,7637.626158259731,0.6666,29,0
ST0030,A0001,2025-07,15000,2,2025-07-01,2025,7,3,-0.4999999999999997,-0.8660254037844388,0,0,2,15000.0,20000.0,25000.0,15000.0,10833.333333333334,17083.333333333332,5000.000000000003,0.878,29,0
ST0030,A0001,2025-08,15000,2,2025-08-01,2025,8,3,-0.8660254037844385,-0.5000000000000004,0,0,3,15000.0,10000.0,20000.0,13333.333333333334,12500.0,16250.0,2886.751345948129,0.8205,29,0
ST0030,A0001,2025-09,10000,1,2025-09-01,2025,9,3,-1.0,-1.8369701987210294e-16,0,0,3,15000.0,15000.0,15000.0,15000.0,13333.333333333334,15833.333333333334,0.0,0.9473,29,0
ST0030,A0001,2025-10,10000,1,2025-10-01,2025,10,4,-0.8660254037844386,0.5000000000000001,0,1,3,10000.0,15000.0,30000.0,13333.333333333334,14166.666666666666,15416.666666666666,2886.751345948129,0.8648,29,0
ST0030,A0001,2025-11,15000,2,2025-11-01,2025,11,4,-0.5000000000000004,0.8660254037844384,0,1,3,10000.0,15000.0,25000.0,11666.666666666666,12500.0,13750.0,2886.7513459481247,0.8484,29,0
ST0030,A0001,2025-12,15000,3,2025-12-01,2025,12,4,-2.4492935982947064e-16,1.0,0,1,0,15000.0,10000.0,25000.0,11666.666666666666,13333.333333333334,12916.666666666666,2886.7513459481247,0.9032,29,0
ST0030,A0002,2021-11,35000,2,2021-11-01,2021,11,4,-0.5000000000000004,0.8660254037844384,0,1,3,36000.0,49000.0,25000.0,31666.666666666668,32500.0,27583.33333333333,19857.828011475303,1.148,29,1
ST0030,A0002,2021-12,20000,1,2021-12-01,2021,12,4,-2.4492935982947064e-16,1.0,0,1,0,35000.0,10000.0,10000.0,27000.0,31666.666666666668,28416.666666666668,14730.919862656232,0.9501,29,1
ST0030,A0002,2022-01,15000,1,2022-01-01,2022,1,1,0.4999999999999999,0.8660254037844387,1,0,0,20000.0,36000.0,25000.0,30333.33333333333,31666.666666666668,29250.0,8962.886439832495,1.037,29,1
ST0030,A0002,2022-02,45000,2,2022-02-01,2022,2,1,0.8660254037844386,0.5000000000000001,1,0,0,15000.0,35000.0,36000.0,23333.33333333333,27500.0,28416.666666666668,10408.329997330657,0.8211,29,1
ST0030,A0002,2022-03,25000,2,2022-03-01,2022,3,1,1.0,6.123233995736766e-17,1,0,1,45000.0,20000.0,20000.0,26666.666666666668,26833.33333333333,29166.666666666668,16072.751268321588,0.9143,29,1
ST0030,A0002,2022-04,65000,2,2022-04-01,2022,4,2,0.8660254037844387,-0.4999999999999998,0,0,1,25000.0,15000.0,20000.0,28333.33333333333,29333.33333333333,29583.33333333333,15275.252316519463,0.9577,29,1
ST0030,A0002,2022-05,130000,4,2022-05-01,2022,5,2,0.4999999999999999,-0.8660254037844387,0,0,2,65000.0,45000.0,40000.0,45000.0,34166.666666666664,33333.333333333336,20000.0,1.35,29,1
ST0030,A0002,2022-06,130000,4,2022-06-01,2022,6,2,1.2246467991473532e-16,-1.0,0,0,2,130000.0,25000.0,20000.0,73333.33333333333,50000.0,40833.333333333336,52993.710318615485,1.7959,29,1
ST0030,A0002,2022-07,88000,4,2022-07-01,2022,7,3,-0.4999999999999997,-0.8660254037844388,0,0,2,130000.0,65000.0,40000.0,108333.33333333331,68333.33333333333,50000.0,37527.76749732568,2.1666,29,1
ST0030,A0002,2022-08,49000,2,2022-08-01,2022,8,3,-0.8660254037844385,-0.5000000000000004,0,0,3,88000.0,130000.0,49000.0,116000.0,80500.0,54000.0,24248.71130596429,2.1481,29,1
ST0030,A0002,2022-09,60000,3,2022-09-01,2022,9,3,-1.0,-1.8369701987210294e-16,0,0,3,49000.0,130000.0,10000.0,89000.0,81166.66666666667,54000.0,40509.25820105819,1.6481,29,1
ST0030,A0002,2022-10,25000,2,2022-10-01,2022,10,4,-0.8660254037844386,0.5000000000000001,0,1,3,60000.0,88000.0,36000.0,65666.66666666667,87000.0,58166.66666666666,20108.04150914091,1.1289,29,1
ST0030,A0002,2022-11,40000,2,2022-11-01,2022,11,4,-0.5000000000000004,0.8660254037844384,0,1,3,25000.0,49000.0,35000.0,44666.66666666666,80333.33333333333,57250.0,17897.858344878423,0.7802,29,1
ST0030,A0002,2022-12,70000,3,2022-12-01,2022,12,4,-2.4492935982947064e-16,1.0,0,1,0,40000.0,60000.0,20000.0,41666.66666666666,65333.333333333336,57666.66666666666,17559.422921421257,0.7225,29,1
ST0030,A0002,2023-01,16000,2,2023-01-01,2023,1,1,0.4999999999999999,0.8660254037844387,1,0,0,70000.0,25000.0,15000.0,45000.0,55333.333333333336,61833.333333333336,22912.878474779216,0.7278,29,1
ST0030,A0002,2023-02,50000,2,2023-02-01,2023,2,1,0.8660254037844386,0.5000000000000001,1,0,0,16000.0,40000.0,45000.0,42000.0,43333.333333333336,61916.66666666666,27055.498516937383,0.6783,29,1
ST0030,A0002,2023-03,17000,2,2023-03-01,2023,3,1,1.0,6.123233995736766e-17,1,0,1,50000.0,70000.0,25000.0,45333.333333333336,43500.0,62333.333333333336,27300.79363925771,0.7273,29,1
ST0030,A0002,2023-04,23000,2,2023-04-01,2023,4,2,0.8660254037844387,-0.4999999999999998,0,0,1,17000.0,16000.0,65000.0,27666.666666666668,36333.333333333336,61666.66666666666,19347.695814575305,0.4486,29,1
ST0030,A0002,2023-06,20000,1,2023-06-01,2023,6,2,1.2246467991473532e-16,-1.0,0,0,2,23000.0,50000.0,130000.0,30000.0,36000.0,58166.66666666666,17578.395831246984,0.5158,29,1
ST0030,A0002,2023-07,30000,1,2023-07-01,2023,7,3,-0.4999999999999997,-0.8660254037844388,0,0,2,20000.0,17000.0,130000.0,20000.0,32666.666666666668,49000.0,3000.0000000002783,0.4082,29,1
ST0030,A0002,2023-08,30000,1,2023-08-01,2023,8,3,-0.8660254037844385,-0.5000000000000004,0,0,3,30000.0,23000.0,88000.0,24333.33333333333,26000.0,40666.66666666666,5131.601439447034,0.5983,29,1
ST0030,A0002,2023-09,20000,1,2023-09-01,2023,9,3,-1.0,-1.8369701987210294e-16,0,0,3,30000.0,20000.0,49000.0,26666.666666666668,28333.33333333333,35833.333333333336,5773.502691896385,0.7442,29,1
ST0030,A0002,2023-10,20000,1,2023-10-01,2023,10,4,-0.8660254037844386,0.5000000000000001,0,1,3,20000.0,30000.0,60000.0,26666.666666666668,23333.33333333333,33416.666666666664,5773.502691896385,0.798,29,1
ST0030,A0002,2023-11,20000,1,2023-11-01,2023,11,4,-0.5000000000000004,0.8660254037844384,0,1,3,20000.0,30000.0,25000.0,23333.33333333333,23833.33333333333,30083.33333333333,5773.502691896393,0.7756,29,1
ST0030,A0002,2023-12,55000,3,2023-12-01,2023,12,4,-2.4492935982947064e-16,1.0,0,1,0,20000.0,20000.0,40000.0,20000.0,23333.33333333333,29666.666666666668,0.0,0.6741,29,1
ST0030,A0002,2024-01,50000,2,2024-01-01,2024,1,1,0.4999999999999999,0.8660254037844387,1,0,0,55000.0,20000.0,70000.0,31666.666666666668,29166.666666666668,30916.666666666668,20207.259421636933,1.0242,29,1
ST0030,A0002,2024-02,35000,2,2024-02-01,2024,2,1,0.8660254037844386,0.5000000000000001,1,0,0,50000.0,20000.0,16000.0,41666.66666666666,32500.0,29250.0,18929.69448600093,1.4245,29,1
ST0030,A0002,2024-03,15000,1,2024-03-01,2024,3,1,1.0,6.123233995736766e-17,1,0,1,35000.0,55000.0,50000.0,46666.66666666666,33333.333333333336,30833.33333333333,10408.329997330702,1.5135,29,1
ST0030,A0002,2024-05,35000,3,2024-05-01,2024,5,2,0.4999999999999999,-0.8660254037844387,0,0,2,15000.0,50000.0,17000.0,33333.333333333336,32500.0,27916.666666666668,17559.42292142127,1.194,29,1
ST0030,A0002,2024-06,30000,1,2024-06-01,2024,6,2,1.2246467991473532e-16,-1.0,0,0,2,35000.0,35000.0,23000.0,28333.33333333333,35000.0,29416.666666666668,11547.005383792575,0.9631,29,1
ST0030,A0002,2024-07,20000,1,2024-07-01,2024,7,3,-0.4999999999999997,-0.8660254037844388,0,0,2,30000.0,15000.0,20000.0,26666.666666666668,36666.66666666666,30000.0,10408.329997330731,0.8889,29,1
ST0030,A0002,2024-08,15000,1,2024-08-01,2024,8,3,-0.8660254037844385,-0.5000000000000004,0,0,3,20000.0,35000.0,30000.0,28333.33333333333,30833.33333333333,30000.0,7637.626158259824,0.9444,29,1
ST0030,A0002,2024-09,35000,2,2024-09-01,2024,9,3,-1.0,-1.8369701987210294e-16,0,0,3,15000.0,30000.0,30000.0,21666.666666666668,25000.0,28750.0,7637.626158259835,0.7536,29,1
ST0030,A0002,2024-10,15000,1,2024-10-01,2024,10,4,-0.8660254037844386,0.5000000000000001,0,1,3,35000.0,20000.0,20000.0,23333.33333333333,25000.0,29166.666666666668,10408.329997330737,0.8,29,1
ST0030,A0002,2024-11,20000,2,2024-11-01,2024,11,4,-0.5000000000000004,0.8660254037844384,0,1,3,15000.0,15000.0,20000.0,21666.666666666668,25000.0,28750.0,11547.00538379258,0.7536,29,1
ST0030,A0002,2024-12,25000,3,2024-12-01,2024,12,4,-2.4492935982947064e-16,1.0,0,1,0,20000.0,35000.0,20000.0,23333.33333333333,22500.0,28750.0,10408.329997330737,0.8116,29,1
ST0030,A0002,2025-01,15000,1,2025-01-01,2025,1,1,0.4999999999999999,0.8660254037844387,1,0,0,25000.0,15000.0,55000.0,20000.0,21666.666666666668,29166.666666666668,5000.000000000157,0.6857,29,1
ST0030,A0002,2025-02,25000,2,2025-02-01,2025,2,1,0.8660254037844386,0.5000000000000001,1,0,0,15000.0,20000.0,50000.0,20000.0,20833.33333333333,25833.33333333333,5000.000000000157,0.7742,29,1
ST0030,A0002,2025-03,10000,1,2025-03-01,2025,3,1,1.0,6.123233995736766e-17,1,0,1,25000.0,25000.0,35000.0,21666.666666666668,22500.0,23750.0,5773.50269189639,0.9122,29,1
ST0030,A0002,2025-04,20000,3,2025-04-01,2025,4,2,0.8660254037844387,-0.4999999999999998,0,0,1,10000.0,15000.0,15000.0,16666.666666666668,18333.33333333333,21666.666666666668,7637.626158259843,0.7692,29,1
ST0030,A0002,2025-05,20000,2,2025-05-01,2025,5,2,0.4999999999999999,-0.8660254037844387,0,0,2,20000.0,25000.0,35000.0,18333.33333333333,19166.666666666668,22083.33333333333,7637.626158259839,0.8302,29,1
ST0030,A0002,2025-06,20000,2,2025-06-01,2025,6,2,1.2246467991473532e-16,-1.0,0,0,2,20000.0,10000.0,30000.0,16666.666666666668,19166.666666666668,20833.33333333333,5773.502691896401,0.8,29,1
ST0030,A0002,2025-07,20000,2,2025-07-01,2025,7,3,-0.4999999999999997,-0.8660254037844388,0,0,2,20000.0,20000.0,20000.0,20000.0,18333.33333333333,20000.0,0.0,1.0,29,1
ST0030,A0002,2025-08,20000,2,2025-08-01,2025,8,3,-0.8660254037844385,-0.5000000000000004,0,0,3,20000.0,20000.0,15000.0,20000.0,19166.666666666668,20000.0,0.0,1.0,29,1
ST0030,A0002,2025-09,20000,2,2025-09-01,2025,9,3,-1.0,-1.8369701987210294e-16,0,0,3,20000.0,20000.0,35000.0,20000.0,18333.33333333333,20416.666666666668,0.0,0.9795,29,1
ST0030,A0002,2025-10,25000,3,2025-10-01,2025,10,4,-0.8660254037844386,0.5000000000000001,0,1,3,20000.0,20000.0,15000.0,20000.0,20000.0,19166.666666666668,0.0,1.0434,29,1
ST0030,A0002,2025-11,15000,2,2025-11-01,2025,11,4,-0.5000000000000004,0.8660254037844384,0,1,3,25000.0,20000.0,20000.0,21666.666666666668,20833.33333333333,20000.0,2886.751345948393,1.0833,29,1
ST0030,A0002,2025-12,40000,5,2025-12-01,2025,12,4,-2.4492935982947064e-16,1.0,0,1,0,15000.0,20000.0,25000.0,20000.0,20000.0,19583.33333333333,5000.000000000158,1.0212,29,1
ST0041,A0001,2023-04,5000,1,2023-04-01,2023,4,2,0.8660254037844387,-0.4999999999999998,0,0,1,5000.0,5000.0,6000.0,5000.0,5833.333333333333,5416.666666666667,0.0,0.9229,40,0
ST0041,A0001,2023-06,10000,2,2023-06-01,2023,6,2,1.2246467991473532e-16,-1.0,0,0,2,5000.0,5000.0,7000.0,5000.0,5833.333333333333,5333.333333333333,0.0,0.9373,40,0
ST0041,A0001,2023-07,31000,2,2023-07-01,2023,7,3,-0.4999999999999997,-0.8660254037844388,0,0,2,10000.0,5000.0,4000.0,6666.666666666667,6666.666666666667,5583.333333333333,2886.751345948129,1.1938,40,0
ST0041,A0001,2023-09,15000,2,2023-09-01,2023,9,3,-1.0,-1.8369701987210294e-16,0,0,3,31000.0,5000.0,4000.0,15333.333333333334,10166.666666666666,7833.333333333333,13796.134724383252,1.9572,40,0
ST0041,A0001,2023-10,15000,1,2023-10-01,2023,10,4,-0.8660254037844386,0.5000000000000001,0,1,3,15000.0,10000.0,4000.0,18666.666666666668,11833.333333333334,8750.0,10969.65511460289,2.1331,40,0
ST0041,A0001,2024-01,15000,1,2024-01-01,2024,1,1,0.4999999999999999,0.8660254037844387,1,0,0,15000.0,31000.0,5000.0,20333.33333333333,13500.0,9666.666666666666,9237.604307034013,2.1032,40,0
ST0041,A0001,2024-04,8000,1,2024-04-01,2024,4,2,0.8660254037844387,-0.4999999999999998,0,0,1,15000.0,15000.0,5000.0,15000.0,15166.666666666666,10500.0,0.0,1.4284,40,0
ST0041,A0001,2024-06,8000,1,2024-06-01,2024,6,2,1.2246467991473532e-16,-1.0,0,0,2,8000.0,15000.0,5000.0,12666.666666666666,15666.666666666666,10750.0,4041.4518843273754,1.1782,40,0
ST0041,A0001,2024-09,8000,1,2024-09-01,2024,9,3,-1.0,-1.8369701987210294e-16,0,0,3,8000.0,15000.0,10000.0,10333.333333333334,15333.333333333334,11000.0,4041.451884327372,0.9393,40,0
ST0041,A0001,2024-12,6000,1,2024-12-01,2024,12,4,-2.4492935982947064e-16,1.0,0,1,0,8000.0,8000.0,5000.0,8000.0,11500.0,10833.333333333334,0.0,0.7384,40,0
ST0041,A0001,2025-06,5000,1,2025-06-01,2025,6,2,1.2246467991473532e-16,-1.0,0,0,2,6000.0,8000.0,5000.0,7333.333333333333,10000.0,10916.666666666666,1154.7005383792125,0.6717,40,0
ST0041,A0001,2025-07,5000,1,2025-07-01,2025,7,3,-0.4999999999999997,-0.8660254037844388,0,0,2,5000.0,8000.0,5000.0,6333.333333333333,8333.333333333334,10916.666666666666,1527.525231651915,0.5801,40,0
ST0041,A0001,2025-08,5000,1,2025-08-01,2025,8,3,-0.8660254037844385,-0.5000000000000004,0,0,3,5000.0,6000.0,5000.0,5333.333333333333,6666.666666666667,10916.666666666666,577.3502691895357,0.4885,40,0
ST0041,A0001,2025-09,7000,2,2025-09-01,2025,9,3,-1.0,-1.8369701987210294e-16,0,0,3,5000.0,5000.0,10000.0,5000.0,6166.666666666667,10916.666666666666,0.0,0.458,40,0
ST0041,A0001,2025-10,5000,1,2025-10-01,2025,10,4,-0.8660254037844386,0.5000000000000001,0,1,3,7000.0,5000.0,31000.0,5666.666666666667,6000.0,10666.666666666666,1154.7005383792075,0.5312,40,0
ST0041,A0001,2025-11,5000,1,2025-11-01,2025,11,4,-0.5000000000000004,0.8660254037844384,0,1,3,5000.0,5000.0,15000.0,5666.666666666667,5500.0,8500.0,1154.7005383792075,0.6666,40,0
ST0041,A0001,2025-12,5000,1,2025-12-01,2025,12,4,-2.4492935982947064e-16,1.0,0,1,0,5000.0,7000.0,15000.0,5666.666666666667,5333.333333333333,7666.666666666667,1154.7005383792075,0.739,40,0
ST0041,A0002,2023-01,50000,4,2023-01-01,2023,1,1,0.4999999999999999,0.8660254037844387,1,0,0,60000.0,57000.0,14000.0,64000.0,67333.33333333333,67416.66666666667,9643.65076099301,0.9493,40,1
ST0041,A0002,2023-02,63000,5,2023-02-01,2023,2,1,0.8660254037844386,0.5000000000000001,1,0,0,50000.0,75000.0,25000.0,61666.66666666666,58333.333333333336,70416.66666666667,12583.057392117962,0.8757,40,1
ST0041,A0002,2023-03,29000,3,2023-03-01,2023,3,1,1.0,6.123233995736766e-17,1,0,1,63000.0,60000.0,41000.0,57666.66666666666,58333.333333333336,73583.33333333333,6806.859285554141,0.7837,40,1
ST0041,A0002,2023-04,27000,3,2023-04-01,2023,4,2,0.8660254037844387,-0.4999999999999998,0,0,1,29000.0,50000.0,43000.0,47333.333333333336,55666.66666666666,72583.33333333333,17156.145643277076,0.6521,40,1
ST0041,A0002,2023-05,40000,2,2023-05-01,2023,5,2,0.4999999999999999,-0.8660254037844387,0,0,2,27000.0,63000.0,130000.0,39666.66666666666,50666.66666666666,71250.0,20231.9878739914,0.5567,40,1
ST0041,A0002,2023-06,51000,3,2023-06-01,2023,6,2,1.2246467991473532e-16,-1.0,0,0,2,40000.0,29000.0,152000.0,32000.0,44833.333333333336,63750.0,7000.000000000147,0.502,40,1
ST0041,A0002,2023-07,15000,1,2023-07-01,2023,7,3,-0.4999999999999997,-0.8660254037844388,0,0,2,51000.0,27000.0,104000.0,39333.333333333336,43333.333333333336,55333.333333333336,12013.88086062681,0.7108,40,1
ST0041,A0002,2023-08,36000,2,2023-08-01,2023,8,3,-0.8660254037844385,-0.5000000000000004,0,0,3,15000.0,40000.0,63000.0,35333.333333333336,37500.0,47916.66666666666,18448.12546936233,0.7374,40,1
ST0041,A0002,2023-09,15000,1,2023-09-01,2023,9,3,-1.0,-1.8369701987210294e-16,0,0,3,36000.0,51000.0,45000.0,34000.0,33000.0,45666.66666666666,18083.14132002518,0.7445,40,1
ST0041,A0002,2023-10,40000,3,2023-10-01,2023,10,4,-0.8660254037844386,0.5000000000000001,0,1,3,15000.0,15000.0,57000.0,22000.0,30666.666666666668,43166.66666666666,12124.355652982234,0.5096,40,1
ST0041,A0002,2023-11,18000,1,2023-11-01,2023,11,4,-0.5000000000000004,0.8660254037844384,0,1,3,40000.0,36000.0,75000.0,30333.33333333333,32833.333333333336,41750.0,13428.824718989204,0.7265,40,1
ST0041,A0002,2023-12,40000,3,2023-12-01,2023,12,4,-2.4492935982947064e-16,1.0,0,1,0,18000.0,15000.0,60000.0,24333.33333333333,29166.666666666668,37000.0,13650.396819628926,0.6576,40,1
ST0041,A0002,2024-01,17000,1,2024-01-01,2024,1,1,0.4999999999999999,0.8660254037844387,1,0,0,40000.0,40000.0,50000.0,32666.666666666668,27333.33333333333,35333.333333333336,12701.705922171848,0.9245,40,1
ST0041,A0002,2024-02,25000,1,2024-02-01,2024,2,1,0.8660254037844386,0.5000000000000001,1,0,0,17000.0,18000.0,63000.0,25000.0,27666.666666666668,32583.33333333333,13000.000000000084,0.7672,40,1
ST0041,A0002,2024-03,44000,2,2024-03-01,2024,3,1,1.0,6.123233995736766e-17,1,0,1,25000.0,40000.0,29000.0,27333.33333333333,25833.33333333333,29416.666666666668,11676.186592091422,0.9291,40,1
ST0041,A0002,2024-04,18000,1,2024-04-01,2024,4,2,0.8660254037844387,-0.4999999999999998,0,0,1,44000.0,17000.0,27000.0,28666.666666666668,30666.666666666668,30666.666666666668,13868.429375143223,0.9348,40,1
ST0041,A0002,2024-05,17000,2,2024-05-01,2024,5,2,0.4999999999999999,-0.8660254037844387,0,0,2,18000.0,25000.0,40000.0,29000.0,27000.0,29916.666666666668,13453.62404707379,0.9693,40,1
ST0041,A0002,2024-06,30000,3,2024-06-01,2024,6,2,1.2246467991473532e-16,-1.0,0,0,2,17000.0,44000.0,51000.0,26333.33333333333,26833.33333333333,28000.0,15307.95000427345,0.9404,40,1
ST0041,A0002,2024-07,15000,1,2024-07-01,2024,7,3,-0.4999999999999997,-0.8660254037844388,0,0,2,30000.0,18000.0,15000.0,21666.666666666668,25166.666666666668,26250.0,7234.178138070391,0.8254,40,1
ST0041,A0002,2024-08,15000,1,2024-08-01,2024,8,3,-0.8660254037844385,-0.5000000000000004,0,0,3,15000.0,17000.0,36000.0,20666.666666666668,24833.33333333333,26250.0,8144.527815247217,0.7873,40,1
ST0041,A0002,2024-09,15000,1,2024-09-01,2024,9,3,-1.0,-1.8369701987210294e-16,0,0,3,15000.0,30000.0,15000.0,20000.0,23166.666666666668,24500.0,8660.25403784452,0.8163,40,1
ST0041,A0002,2024-11,14000,1,2024-11-01,2024,11,4,-0.5000000000000004,0.8660254037844384,0,1,3,15000.0,15000.0,40000.0,15000.0,18333.33333333333,24500.0,0.0,0.6122,40,1
ST0041,A0002,2025-01,9000,2,2025-01-01,2025,1,1,0.4999999999999999,0.8660254037844387,1,0,0,14000.0,15000.0,18000.0,14666.666666666666,17666.666666666668,22333.33333333333,577.3502691916676,0.6567,40,1
ST0041,A0002,2025-02,5000,1,2025-02-01,2025,2,1,0.8660254037844386,0.5000000000000001,1,0,0,9000.0,15000.0,40000.0,12666.666666666666,16333.333333333334,21583.33333333333,3214.550253664688,0.5868,40,1
ST0041,A0002,2025-03,6000,1,2025-03-01,2025,3,1,1.0,6.123233995736766e-17,1,0,1,5000.0,14000.0,17000.0,9333.333333333334,12166.666666666666,18666.666666666668,4509.249752823161,0.5,40,1
ST0041,A0002,2025-06,10000,1,2025-06-01,2025,6,2,1.2246467991473532e-16,-1.0,0,0,2,6000.0,9000.0,25000.0,6666.666666666667,10666.666666666666,17750.0,2081.665999466714,0.3756,40,1
ST0041,A0002,2025-08,10000,2,2025-08-01,2025,8,3,-0.8660254037844385,-0.5000000000000004,0,0,3,10000.0,5000.0,44000.0,7000.0,9833.333333333334,16500.0,2645.7513110650475,0.4242,40,1
ST0041,A0002,2025-09,5000,1,2025-09-01,2025,9,3,-1.0,-1.8369701987210294e-16,0,0,3,10000.0,6000.0,18000.0,8666.666666666666,9000.0,13666.666666666666,2309.4010767590235,0.6341,40,1
ST0041,A0002,2025-10,11000,2,2025-10-01,2025,10,4,-0.8660254037844386,0.5000000000000001,0,1,3,5000.0,10000.0,17000.0,8333.333333333334,7500.0,12583.333333333334,2886.7513459485453,0.6622,40,1
ST0041,A0002,2025-11,5000,1,2025-11-01,2025,11,4,-0.5000000000000004,0.8660254037844384,0,1,3,11000.0,10000.0,30000.0,8666.666666666666,7833.333333333333,12083.333333333334,3214.550253664692,0.7172,40,1
ST0041,A0002,2025-12,10000,2,2025-12-01,2025,12,4,-2.4492935982947064e-16,1.0,0,1,0,5000.0,5000.0,15000.0,7000.0,7833.333333333333,10000.0,3464.101615138104,0.6999,40,1
ST0043,A0001,2022-03,12000,2,2022-03-01,2022,3,1,1.0,6.123233995736766e-17,1,0,1,6000.0,13000.0,18000.0,10333.333333333334,10833.333333333334,10166.666666666666,3785.9388972001834,1.0163,42,0
ST0043,A0001,2022-04,22000,2,2022-04-01,2022,4,2,0.8660254037844387,-0.4999999999999998,0,0,1,12000.0,12000.0,5000.0,10000.0,11500.0,9666.666666666666,3464.101615137755,1.0344,42,0
ST0043,A0001,2022-05,14000,2,2022-05-01,2022,5,2,0.4999999999999999,-0.8660254037844387,0,0,2,22000.0,6000.0,12000.0,13333.333333333334,13833.333333333334,11083.333333333334,8082.903768654762,1.2029,42,0
ST0043,A0001,2022-06,4000,1,2022-06-01,2022,6,2,1.2246467991473532e-16,-1.0,0,0,2,14000.0,12000.0,5000.0,16000.0,13166.666666666666,11250.0,5291.502622129183,1.4221,42,0
ST0043,A0001,2022-07,19000,2,2022-07-01,2022,7,3,-0.4999999999999997,-0.8660254037844388,0,0,2,4000.0,22000.0,6000.0,13333.333333333334,11666.666666666666,11166.666666666666,9018.499505645788,1.1939,42,0
ST0043,A0001,2022-09,14000,1,2022-09-01,2022,9,3,-1.0,-1.8369701987210294e-16,0,0,3,19000.0,14000.0,11000.0,12333.333333333334,12833.333333333334,12250.0,7637.626158259734,1.0067,42,0
ST0043,A0001,2022-10,12000,1,2022-10-01,2022,10,4,-0.8660254037844386,0.5000000000000001,0,1,3,14000.0,4000.0,8000.0,12333.333333333334,14166.666666666666,12500.0,7637.626158259734,0.9866,42,0
ST0043,A0001,2022-11,2000,1,2022-11-01,2022,11,4,-0.5000000000000004,0.8660254037844384,0,1,3,12000.0,19000.0,8000.0,15000.0,14166.666666666666,12833.333333333334,3605.5512754639913,1.1687,42,0
ST0043,A0001,2022-12,30000,2,2022-12-01,2022,12,4,-2.4492935982947064e-16,1.0,0,1,0,2000.0,14000.0,18000.0,9333.333333333334,10833.333333333334,12333.333333333334,6429.100507328638,0.7567,42,0
ST0043,A0001,2023-02,15000,1,2023-02-01,2023,2,1,0.8660254037844386,0.5000000000000001,1,0,0,30000.0,12000.0,13000.0,14666.666666666666,13500.0,13333.333333333334,14189.197769195176,1.0999,42,0
ST0043,A0001,2023-03,15000,1,2023-03-01,2023,3,1,1.0,6.123233995736766e-17,1,0,1,15000.0,2000.0,12000.0,15666.666666666666,15333.333333333334,13500.0,14011.899704655802,1.1604,42,0
ST0043,A0001,2023-04,15000,1,2023-04-01,2023,4,2,0.8660254037844387,-0.4999999999999998,0,0,1,15000.0,30000.0,6000.0,20000.0,14666.666666666666,13750.0,8660.254037844386,1.4544,42,0
ST0043,A0001,2023-05,20000,3,2023-05-01,2023,5,2,0.4999999999999999,-0.8660254037844387,0,0,2,15000.0,15000.0,12000.0,15000.0,14833.333333333334,14500.0,0.0,1.0344,42,0
ST0043,A0001,2023-06,70000,4,2023-06-01,2023,6,2,1.2246467991473532e-16,-1.0,0,0,2,20000.0,15000.0,22000.0,16666.666666666668,16166.666666666666,15166.666666666666,2886.7513459481283,1.0988,42,0
ST0043,A0001,2023-07,80000,4,2023-07-01,2023,7,3,-0.4999999999999997,-0.8660254037844388,0,0,2,70000.0,15000.0,14000.0,35000.0,27500.0,19166.666666666668,30413.8126514911,1.826,42,0
ST0043,A0001,2023-08,60000,4,2023-08-01,2023,8,3,-0.8660254037844385,-0.5000000000000004,0,0,3,80000.0,20000.0,4000.0,56666.66666666666,35833.333333333336,24666.666666666668,32145.502536643184,2.2972,42,0
ST0043,A0001,2023-09,20000,1,2023-09-01,2023,9,3,-1.0,-1.8369701987210294e-16,0,0,3,60000.0,70000.0,19000.0,70000.0,43333.333333333336,29333.33333333333,10000.000000000004,2.3863,42,0
ST0043,A0001,2023-10,40000,2,2023-10-01,2023,10,4,-0.8660254037844386,0.5000000000000001,0,1,3,20000.0,80000.0,14000.0,53333.333333333336,44166.66666666666,29416.666666666668,30550.50463303893,1.813,42,0
ST0043,A0001,2023-11,20000,2,2023-11-01,2023,11,4,-0.5000000000000004,0.8660254037844384,0,1,3,40000.0,60000.0,12000.0,40000.0,48333.333333333336,31583.33333333333,20000.0,1.2665,42,0
ST0043,A0001,2023-12,20000,1,2023-12-01,2023,12,4,-2.4492935982947064e-16,1.0,0,1,0,20000.0,20000.0,2000.0,26666.666666666668,48333.333333333336,32250.0,11547.005383792495,0.8268,42,0
ST0043,A0001,2024-01,10000,1,2024-01-01,2024,1,1,0.4999999999999999,0.8660254037844387,1,0,0,20000.0,40000.0,30000.0,26666.666666666668,40000.0,33750.0,11547.005383792495,0.7901,42,0
ST0043,A0001,2024-02,24000,2,2024-02-01,2024,2,1,0.8660254037844386,0.5000000000000001,1,0,0,10000.0,20000.0,15000.0,16666.666666666668,28333.33333333333,32083.33333333333,5773.502691896201,0.5195,42,0
ST0043,A0001,2024-03,12000,1,2024-03-01,2024,3,1,1.0,6.123233995736766e-17,1,0,1,24000.0,20000.0,15000.0,18000.0,22333.33333333333,32833.333333333336,7211.102550927936,0.5482,42,0
ST0043,A0001,2024-04,15000,1,2024-04-01,2024,4,2,0.8660254037844387,-0.4999999999999998,0,0,1,12000.0,10000.0,15000.0,15333.333333333334,21000.0,32583.33333333333,7571.87779440032,0.4706,42,0
ST0043,A0001,2024-05,27000,2,2024-05-01,2024,5,2,0.4999999999999999,-0.8660254037844387,0,0,2,15000.0,24000.0,20000.0,17000.0,16833.333333333332,32583.33333333333,6244.997998398347,0.5217,42,0
ST0043,A0001,2024-06,15000,1,2024-06-01,2024,6,2,1.2246467991473532e-16,-1.0,0,0,2,27000.0,12000.0,70000.0,18000.0,18000.0,33166.666666666664,7937.253933193733,0.5427,42,0
ST0043,A0001,2024-07,27000,2,2024-07-01,2024,7,3,-0.4999999999999997,-0.8660254037844388,0,0,2,15000.0,15000.0,80000.0,19000.0,17166.666666666668,28583.33333333333,6928.203230275466,0.6647,42,0
ST0043,A0001,2024-08,27000,2,2024-08-01,2024,8,3,-0.8660254037844385,-0.5000000000000004,0,0,3,27000.0,27000.0,60000.0,23000.0,20000.0,24166.666666666668,6928.203230275472,0.9517,42,0
ST0043,A0001,2024-09,25000,2,2024-09-01,2024,9,3,-1.0,-1.8369701987210294e-16,0,0,3,27000.0,15000.0,20000.0,23000.0,20500.0,21416.666666666668,6928.203230275472,1.0739,42,0
ST0043,A0001,2024-10,25000,3,2024-10-01,2024,10,4,-0.8660254037844386,0.5000000000000001,0,1,3,25000.0,27000.0,40000.0,26333.33333333333,22666.666666666668,21833.33333333333,1154.700538379064,1.2061,42,0
ST0043,A0001,2024-11,14000,1,2024-11-01,2024,11,4,-0.5000000000000004,0.8660254037844384,0,1,3,25000.0,27000.0,20000.0,25666.666666666668,24333.33333333333,20583.33333333333,1154.7005383790558,1.2469,42,0
ST0043,A0001,2024-12,20000,2,2024-12-01,2024,12,4,-2.4492935982947064e-16,1.0,0,1,0,14000.0,25000.0,20000.0,21333.33333333333,22166.666666666668,20083.33333333333,6350.852961085839,1.0622,42,0
ST0043,A0001,2025-01,15000,1,2025-01-01,2025,1,1,0.4999999999999999,0.8660254037844387,1,0,0,20000.0,25000.0,10000.0,19666.666666666668,23000.0,20083.33333333333,5507.570547286046,0.9792,42,0
ST0043,A0001,2025-02,25000,2,2025-02-01,2025,2,1,0.8660254037844386,0.5000000000000001,1,0,0,15000.0,14000.0,24000.0,16333.333333333334,21000.0,20500.0,3214.5502536642075,0.7967,42,0
ST0043,A0001,2025-03,15000,1,2025-03-01,2025,3,1,1.0,6.123233995736766e-17,1,0,1,25000.0,20000.0,12000.0,20000.0,20666.666666666668,20583.33333333333,4999.99999999994,0.9716,42,0
ST0043,A0001,2025-04,30000,2,2025-04-01,2025,4,2,0.8660254037844387,-0.4999999999999998,0,0,1,15000.0,15000.0,15000.0,18333.33333333333,19000.0,20833.33333333333,5773.502691896202,0.88,42,0
ST0043,A0001,2025-05,8000,1,2025-05-01,2025,5,2,0.4999999999999999,-0.8660254037844387,0,0,2,30000.0,25000.0,27000.0,23333.33333333333,19833.33333333333,22083.33333333333,7637.6261582597,1.0566,42,0
ST0043,A0001,2025-06,15000,1,2025-06-01,2025,6,2,1.2246467991473532e-16,-1.0,0,0,2,8000.0,15000.0,15000.0,17666.666666666668,18833.33333333333,20500.0,11239.810200058211,0.8617,42,0
ST0043,A0001,2025-07,15000,1,2025-07-01,2025,7,3,-0.4999999999999997,-0.8660254037844388,0,0,2,15000.0,30000.0,27000.0,17666.666666666668,18000.0,20500.0,11239.810200058211,0.8617,42,0
ST0043,A0001,2025-08,10000,1,2025-08-01,2025,8,3,-0.8660254037844385,-0.5000000000000004,0,0,3,15000.0,8000.0,27000.0,12666.666666666666,18000.0,19500.0,4041.45188432728,0.6495,42,0
ST0043,A0001,2025-09,20000,2,2025-09-01,2025,9,3,-1.0,-1.8369701987210294e-16,0,0,3,10000.0,15000.0,25000.0,13333.333333333334,15500.0,18083.33333333333,2886.751345947991,0.7373,42,0
ST0043,A0001,2025-10,15000,2,2025-10-01,2025,10,4,-0.8660254037844386,0.5000000000000001,0,1,3,20000.0,15000.0,25000.0,15000.0,16333.333333333334,17666.666666666668,4999.9999999999245,0.849,42,0
ST0043,A0001,2025-11,10000,1,2025-11-01,2025,11,4,-0.5000000000000004,0.8660254037844384,0,1,3,15000.0,10000.0,14000.0,15000.0,13833.333333333334,16833.333333333332,4999.9999999999245,0.891,42,0
ST0043,A0001,2025-12,20000,2,2025-12-01,2025,12,4,-2.4492935982947064e-16,1.0,0,1,0,10000.0,20000.0,20000.0,15000.0,14166.666666666666,16500.0,4999.9999999999245,0.909,42,0
ST0043,A0002,2022-03,22000,2,2022-03-01,2022,3,1,1.0,6.123233995736766e-17,1,0,1,34000.0,19000.0,18000.0,23000.0,19666.666666666668,15833.333333333334,9643.650760992956,1.4525,42,1
ST0043,A0002,2022-04,10000,1,2022-04-01,2022,4,2,0.8660254037844387,-0.4999999999999998,0,0,1,22000.0,16000.0,8000.0,24000.0,21666.666666666668,16166.666666666666,9165.15138991168,1.4844,42,1
ST0043,A0002,2022-05,112000,5,2022-05-01,2022,5,2,0.4999999999999999,-0.8660254037844387,0,0,2,10000.0,34000.0,14000.0,22000.0,19833.33333333333,16333.333333333334,12000.0,1.3469,42,1
ST0043,A0002,2022-06,37000,3,2022-06-01,2022,6,2,1.2246467991473532e-16,-1.0,0,0,2,112000.0,22000.0,8000.0,48000.0,35500.0,24500.0,55749.43945906542,1.9591,42,1
ST0043,A0002,2022-07,20000,2,2022-07-01,2022,7,3,-0.4999999999999997,-0.8660254037844388,0,0,2,37000.0,10000.0,8000.0,53000.0,38500.0,26916.666666666668,52848.84104689525,1.969,42,1
ST0043,A0002,2022-08,35000,2,2022-08-01,2022,8,3,-0.8660254037844385,-0.5000000000000004,0,0,3,20000.0,112000.0,16000.0,56333.333333333336,39166.66666666666,27916.666666666668,48952.35779136009,2.0178,42,1
ST0043,A0002,2022-09,15000,1,2022-09-01,2022,9,3,-1.0,-1.8369701987210294e-16,0,0,3,35000.0,37000.0,10000.0,30666.666666666668,39333.333333333336,29500.0,9291.573243177543,1.0395,42,1
ST0043,A0002,2022-10,32000,2,2022-10-01,2022,10,4,-0.8660254037844386,0.5000000000000001,0,1,3,15000.0,20000.0,21000.0,23333.33333333333,38166.66666666666,29916.666666666668,10408.329997330637,0.7799,42,1
ST0043,A0002,2022-11,31000,3,2022-11-01,2022,11,4,-0.5000000000000004,0.8660254037844384,0,1,3,32000.0,35000.0,18000.0,27333.33333333333,41833.333333333336,30833.33333333333,10785.793124908934,0.8865,42,1
ST0043,A0002,2022-12,57000,4,2022-12-01,2022,12,4,-2.4492935982947064e-16,1.0,0,1,0,31000.0,15000.0,19000.0,26000.0,28333.33333333333,31916.666666666668,9539.392014169429,0.8146,42,1
ST0043,A0002,2023-01,59000,3,2023-01-01,2023,1,1,0.4999999999999999,0.8660254037844387,1,0,0,57000.0,32000.0,16000.0,40000.0,31666.666666666668,35083.333333333336,14730.919862656225,1.1401,42,1
ST0043,A0002,2023-02,40000,2,2023-02-01,2023,2,1,0.8660254037844386,0.5000000000000001,1,0,0,59000.0,31000.0,34000.0,49000.0,38166.66666666666,38666.66666666666,15620.499351813309,1.2672,42,1
ST0043,A0002,2023-03,46000,3,2023-03-01,2023,3,1,1.0,6.123233995736766e-17,1,0,1,40000.0,57000.0,22000.0,52000.0,39000.0,39166.66666666666,10440.306508910551,1.3276,42,1
ST0043,A0002,2023-04,37000,3,2023-04-01,2023,4,2,0.8660254037844387,-0.4999999999999998,0,0,1,46000.0,59000.0,10000.0,48333.333333333336,44166.66666666666,41166.66666666666,9712.534856222306,1.1741,42,1
ST0043,A0002,2023-05,20000,2,2023-05-01,2023,5,2,0.4999999999999999,-0.8660254037844387,0,0,2,37000.0,40000.0,112000.0,41000.0,45000.0,43416.66666666666,4582.575694955808,0.9443,42,1
ST0043,A0002,2023-06,30000,2,2023-06-01,2023,6,2,1.2246467991473532e-16,-1.0,0,0,2,20000.0,46000.0,37000.0,34333.333333333336,43166.66666666666,35750.0,13203.534880225554,0.9603,42,1
ST0043,A0002,2023-07,20000,1,2023-07-01,2023,7,3,-0.4999999999999997,-0.8660254037844388,0,0,2,30000.0,37000.0,20000.0,29000.0,38666.66666666666,35166.666666666664,8544.00374531749,0.8246,42,1
ST0043,A0002,2023-08,20000,1,2023-08-01,2023,8,3,-0.8660254037844385,-0.5000000000000004,0,0,3,20000.0,20000.0,35000.0,23333.33333333333,32166.666666666668,35166.666666666664,5773.502691896182,0.6635,42,1
ST0043,A0002,2023-09,20000,1,2023-09-01,2023,9,3,-1.0,-1.8369701987210294e-16,0,0,3,20000.0,30000.0,15000.0,23333.33333333333,28833.33333333333,33916.666666666664,5773.502691896182,0.6879,42,1
ST0043,A0002,2023-10,20000,2,2023-10-01,2023,10,4,-0.8660254037844386,0.5000000000000001,0,1,3,20000.0,20000.0,32000.0,20000.0,24500.0,34333.333333333336,0.0,0.5825,42,1
ST0043,A0002,2023-11,40000,3,2023-11-01,2023,11,4,-0.5000000000000004,0.8660254037844384,0,1,3,20000.0,20000.0,31000.0,20000.0,21666.666666666668,33333.333333333336,0.0,0.6,42,1
ST0043,A0002,2023-12,35000,2,2023-12-01,2023,12,4,-2.4492935982947064e-16,1.0,0,1,0,40000.0,20000.0,57000.0,26666.666666666668,25000.0,34083.333333333336,11547.00538379248,0.7824,42,1
ST0043,A0002,2024-01,25000,2,2024-01-01,2024,1,1,0.4999999999999999,0.8660254037844387,1,0,0,35000.0,20000.0,59000.0,31666.666666666668,25833.33333333333,32250.0,10408.329997330631,0.9819,42,1
ST0043,A0002,2024-02,40000,4,2024-02-01,2024,2,1,0.8660254037844386,0.5000000000000001,1,0,0,25000.0,40000.0,40000.0,33333.333333333336,26666.666666666668,29416.666666666668,7637.626158259694,1.1331,42,1
ST0043,A0002,2024-03,35000,2,2024-03-01,2024,3,1,1.0,6.123233995736766e-17,1,0,1,40000.0,35000.0,46000.0,33333.333333333336,30000.0,29416.666666666668,7637.626158259694,1.1331,42,1
ST0043,A0002,2024-04,20000,1,2024-04-01,2024,4,2,0.8660254037844387,-0.4999999999999998,0,0,1,35000.0,25000.0,37000.0,33333.333333333336,32500.0,28500.0,7637.626158259694,1.1695,42,1
ST0043,A0002,2024-06,40000,2,2024-06-01,2024,6,2,1.2246467991473532e-16,-1.0,0,0,2,20000.0,40000.0,20000.0,31666.666666666668,32500.0,27083.33333333333,10408.329997330631,1.1692,42,1
ST0043,A0002,2024-07,30000,2,2024-07-01,2024,7,3,-0.4999999999999997,-0.8660254037844388,0,0,2,40000.0,35000.0,30000.0,31666.666666666668,32500.0,28750.0,10408.329997330631,1.1014,42,1
ST0043,A0002,2024-09,34000,2,2024-09-01,2024,9,3,-1.0,-1.8369701987210294e-16,0,0,3,30000.0,20000.0,20000.0,30000.0,31666.666666666668,28750.0,9999.999999999964,1.0434,42,1
ST0043,A0002,2024-10,15000,1,2024-10-01,2024,10,4,-0.8660254037844386,0.5000000000000001,0,1,3,34000.0,40000.0,20000.0,34666.666666666664,33166.666666666664,29916.666666666668,5033.222956847112,1.1587,42,1
ST0043,A0002,2024-11,30000,2,2024-11-01,2024,11,4,-0.5000000000000004,0.8660254037844384,0,1,3,15000.0,30000.0,20000.0,26333.33333333333,29000.0,29500.0,10016.652800877771,0.8926,42,1
ST0043,A0002,2024-12,50000,3,2024-12-01,2024,12,4,-2.4492935982947064e-16,1.0,0,1,0,30000.0,34000.0,20000.0,26333.33333333333,28166.666666666668,30333.33333333333,10016.652800877771,0.8681,42,1
ST0043,A0002,2025-01,22000,3,2025-01-01,2025,1,1,0.4999999999999999,0.8660254037844387,1,0,0,50000.0,15000.0,40000.0,31666.666666666668,33166.666666666664,32833.333333333336,17559.422921421214,0.9644,42,1
ST0043,A0002,2025-02,23000,2,2025-02-01,2025,2,1,0.8660254037844386,0.5000000000000001,1,0,0,22000.0,30000.0,35000.0,34000.0,30166.666666666668,31333.33333333333,14422.205101855938,1.0851,42,1
ST0043,A0002,2025-03,30000,2,2025-03-01,2025,3,1,1.0,6.123233995736766e-17,1,0,1,23000.0,50000.0,25000.0,31666.666666666668,29000.0,30333.33333333333,15885.00340992512,1.0439,42,1
ST0043,A0002,2025-04,15000,1,2025-04-01,2025,4,2,0.8660254037844387,-0.4999999999999998,0,0,1,30000.0,22000.0,40000.0,25000.0,28333.33333333333,30750.0,4358.89894354058,0.813,42,1
ST0043,A0002,2025-05,15000,1,2025-05-01,2025,5,2,0.4999999999999999,-0.8660254037844387,0,0,2,15000.0,23000.0,35000.0,22666.666666666668,28333.33333333333,28666.666666666668,7505.553499465076,0.7907,42,1
ST0043,A0002,2025-06,15000,1,2025-06-01,2025,6,2,1.2246467991473532e-16,-1.0,0,0,2,15000.0,30000.0,20000.0,20000.0,25833.33333333333,27000.0,8660.254037844332,0.7407,42,1
ST0043,A0002,2025-07,15000,2,2025-07-01,2025,7,3,-0.4999999999999997,-0.8660254037844388,0,0,2,15000.0,15000.0,40000.0,15000.0,20000.0,26583.33333333333,0.0,0.5642,42,1
ST0043,A0002,2025-08,13000,3,2025-08-01,2025,8,3,-0.8660254037844385,-0.5000000000000004,0,0,3,15000.0,15000.0,30000.0,15000.0,18833.33333333333,24500.0,0.0,0.6122,42,1
ST0043,A0002,2025-09,10000,1,2025-09-01,2025,9,3,-1.0,-1.8369701987210294e-16,0,0,3,13000.0,15000.0,34000.0,14333.333333333334,17166.666666666668,23083.33333333333,1154.7005383787584,0.6209,42,1
ST0043,A0002,2025-10,10000,1,2025-10-01,2025,10,4,-0.8660254037844386,0.5000000000000001,0,1,3,10000.0,15000.0,15000.0,12666.666666666666,13833.333333333334,21083.33333333333,2516.6114784233478,0.6008,42,1
ST0043,A0002,2025-11,30000,3,2025-11-01,2025,11,4,-0.5000000000000004,0.8660254037844384,0,1,3,10000.0,13000.0,30000.0,11000.0,13000.0,20666.666666666668,1732.0508075685204,0.5322,42,1
ST0043,A0002,2025-12,30000,3,2025-12-01,2025,12,4,-2.4492935982947064e-16,1.0,0,1,0,30000.0,10000.0,50000.0,16666.666666666668,15500.0,20666.666666666668,11547.005383792468,0.8064,42,1
ST0044,A0002,2021-12,4000,1,2021-12-01,2021,12,4,-2.4492935982947064e-16,1.0,0,1,0,7000.0,27000.0,14000.0,16333.333333333334,12833.333333333334,13333.333333333334,10066.445913694331,1.2249,43,1
ST0044,A0002,2022-01,6000,1,2022-01-01,2022,1,1,0.4999999999999999,0.8660254037844387,1,0,0,4000.0,15000.0,14000.0,8666.666666666666,11166.666666666666,12500.0,5686.240703077323,0.6933,43,1
ST0044,A0002,2022-02,14000,1,2022-02-01,2022,2,1,0.8660254037844386,0.5000000000000001,1,0,0,6000.0,7000.0,14000.0,5666.666666666667,11000.0,11833.333333333334,1527.5252316519295,0.4788,43,1
ST0044,A0002,2022-04,8000,1,2022-04-01,2022,4,2,0.8660254037844387,-0.4999999999999998,0,0,1,14000.0,4000.0,13000.0,8000.0,12166.666666666666,11833.333333333334,5291.502622129176,0.676,43,1
ST0044,A0002,2022-05,12000,2,2022-05-01,2022,5,2,0.4999999999999999,-0.8660254037844387,0,0,2,8000.0,6000.0,14000.0,9333.333333333334,9000.0,11416.666666666666,4163.33199893226,0.8174,43,1
ST0044,A0002,2022-06,65000,2,2022-06-01,2022,6,2,1.2246467991473532e-16,-1.0,0,0,2,12000.0,14000.0,14000.0,11333.333333333334,8500.0,11250.0,3055.0504633038868,1.0073,43,1
ST0044,A0002,2022-07,5000,1,2022-07-01,2022,7,3,-0.4999999999999997,-0.8660254037844388,0,0,2,65000.0,8000.0,14000.0,28333.33333333333,18166.666666666668,15500.0,31817.186131607137,1.8278,43,1
ST0044,A0002,2022-08,5000,1,2022-08-01,2022,8,3,-0.8660254037844385,-0.5000000000000004,0,0,3,5000.0,12000.0,7000.0,27333.33333333333,18333.33333333333,14750.0,32807.519463277524,1.853,43,1
ST0044,A0002,2022-09,23000,2,2022-09-01,2022,9,3,-1.0,-1.8369701987210294e-16,0,0,3,5000.0,65000.0,7000.0,25000.0,18166.666666666668,14583.333333333334,34641.016151377546,1.7142,43,1
ST0044,A0002,2022-11,15000,2,2022-11-01,2022,11,4,-0.5000000000000004,0.8660254037844384,0,1,3,23000.0,5000.0,27000.0,11000.0,19666.666666666668,15916.666666666666,10392.304845413248,0.6911,43,1
ST0044,A0002,2022-12,63000,4,2022-12-01,2022,12,4,-2.4492935982947064e-16,1.0,0,1,0,15000.0,5000.0,15000.0,14333.333333333334,20833.33333333333,14916.666666666666,9018.499505645774,0.9608,43,1
ST0044,A0002,2023-01,65000,3,2023-01-01,2023,1,1,0.4999999999999999,0.8660254037844387,1,0,0,63000.0,23000.0,7000.0,33666.666666666664,29333.33333333333,18916.666666666668,25716.40202931455,1.7796,43,1
ST0044,A0002,2023-02,35000,1,2023-02-01,2023,2,1,0.8660254037844386,0.5000000000000001,1,0,0,65000.0,15000.0,4000.0,47666.66666666666,29333.33333333333,23750.0,28307.83166074954,2.0069,43,1
ST0044,A0002,2023-03,30000,1,2023-03-01,2023,3,1,1.0,6.123233995736766e-17,1,0,1,35000.0,63000.0,6000.0,54333.333333333336,34333.333333333336,26333.33333333333,16772.994167212193,2.0632,43,1
ST0044,A0002,2023-05,20000,2,2023-05-01,2023,5,2,0.4999999999999999,-0.8660254037844387,0,0,2,30000.0,65000.0,14000.0,43333.333333333336,38500.0,28333.33333333333,18929.694486000924,1.5294,43,1
ST0044,A0002,2023-08,20000,2,2023-08-01,2023,8,3,-0.8660254037844385,-0.5000000000000004,0,0,3,20000.0,35000.0,8000.0,28333.33333333333,38000.0,28833.33333333333,7637.626158259731,0.9826,43,1
ST0044,A0002,2023-12,20000,1,2023-12-01,2023,12,4,-2.4492935982947064e-16,1.0,0,1,0,20000.0,30000.0,12000.0,23333.33333333333,38833.333333333336,29833.33333333333,5773.502691896239,0.7821,43,1
ST0044,A0002,2024-01,20000,1,2024-01-01,2024,1,1,0.4999999999999999,0.8660254037844387,1,0,0,20000.0,20000.0,65000.0,20000.0,31666.666666666668,30500.0,0.0,0.6557,43,1
ST0044,A0002,2024-03,15000,1,2024-03-01,2024,3,1,1.0,6.123233995736766e-17,1,0,1,20000.0,20000.0,5000.0,20000.0,24166.666666666668,26750.0,0.0,0.7476,43,1
ST0044,A0002,2024-04,15000,1,2024-04-01,2024,4,2,0.8660254037844387,-0.4999999999999998,0,0,1,15000.0,20000.0,5000.0,18333.33333333333,20833.33333333333,27583.33333333333,2886.7513459480624,0.6646,43,1
ST0044,A0002,2024-05,15000,1,2024-05-01,2024,5,2,0.4999999999999999,-0.8660254037844387,0,0,2,15000.0,20000.0,23000.0,16666.666666666668,18333.33333333333,28416.666666666668,2886.751345948054,0.5865,43,1
ST0044,A0002,2024-08,15000,1,2024-08-01,2024,8,3,-0.8660254037844385,-0.5000000000000004,0,0,3,15000.0,15000.0,15000.0,15000.0,17500.0,27750.0,0.0,0.5405,43,1
ST0044,A0002,2024-10,10000,1,2024-10-01,2024,10,4,-0.8660254037844386,0.5000000000000001,0,1,3,15000.0,15000.0,63000.0,15000.0,16666.666666666668,27750.0,0.0,0.5405,43,1
ST0044,A0002,2024-11,15000,1,2024-11-01,2024,11,4,-0.5000000000000004,0.8660254037844384,0,1,3,10000.0,15000.0,65000.0,13333.333333333334,15000.0,23333.33333333333,2886.751345948037,0.5714,43,1
ST0044,A0002,2024-12,25000,2,2024-12-01,2024,12,4,-2.4492935982947064e-16,1.0,0,1,0,15000.0,15000.0,35000.0,13333.333333333334,14166.666666666666,19166.666666666668,2886.751345948037,0.6956,43,1
ST0044,A0002,2025-01,35000,3,2025-01-01,2025,1,1,0.4999999999999999,0.8660254037844387,1,0,0,25000.0,10000.0,30000.0,16666.666666666668,15833.333333333334,18333.33333333333,7637.626158259705,0.909,43,1
ST0044,A0002,2025-02,15000,1,2025-02-01,2025,2,1,0.8660254037844386,0.5000000000000001,1,0,0,35000.0,15000.0,20000.0,25000.0,19166.666666666668,18750.0,9999.99999999999,1.3333,43,1
ST0044,A0002,2025-03,15000,1,2025-03-01,2025,3,1,1.0,6.123233995736766e-17,1,0,1,15000.0,25000.0,20000.0,25000.0,19166.666666666668,18333.33333333333,9999.99999999999,1.3636,43,1
ST0044,A0002,2025-04,15000,1,2025-04-01,2025,4,2,0.8660254037844387,-0.4999999999999998,0,0,1,15000.0,35000.0,20000.0,21666.666666666668,19166.666666666668,17916.666666666668,11547.005383792504,1.2092,43,1
ST0044,A0002,2025-06,15000,1,2025-06-01,2025,6,2,1.2246467991473532e-16,-1.0,0,0,2,15000.0,15000.0,20000.0,15000.0,20000.0,17500.0,0.0,0.8571,43,1
ST0044,A0002,2025-08,15000,1,2025-08-01,2025,8,3,-0.8660254037844385,-0.5000000000000004,0,0,3,15000.0,15000.0,15000.0,15000.0,20000.0,17083.333333333332,0.0,0.878,43,1
ST0044,A0002,2025-12,10000,1,2025-12-01,2025,12,4,-2.4492935982947064e-16,1.0,0,1,0,15000.0,15000.0,15000.0,15000.0,18333.33333333333,17083.333333333332,0.0,0.878,43,1
ST0047,A0001,2022-12,15000,2,2022-12-01,2022,12,4,-2.4492935982947064e-16,1.0,0,1,0,5000.0,15000.0,4000.0,8333.333333333334,8833.333333333334,7500.0,5773.502691896256,1.111,46,0
ST0047,A0001,2023-01,13000,2,2023-01-01,2023,1,1,0.4999999999999999,0.8660254037844387,1,0,0,15000.0,5000.0,3000.0,8333.333333333334,10500.0,8416.666666666666,5773.502691896256,0.99,46,0
ST0047,A0001,2023-02,12000,3,2023-02-01,2023,2,1,0.8660254037844386,0.5000000000000001,1,0,0,13000.0,5000.0,17000.0,11000.0,12166.666666666666,9250.0,5291.502622129177,1.1891,46,0
ST0047,A0001,2023-03,20000,3,2023-03-01,2023,3,1,1.0,6.123233995736766e-17,1,0,1,12000.0,15000.0,3000.0,13333.333333333334,10833.333333333334,8833.333333333334,1527.52523165193,1.5093,46,0
ST0047,A0001,2023-04,21000,2,2023-04-01,2023,4,2,0.8660254037844387,-0.4999999999999998,0,0,1,20000.0,13000.0,1000.0,15000.0,11666.666666666666,10250.0,4358.898943540667,1.4633,46,0
ST0047,A0001,2023-05,25000,2,2023-05-01,2023,5,2,0.4999999999999999,-0.8660254037844387,0,0,2,21000.0,12000.0,9000.0,17666.666666666668,14333.333333333334,11916.666666666666,4932.88286231624,1.4824,46,0
ST0047,A0001,2023-06,11000,1,2023-06-01,2023,6,2,1.2246467991473532e-16,-1.0,0,0,2,25000.0,20000.0,5000.0,22000.0,17666.666666666668,13250.0,2645.751311064575,1.6603,46,0
ST0047,A0001,2023-07,53000,5,2023-07-01,2023,7,3,-0.4999999999999997,-0.8660254037844388,0,0,2,11000.0,21000.0,3000.0,19000.0,17000.0,13750.0,7211.102550927972,1.3817,46,0
ST0047,A0001,2023-08,10000,1,2023-08-01,2023,8,3,-0.8660254037844385,-0.5000000000000004,0,0,3,53000.0,25000.0,20000.0,29666.666666666668,23666.666666666668,17916.666666666668,21385.35324312725,1.6557,46,0
ST0047,A0001,2023-09,37000,4,2023-09-01,2023,9,3,-1.0,-1.8369701987210294e-16,0,0,3,10000.0,11000.0,15000.0,24666.666666666668,23333.33333333333,17083.333333333332,24542.480178933285,1.4438,46,0
ST0047,A0001,2023-11,30000,2,2023-11-01,2023,11,4,-0.5000000000000004,0.8660254037844384,0,1,3,37000.0,53000.0,5000.0,33333.333333333336,26166.666666666668,18916.666666666668,21733.23108360405,1.762,46,0
ST0047,A0001,2023-12,10000,1,2023-12-01,2023,12,4,-2.4492935982947064e-16,1.0,0,1,0,30000.0,10000.0,5000.0,25666.666666666668,27666.666666666668,21000.0,14011.899704655798,1.2222,46,0
ST0047,A0001,2024-01,22000,1,2024-01-01,2024,1,1,0.4999999999999999,0.8660254037844387,1,0,0,10000.0,37000.0,15000.0,25666.666666666668,25166.666666666668,21416.666666666668,14011.899704655798,1.1984,46,0
ST0047,A0001,2024-02,35000,3,2024-02-01,2024,2,1,0.8660254037844386,0.5000000000000001,1,0,0,22000.0,30000.0,13000.0,20666.666666666668,27000.0,22000.0,10066.445913694324,0.9394,46,0
ST0047,A0001,2024-04,10000,1,2024-04-01,2024,4,2,0.8660254037844387,-0.4999999999999998,0,0,1,35000.0,10000.0,12000.0,22333.33333333333,24000.0,23833.33333333333,12503.332889007364,0.937,46,0
ST0047,A0001,2024-05,45000,4,2024-05-01,2024,5,2,0.4999999999999999,-0.8660254037844387,0,0,2,10000.0,22000.0,20000.0,22333.33333333333,24000.0,23666.666666666668,12503.332889007364,0.9436,46,0
ST0047,A0001,2024-06,10000,1,2024-06-01,2024,6,2,1.2246467991473532e-16,-1.0,0,0,2,45000.0,35000.0,21000.0,30000.0,25333.33333333333,25750.0,18027.756377319944,1.165,46,0
ST0047,A0001,2024-08,10000,1,2024-08-01,2024,8,3,-0.8660254037844385,-0.5000000000000004,0,0,3,10000.0,10000.0,25000.0,21666.666666666668,22000.0,24833.33333333333,20207.259421636896,0.8724,46,0
ST0047,A0001,2024-09,20000,3,2024-09-01,2024,9,3,-1.0,-1.8369701987210294e-16,0,0,3,10000.0,45000.0,11000.0,21666.666666666668,22000.0,23583.33333333333,20207.259421636896,0.9187,46,0
ST0047,A0001,2024-10,20000,2,2024-10-01,2024,10,4,-0.8660254037844386,0.5000000000000001,0,1,3,20000.0,10000.0,53000.0,13333.333333333334,21666.666666666668,24333.33333333333,5773.502691896227,0.5479,46,0
ST0047,A0001,2024-12,10000,2,2024-12-01,2024,12,4,-2.4492935982947064e-16,1.0,0,1,0,20000.0,10000.0,10000.0,16666.666666666668,19166.666666666668,21583.33333333333,5773.502691896233,0.7722,46,0
ST0047,A0001,2025-01,5000,1,2025-01-01,2025,1,1,0.4999999999999999,0.8660254037844387,1,0,0,10000.0,20000.0,37000.0,16666.666666666668,19166.666666666668,21583.33333333333,5773.502691896233,0.7722,46,0
ST0047,A0001,2025-02,5000,1,2025-02-01,2025,2,1,0.8660254037844386,0.5000000000000001,1,0,0,5000.0,20000.0,30000.0,11666.666666666666,12500.0,18916.666666666668,7637.626158259709,0.6167,46,0
ST0047,A0001,2025-04,10000,2,2025-04-01,2025,4,2,0.8660254037844387,-0.4999999999999998,0,0,1,5000.0,10000.0,10000.0,6666.666666666667,11666.666666666666,16833.333333333332,2886.7513459480474,0.396,46,0
ST0047,A0001,2025-05,10000,2,2025-05-01,2025,5,2,0.4999999999999999,-0.8660254037844387,0,0,2,10000.0,5000.0,22000.0,6666.666666666667,11666.666666666666,16833.333333333332,2886.7513459480474,0.396,46,0
ST0047,A0001,2025-06,5000,1,2025-06-01,2025,6,2,1.2246467991473532e-16,-1.0,0,0,2,10000.0,5000.0,35000.0,8333.333333333334,10000.0,15833.333333333334,2886.751345948053,0.5263,46,0
ST0047,A0001,2025-07,5000,1,2025-07-01,2025,7,3,-0.4999999999999997,-0.8660254037844388,0,0,2,5000.0,10000.0,10000.0,8333.333333333334,7500.0,13333.333333333334,2886.751345948053,0.625,46,0
ST0047,A0001,2025-08,10000,1,2025-08-01,2025,8,3,-0.8660254037844385,-0.5000000000000004,0,0,3,5000.0,10000.0,45000.0,6666.666666666667,6666.666666666667,12916.666666666666,2886.751345948047,0.5161,46,0
ST0047,A0001,2025-09,5000,1,2025-09-01,2025,9,3,-1.0,-1.8369701987210294e-16,0,0,3,10000.0,5000.0,10000.0,6666.666666666667,7500.0,10000.0,2886.751345948047,0.6666,46,0
ST0047,A0001,2025-10,20000,3,2025-10-01,2025,10,4,-0.8660254037844386,0.5000000000000001,0,1,3,5000.0,5000.0,10000.0,6666.666666666667,7500.0,9583.333333333334,2886.751345948047,0.6956,46,0
ST0047,A0001,2025-12,15000,3,2025-12-01,2025,12,4,-2.4492935982947064e-16,1.0,0,1,0,20000.0,10000.0,20000.0,11666.666666666666,9166.666666666666,10416.666666666666,7637.626158259709,1.1199,46,0
ST0047,A0002,2022-09,71000,4,2022-09-01,2022,9,3,-1.0,-1.8369701987210294e-16,0,0,3,95000.0,199000.0,5000.0,119666.66666666669,75083.33333333333,42375.0,70323.06402122515,2.8239,46,1
ST0047,A0002,2022-10,51000,4,2022-10-01,2022,10,4,-0.8660254037844386,0.5000000000000001,0,1,3,71000.0,65000.0,5000.0,77000.0,83416.66666666667,47875.0,15874.507866387454,1.6083,46,1
ST0047,A0002,2022-11,69000,6,2022-11-01,2022,11,4,-0.5000000000000004,0.8660254037844384,0,1,3,51000.0,95000.0,8000.0,72333.33333333333,90083.33333333331,51708.333333333336,22030.282189144345,1.3988,46,1
ST0047,A0002,2022-12,19000,3,2022-12-01,2022,12,4,-2.4492935982947064e-16,1.0,0,1,0,69000.0,71000.0,17000.0,63666.66666666666,91666.66666666669,56791.66666666666,11015.141094572064,1.121,46,1
ST0047,A0002,2023-01,41000,4,2023-01-01,2023,1,1,0.4999999999999999,0.8660254037844387,1,0,0,19000.0,51000.0,14000.0,46333.333333333336,61666.66666666666,56958.333333333336,25324.559884296712,0.8134,46,1
ST0047,A0002,2023-02,43000,3,2023-02-01,2023,2,1,0.8660254037844386,0.5000000000000001,1,0,0,41000.0,69000.0,9000.0,43000.0,57666.66666666666,59208.333333333336,25059.928172283275,0.7262,46,1
ST0047,A0002,2023-03,46000,3,2023-03-01,2023,3,1,1.0,6.123233995736766e-17,1,0,1,43000.0,19000.0,21000.0,34333.333333333336,49000.0,62041.66666666666,13316.656236958668,0.5534,46,1
ST0047,A0002,2023-04,76000,3,2023-04-01,2023,4,2,0.8660254037844387,-0.4999999999999998,0,0,1,46000.0,41000.0,11000.0,43333.333333333336,44833.333333333336,64125.0,2516.6114784229544,0.6758,46,1
ST0047,A0002,2023-05,35000,3,2023-05-01,2023,5,2,0.4999999999999999,-0.8660254037844387,0,0,2,76000.0,43000.0,59500.0,55000.0,49000.0,69541.66666666667,18248.28759089457,0.7909,46,1
ST0047,A0002,2023-06,77000,4,2023-06-01,2023,6,2,1.2246467991473532e-16,-1.0,0,0,2,35000.0,46000.0,199000.0,52333.333333333336,43333.333333333336,67500.0,21221.058723195933,0.7753,46,1
ST0047,A0002,2023-07,23000,2,2023-07-01,2023,7,3,-0.4999999999999997,-0.8660254037844388,0,0,2,77000.0,76000.0,65000.0,62666.66666666666,53000.0,57333.333333333336,23965.25262402485,1.093,46,1
ST0047,A0002,2023-08,18000,1,2023-08-01,2023,8,3,-0.8660254037844385,-0.5000000000000004,0,0,3,23000.0,35000.0,95000.0,45000.0,50000.0,53833.333333333336,28354.893757515594,0.8359,46,1
ST0047,A0002,2023-09,15000,1,2023-09-01,2023,9,3,-1.0,-1.8369701987210294e-16,0,0,3,18000.0,77000.0,71000.0,39333.333333333336,45833.333333333336,47416.66666666666,32715.949219506536,0.8295,46,1
ST0047,A0002,2023-10,104000,5,2023-10-01,2023,10,4,-0.8660254037844386,0.5000000000000001,0,1,3,15000.0,23000.0,51000.0,18666.666666666668,40666.66666666666,42750.0,4041.451884327013,0.4366,46,1
ST0047,A0002,2023-11,35000,2,2023-11-01,2023,11,4,-0.5000000000000004,0.8660254037844384,0,1,3,104000.0,18000.0,69000.0,45666.66666666666,45333.333333333336,47166.66666666666,50540.41287260454,0.9682,46,1
ST0047,A0002,2023-12,135000,4,2023-12-01,2023,12,4,-2.4492935982947064e-16,1.0,0,1,0,35000.0,15000.0,19000.0,51333.333333333336,45333.333333333336,44333.333333333336,46694.03959107983,1.1579,46,1
ST0047,A0002,2024-01,46000,4,2024-01-01,2024,1,1,0.4999999999999999,0.8660254037844387,1,0,0,135000.0,104000.0,41000.0,91333.33333333331,55000.0,54000.0,51189.191567491376,1.6913,46,1
ST0047,A0002,2024-02,65000,5,2024-02-01,2024,2,1,0.8660254037844386,0.5000000000000001,1,0,0,46000.0,35000.0,43000.0,72000.0,58833.333333333336,54416.66666666666,54836.11948342075,1.3231,46,1
ST0047,A0002,2024-03,65000,3,2024-03-01,2024,3,1,1.0,6.123233995736766e-17,1,0,1,65000.0,135000.0,46000.0,82000.0,66666.66666666667,56250.0,46872.16658103182,1.4578,46,1
ST0047,A0002,2024-04,40000,2,2024-04-01,2024,4,2,0.8660254037844387,-0.4999999999999998,0,0,1,65000.0,46000.0,76000.0,58666.66666666666,75000.0,57833.333333333336,10969.655114602738,1.0144,46,1
ST0047,A0002,2024-05,30000,1,2024-05-01,2024,5,2,0.4999999999999999,-0.8660254037844387,0,0,2,40000.0,65000.0,35000.0,56666.66666666666,64333.333333333336,54833.333333333336,14433.75672974053,1.0334,46,1
ST0047,A0002,2024-06,45000,3,2024-06-01,2024,6,2,1.2246467991473532e-16,-1.0,0,0,2,30000.0,65000.0,77000.0,45000.0,63500.0,54416.66666666666,18027.756377319853,0.8269,46,1
ST0047,A0002,2024-07,40000,2,2024-07-01,2024,7,3,-0.4999999999999997,-0.8660254037844388,0,0,2,45000.0,40000.0,23000.0,38333.333333333336,48500.0,51750.0,7637.626158259514,0.7407,46,1
ST0047,A0002,2024-08,15000,1,2024-08-01,2024,8,3,-0.8660254037844385,-0.5000000000000004,0,0,3,40000.0,30000.0,18000.0,38333.333333333336,47500.0,53166.66666666666,7637.626158259514,0.721,46,1
ST0047,A0002,2024-09,45000,2,2024-09-01,2024,9,3,-1.0,-1.8369701987210294e-16,0,0,3,15000.0,45000.0,15000.0,33333.333333333336,39166.66666666666,52916.66666666666,16072.751268321488,0.6299,46,1
ST0047,A0002,2024-10,30000,2,2024-10-01,2024,10,4,-0.8660254037844386,0.5000000000000001,0,1,3,45000.0,40000.0,104000.0,33333.333333333336,35833.333333333336,55416.66666666666,16072.751268321488,0.6015,46,1
ST0047,A0002,2024-11,60000,4,2024-11-01,2024,11,4,-0.5000000000000004,0.8660254037844384,0,1,3,30000.0,15000.0,35000.0,30000.0,34166.666666666664,49250.0,14999.999999999887,0.6091,46,1
ST0047,A0002,2024-12,45000,3,2024-12-01,2024,12,4,-2.4492935982947064e-16,1.0,0,1,0,60000.0,45000.0,135000.0,45000.0,39166.66666666666,51333.333333333336,14999.999999999882,0.8766,46,1
ST0047,A0002,2025-01,45000,3,2025-01-01,2025,1,1,0.4999999999999999,0.8660254037844387,1,0,0,45000.0,30000.0,46000.0,45000.0,39166.66666666666,43833.333333333336,14999.999999999882,1.0266,46,1
ST0047,A0002,2025-02,65000,4,2025-02-01,2025,2,1,0.8660254037844386,0.5000000000000001,1,0,0,45000.0,60000.0,65000.0,50000.0,40000.0,43750.0,8660.254037844175,1.1428,46,1
ST0047,A0002,2025-03,50000,3,2025-03-01,2025,3,1,1.0,6.123233995736766e-17,1,0,1,65000.0,45000.0,65000.0,51666.66666666666,48333.333333333336,43750.0,11547.005383792351,1.1809,46,1
ST0047,A0002,2025-04,30000,2,2025-04-01,2025,4,2,0.8660254037844387,-0.4999999999999998,0,0,1,50000.0,45000.0,40000.0,53333.333333333336,49166.66666666666,42500.0,10408.32999733048,1.2549,46,1
ST0047,A0002,2025-05,15000,1,2025-05-01,2025,5,2,0.4999999999999999,-0.8660254037844387,0,0,2,30000.0,65000.0,30000.0,48333.333333333336,49166.66666666666,41666.66666666666,17559.422921421126,1.16,46,1
ST0047,A0002,2025-06,35000,2,2025-06-01,2025,6,2,1.2246467991473532e-16,-1.0,0,0,2,15000.0,50000.0,45000.0,31666.666666666668,41666.66666666666,40416.66666666666,17559.42292142114,0.7835,46,1
ST0047,A0002,2025-07,35000,3,2025-07-01,2025,7,3,-0.4999999999999997,-0.8660254037844388,0,0,2,35000.0,30000.0,40000.0,26666.666666666668,40000.0,39583.333333333336,10408.32999733052,0.6737,46,1
ST0047,A0002,2025-08,20000,1,2025-08-01,2025,8,3,-0.8660254037844385,-0.5000000000000004,0,0,3,35000.0,15000.0,15000.0,28333.33333333333,38333.333333333336,39166.66666666666,11547.005383792384,0.7234,46,1
ST0047,A0002,2025-09,15000,1,2025-09-01,2025,9,3,-1.0,-1.8369701987210294e-16,0,0,3,20000.0,35000.0,45000.0,30000.0,30833.33333333333,39583.333333333336,8660.254037844208,0.7579,46,1
ST0047,A0002,2025-10,15000,1,2025-10-01,2025,10,4,-0.8660254037844386,0.5000000000000001,0,1,3,15000.0,35000.0,30000.0,23333.33333333333,25000.0,37083.333333333336,10408.329997330527,0.6292,46,1
ST0047,A0002,2025-11,15000,1,2025-11-01,2025,11,4,-0.5000000000000004,0.8660254037844384,0,1,3,15000.0,20000.0,60000.0,16666.666666666668,22500.0,35833.333333333336,2886.751345947689,0.4651,46,1
ST0047,A0002,2025-12,15000,1,2025-12-01,2025,12,4,-2.4492935982947064e-16,1.0,0,1,0,15000.0,15000.0,45000.0,15000.0,22500.0,32083.33333333333,0.0,0.4675,46,1
ST0050,A0001,2022-09,5000,1,2022-09-01,2022,9,3,-1.0,-1.8369701987210294e-16,0,0,3,5000.0,4000.0,5000.0,6000.0,4833.333333333333,5416.666666666667,2645.7513110645905,1.1075,49,0
ST0050,A0001,2022-11,5000,1,2022-11-01,2022,11,4,-0.5000000000000004,0.8660254037844384,0,1,3,5000.0,9000.0,5000.0,6333.333333333333,4666.666666666667,5416.666666666667,2309.4010767585028,1.169,49,0
ST0050,A0001,2022-12,5000,1,2022-12-01,2022,12,4,-2.4492935982947064e-16,1.0,0,1,0,5000.0,5000.0,5000.0,5000.0,5000.0,5416.666666666667,0.0,0.9229,49,0
ST0050,A0001,2023-02,5000,1,2023-02-01,2023,2,1,0.8660254037844386,0.5000000000000001,1,0,0,5000.0,5000.0,10000.0,5000.0,5500.0,5416.666666666667,0.0,0.9229,49,0
ST0050,A0001,2023-03,3000,1,2023-03-01,2023,3,1,1.0,6.123233995736766e-17,1,0,1,5000.0,5000.0,3000.0,5000.0,5666.666666666667,5000.0,0.0,0.9998,49,0
ST0050,A0001,2023-12,15000,1,2023-12-01,2023,12,4,-2.4492935982947064e-16,1.0,0,1,0,3000.0,5000.0,8000.0,4333.333333333333,4666.666666666667,5000.0,1154.700538379251,0.8665,49,0
ST0050,A0001,2024-02,30000,2,2024-02-01,2024,2,1,0.8660254037844386,0.5000000000000001,1,0,0,15000.0,5000.0,6000.0,7666.666666666667,6333.333333333333,5583.333333333333,6429.100507328637,1.3729,49,0
ST0050,A0001,2024-04,15000,1,2024-04-01,2024,4,2,0.8660254037844387,-0.4999999999999998,0,0,1,30000.0,3000.0,3000.0,16000.0,10500.0,7583.333333333333,13527.749258468682,2.1096,49,0
ST0050,A0001,2024-05,15000,1,2024-05-01,2024,5,2,0.4999999999999999,-0.8660254037844387,0,0,2,15000.0,15000.0,2000.0,20000.0,12166.666666666666,8583.333333333334,8660.254037844386,2.3298,49,0
ST0050,A0001,2024-06,15000,1,2024-06-01,2024,6,2,1.2246467991473532e-16,-1.0,0,0,2,15000.0,30000.0,4000.0,20000.0,13833.333333333334,9666.666666666666,8660.254037844386,2.0688,49,0
ST0050,A0001,2024-07,30000,2,2024-07-01,2024,7,3,-0.4999999999999997,-0.8660254037844388,0,0,2,15000.0,15000.0,9000.0,15000.0,15500.0,10583.333333333334,0.0,1.4172,49,0
ST0050,A0001,2024-09,15000,1,2024-09-01,2024,9,3,-1.0,-1.8369701987210294e-16,0,0,3,30000.0,15000.0,5000.0,20000.0,20000.0,12333.333333333334,8660.254037844386,1.6215,49,0
ST0050,A0001,2024-10,10000,1,2024-10-01,2024,10,4,-0.8660254037844386,0.5000000000000001,0,1,3,15000.0,15000.0,5000.0,20000.0,20000.0,13166.666666666666,8660.254037844386,1.5189,49,0
ST0050,A0001,2024-11,10000,1,2024-11-01,2024,11,4,-0.5000000000000004,0.8660254037844384,0,1,3,10000.0,30000.0,5000.0,18333.33333333333,16666.666666666668,13583.333333333334,10408.329997330664,1.3496,49,0
ST0050,A0001,2024-12,10000,1,2024-12-01,2024,12,4,-2.4492935982947064e-16,1.0,0,1,0,10000.0,15000.0,5000.0,11666.666666666666,15833.333333333334,14000.0,2886.751345948126,0.8333,49,0
ST0050,A0001,2025-01,10000,1,2025-01-01,2025,1,1,0.4999999999999999,0.8660254037844387,1,0,0,10000.0,10000.0,5000.0,10000.0,15000.0,14416.666666666666,0.0,0.6936,49,0
ST0050,A0001,2025-03,10000,1,2025-03-01,2025,3,1,1.0,6.123233995736766e-17,1,0,1,10000.0,10000.0,3000.0,10000.0,14166.666666666666,14833.333333333334,0.0,0.6741,49,0
ST0050,A0001,2025-04,5000,1,2025-04-01,2025,4,2,0.8660254037844387,-0.4999999999999998,0,0,1,10000.0,10000.0,15000.0,10000.0,10833.333333333334,15416.666666666666,0.0,0.6486,49,0
ST0050,A0001,2025-05,5000,1,2025-05-01,2025,5,2,0.4999999999999999,-0.8660254037844387,0,0,2,5000.0,10000.0,30000.0,8333.333333333334,9166.666666666666,14583.333333333334,2886.751345948126,0.5714,49,0
ST0050,A0001,2025-06,5000,1,2025-06-01,2025,6,2,1.2246467991473532e-16,-1.0,0,0,2,5000.0,10000.0,15000.0,6666.666666666667,8333.333333333334,12500.0,2886.7513459481265,0.5333,49,0
ST0050,A0001,2025-07,5000,1,2025-07-01,2025,7,3,-0.4999999999999997,-0.8660254037844388,0,0,2,5000.0,5000.0,15000.0,5000.0,7500.0,11666.666666666666,0.0,0.4285,49,0
ST0050,A0001,2025-08,5000,1,2025-08-01,2025,8,3,-0.8660254037844385,-0.5000000000000004,0,0,3,5000.0,5000.0,15000.0,5000.0,6666.666666666667,10833.333333333334,0.0,0.4615,49,0
ST0050,A0001,2025-09,5000,1,2025-09-01,2025,9,3,-1.0,-1.8369701987210294e-16,0,0,3,5000.0,5000.0,30000.0,5000.0,5833.333333333333,10000.0,0.0,0.5,49,0
ST0050,A0001,2025-11,5000,1,2025-11-01,2025,11,4,-0.5000000000000004,0.8660254037844384,0,1,3,5000.0,5000.0,15000.0,5000.0,5000.0,7916.666666666667,0.0,0.6315,49,0
ST0050,A0002,2022-10,15000,2,2022-10-01,2022,10,4,-0.8660254037844386,0.5000000000000001,0,1,3,30000.0,9000.0,15000.0,19000.0,16166.666666666666,13750.0,10535.653752852735,1.3817,49,1
ST0050,A0002,2022-11,27000,3,2022-11-01,2022,11,4,-0.5000000000000004,0.8660254037844384,0,1,3,15000.0,18000.0,5000.0,21000.0,18000.0,13750.0,7937.253933193768,1.5272,49,1
ST0050,A0002,2022-12,16000,2,2022-12-01,2022,12,4,-2.4492935982947064e-16,1.0,0,1,0,27000.0,30000.0,12000.0,24000.0,21166.666666666668,15583.333333333334,7937.253933193768,1.54,49,1
ST0050,A0002,2023-01,13000,2,2023-01-01,2023,1,1,0.4999999999999999,0.8660254037844387,1,0,0,16000.0,15000.0,9000.0,19333.33333333333,19166.666666666668,15916.666666666666,6658.328118479388,1.2146,49,1
ST0050,A0002,2023-02,6000,1,2023-02-01,2023,2,1,0.8660254037844386,0.5000000000000001,1,0,0,13000.0,27000.0,14000.0,18666.666666666668,19833.33333333333,16250.0,7371.114795831991,1.1486,49,1
ST0050,A0002,2023-03,5000,1,2023-03-01,2023,3,1,1.0,6.123233995736766e-17,1,0,1,6000.0,16000.0,13000.0,11666.666666666666,17833.333333333332,15583.333333333334,5131.601439446881,0.7486,49,1
ST0050,A0002,2023-12,15000,1,2023-12-01,2023,12,4,-2.4492935982947064e-16,1.0,0,1,0,5000.0,13000.0,4000.0,8000.0,13666.666666666666,14916.666666666666,4358.898943540672,0.5363,49,1
ST0050,A0002,2024-01,30000,2,2024-01-01,2024,1,1,0.4999999999999999,0.8660254037844387,1,0,0,15000.0,6000.0,8000.0,8666.666666666666,13666.666666666666,15833.333333333334,5507.5705472861,0.5473,49,1
ST0050,A0002,2024-02,30000,2,2024-02-01,2024,2,1,0.8660254037844386,0.5000000000000001,1,0,0,30000.0,5000.0,28000.0,16666.666666666668,14166.666666666666,17666.666666666668,12583.057392117917,0.9433,49,1
ST0050,A0002,2024-03,30000,2,2024-03-01,2024,3,1,1.0,6.123233995736766e-17,1,0,1,30000.0,15000.0,9000.0,25000.0,16500.0,17833.333333333332,8660.254037844385,1.4018,49,1
ST0050,A0002,2024-04,30000,2,2024-04-01,2024,4,2,0.8660254037844387,-0.4999999999999998,0,0,1,30000.0,30000.0,18000.0,30000.0,19333.33333333333,19583.33333333333,0.0,1.5318,49,1
ST0050,A0002,2024-05,15000,1,2024-05-01,2024,5,2,0.4999999999999999,-0.8660254037844387,0,0,2,30000.0,30000.0,30000.0,30000.0,23333.33333333333,20583.33333333333,0.0,1.4574,49,1
ST0050,A0002,2024-06,15000,1,2024-06-01,2024,6,2,1.2246467991473532e-16,-1.0,0,0,2,15000.0,30000.0,15000.0,25000.0,25000.0,19333.33333333333,8660.254037844385,1.293,49,1
ST0050,A0002,2024-07,15000,1,2024-07-01,2024,7,3,-0.4999999999999997,-0.8660254037844388,0,0,2,15000.0,30000.0,27000.0,20000.0,25000.0,19333.33333333333,8660.254037844385,1.0344,49,1
ST0050,A0002,2024-08,30000,2,2024-08-01,2024,8,3,-0.8660254037844385,-0.5000000000000004,0,0,3,15000.0,15000.0,16000.0,15000.0,22500.0,18333.33333333333,0.0,0.8181,49,1
ST0050,A0002,2024-09,30000,2,2024-09-01,2024,9,3,-1.0,-1.8369701987210294e-16,0,0,3,30000.0,15000.0,13000.0,20000.0,22500.0,19500.0,8660.254037844385,1.0256,49,1
ST0050,A0002,2024-10,30000,2,2024-10-01,2024,10,4,-0.8660254037844386,0.5000000000000001,0,1,3,30000.0,15000.0,6000.0,25000.0,22500.0,20916.666666666668,8660.254037844385,1.1952,49,1
ST0050,A0002,2024-11,15000,1,2024-11-01,2024,11,4,-0.5000000000000004,0.8660254037844384,0,1,3,30000.0,30000.0,5000.0,30000.0,22500.0,22916.666666666668,0.0,1.309,49,1
ST0050,A0002,2024-12,15000,1,2024-12-01,2024,12,4,-2.4492935982947064e-16,1.0,0,1,0,15000.0,30000.0,15000.0,25000.0,22500.0,23750.0,8660.254037844385,1.0526,49,1
ST0050,A0002,2025-01,30000,2,2025-01-01,2025,1,1,0.4999999999999999,0.8660254037844387,1,0,0,15000.0,30000.0,30000.0,20000.0,22500.0,23750.0,8660.254037844385,0.8421,49,1
ST0050,A0002,2025-02,30000,2,2025-02-01,2025,2,1,0.8660254037844386,0.5000000000000001,1,0,0,30000.0,15000.0,30000.0,20000.0,25000.0,23750.0,8660.254037844385,0.8421,49,1
ST0050,A0002,2025-03,15000,1,2025-03-01,2025,3,1,1.0,6.123233995736766e-17,1,0,1,30000.0,15000.0,30000.0,25000.0,25000.0,23750.0,8660.254037844385,1.0526,49,1
ST0050,A0002,2025-04,30000,2,2025-04-01,2025,4,2,0.8660254037844387,-0.4999999999999998,0,0,1,15000.0,30000.0,30000.0,25000.0,22500.0,22500.0,8660.254037844385,1.1111,49,1
ST0050,A0002,2025-06,15000,1,2025-06-01,2025,6,2,1.2246467991473532e-16,-1.0,0,0,2,30000.0,30000.0,15000.0,25000.0,22500.0,22500.0,8660.254037844385,1.1111,49,1
ST0050,A0002,2025-07,30000,2,2025-07-01,2025,7,3,-0.4999999999999997,-0.8660254037844388,0,0,2,15000.0,15000.0,15000.0,20000.0,22500.0,22500.0,8660.254037844385,0.8888,49,1
ST0050,A0002,2025-08,15000,1,2025-08-01,2025,8,3,-0.8660254037844385,-0.5000000000000004,0,0,3,30000.0,30000.0,15000.0,25000.0,25000.0,23750.0,8660.254037844385,1.0526,49,1
ST0050,A0002,2025-09,15000,1,2025-09-01,2025,9,3,-1.0,-1.8369701987210294e-16,0,0,3,15000.0,15000.0,30000.0,20000.0,22500.0,23750.0,8660.254037844385,0.8421,49,1
ST0050,A0002,2025-11,10000,1,2025-11-01,2025,11,4,-0.5000000000000004,0.8660254037844384,0,1,3,15000.0,30000.0,30000.0,20000.0,20000.0,22500.0,8660.254037844385,0.8888,49,1
ST0050,A0002,2025-12,10000,1,2025-12-01,2025,12,4,-2.4492935982947064e-16,1.0,0,1,0,10000.0,15000.0,30000.0,13333.333333333334,19166.666666666668,20833.33333333333,2886.751345948124,0.64,49,1
ST0053,A0001,2022-04,22000,2,2022-04-01,2022,4,2,0.8660254037844387,-0.4999999999999998,0,0,1,14000.0,14000.0,38000.0,14000.0,16333.333333333334,17000.0,0.0,0.8235,52,0
ST0053,A0001,2022-07,38000,3,2022-07-01,2022,7,3,-0.4999999999999997,-0.8660254037844388,0,0,2,22000.0,14000.0,20000.0,16666.666666666668,17666.666666666668,15666.666666666666,4618.802153517013,1.0638,52,0
ST0053,A0001,2022-08,45000,6,2022-08-01,2022,8,3,-0.8660254037844385,-0.5000000000000004,0,0,3,38000.0,14000.0,25000.0,24666.666666666668,19333.33333333333,17166.666666666668,12220.201853215578,1.4368,52,0
ST0053,A0001,2022-09,36000,4,2022-09-01,2022,9,3,-1.0,-1.8369701987210294e-16,0,0,3,45000.0,22000.0,10000.0,35000.0,24500.0,18833.33333333333,11789.826122551603,1.8583,52,0
ST0053,A0001,2022-10,30000,3,2022-10-01,2022,10,4,-0.8660254037844386,0.5000000000000001,0,1,3,36000.0,38000.0,5000.0,39666.66666666666,28166.666666666668,21000.0,4725.815626252627,1.8888,52,0
ST0053,A0001,2022-11,30000,3,2022-11-01,2022,11,4,-0.5000000000000004,0.8660254037844384,0,1,3,30000.0,45000.0,8000.0,37000.0,30833.33333333333,23083.33333333333,7549.834435270762,1.6028,52,0
ST0053,A0001,2022-12,29000,4,2022-12-01,2022,12,4,-2.4492935982947064e-16,1.0,0,1,0,30000.0,36000.0,14000.0,32000.0,33500.0,24916.666666666668,3464.1016151377803,1.2842,52,0
ST0053,A0001,2023-01,30000,4,2023-01-01,2023,1,1,0.4999999999999999,0.8660254037844387,1,0,0,29000.0,30000.0,28000.0,29666.666666666668,34666.666666666664,26166.666666666668,577.3502691897812,1.1337,52,0
ST0053,A0001,2023-02,30000,4,2023-02-01,2023,2,1,0.8660254037844386,0.5000000000000001,1,0,0,30000.0,30000.0,14000.0,29666.666666666668,33333.333333333336,26333.33333333333,577.3502691897812,1.1265,52,0
ST0053,A0001,2023-03,25000,3,2023-03-01,2023,3,1,1.0,6.123233995736766e-17,1,0,1,30000.0,29000.0,14000.0,29666.666666666668,30833.33333333333,27666.666666666668,577.3502691897812,1.0723,52,0
ST0053,A0001,2023-04,15000,3,2023-04-01,2023,4,2,0.8660254037844387,-0.4999999999999998,0,0,1,25000.0,30000.0,14000.0,28333.33333333333,29000.0,28583.33333333333,2886.7513459481597,0.9912,52,0
ST0053,A0001,2023-05,18000,3,2023-05-01,2023,5,2,0.4999999999999999,-0.8660254037844387,0,0,2,15000.0,30000.0,14000.0,23333.33333333333,26500.0,28666.666666666668,7637.626158259744,0.8139,52,0
ST0053,A0001,2023-06,53000,6,2023-06-01,2023,6,2,1.2246467991473532e-16,-1.0,0,0,2,18000.0,25000.0,22000.0,19333.33333333333,24500.0,29000.0,5131.601439446899,0.6666,52,0
ST0053,A0001,2023-07,48000,6,2023-07-01,2023,7,3,-0.4999999999999997,-0.8660254037844388,0,0,2,53000.0,15000.0,38000.0,28666.666666666668,28500.0,31583.33333333333,21126.602503321104,0.9076,52,0
ST0053,A0001,2023-08,45000,3,2023-08-01,2023,8,3,-0.8660254037844385,-0.5000000000000004,0,0,3,48000.0,18000.0,45000.0,39666.66666666666,31500.0,32416.666666666668,18929.69448600092,1.2236,52,0
ST0053,A0001,2023-09,30000,2,2023-09-01,2023,9,3,-1.0,-1.8369701987210294e-16,0,0,3,45000.0,53000.0,36000.0,48666.66666666666,34000.0,32416.666666666668,4041.451884327416,1.5012,52,0
ST0053,A0001,2023-10,30000,2,2023-10-01,2023,10,4,-0.8660254037844386,0.5000000000000001,0,1,3,30000.0,48000.0,30000.0,41000.0,34833.333333333336,31916.666666666668,9643.65076099297,1.2846,52,0
ST0053,A0001,2023-11,30000,4,2023-11-01,2023,11,4,-0.5000000000000004,0.8660254037844384,0,1,3,30000.0,45000.0,30000.0,35000.0,37333.333333333336,31916.666666666668,8660.254037844403,1.0966,52,0
ST0053,A0001,2023-12,15000,1,2023-12-01,2023,12,4,-2.4492935982947064e-16,1.0,0,1,0,30000.0,30000.0,29000.0,30000.0,39333.333333333336,31916.666666666668,0.0,0.9399,52,0
ST0053,A0001,2024-01,31000,3,2024-01-01,2024,1,1,0.4999999999999999,0.8660254037844387,1,0,0,15000.0,30000.0,30000.0,25000.0,33000.0,30750.0,8660.254037844403,0.813,52,0
ST0053,A0001,2024-02,30000,3,2024-02-01,2024,2,1,0.8660254037844386,0.5000000000000001,1,0,0,31000.0,30000.0,30000.0,25333.33333333333,30166.666666666668,30833.33333333333,8962.886439832519,0.8216,52,0
ST0053,A0001,2024-03,30000,4,2024-03-01,2024,3,1,1.0,6.123233995736766e-17,1,0,1,30000.0,15000.0,25000.0,25333.33333333333,27666.666666666668,30833.33333333333,8962.886439832519,0.8216,52,0
ST0053,A0001,2024-04,30000,2,2024-04-01,2024,4,2,0.8660254037844387,-0.4999999999999998,0,0,1,30000.0,31000.0,15000.0,30333.33333333333,27666.666666666668,31250.0,577.3502691898836,0.9706,52,0
ST0053,A0001,2024-05,30000,2,2024-05-01,2024,5,2,0.4999999999999999,-0.8660254037844387,0,0,2,30000.0,30000.0,18000.0,30000.0,27666.666666666668,32500.0,0.0,0.923,52,0
ST0053,A0001,2024-06,15000,1,2024-06-01,2024,6,2,1.2246467991473532e-16,-1.0,0,0,2,30000.0,30000.0,53000.0,30000.0,27666.666666666668,33500.0,0.0,0.8955,52,0
ST0053,A0001,2024-08,5000,1,2024-08-01,2024,8,3,-0.8660254037844385,-0.5000000000000004,0,0,3,15000.0,30000.0,48000.0,25000.0,27666.666666666668,30333.33333333333,8660.254037844403,0.8241,52,0
ST0053,A0001,2024-09,10000,2,2024-09-01,2024,9,3,-1.0,-1.8369701987210294e-16,0,0,3,5000.0,30000.0,45000.0,16666.666666666668,23333.33333333333,26750.0,12583.057392117928,0.623,52,0
ST0053,A0001,2024-10,17000,3,2024-10-01,2024,10,4,-0.8660254037844386,0.5000000000000001,0,1,3,10000.0,15000.0,30000.0,10000.0,20000.0,23833.33333333333,5000.000000000031,0.4196,52,0
ST0053,A0001,2024-11,10000,2,2024-11-01,2024,11,4,-0.5000000000000004,0.8660254037844384,0,1,3,17000.0,5000.0,30000.0,10666.666666666666,17833.333333333332,22750.0,6027.713773341734,0.4688,52,0
ST0053,A0001,2024-12,22000,3,2024-12-01,2024,12,4,-2.4492935982947064e-16,1.0,0,1,0,10000.0,10000.0,30000.0,12333.333333333334,14500.0,21083.33333333333,4041.4518843274177,0.585,52,0
ST0053,A0001,2025-01,17000,3,2025-01-01,2025,1,1,0.4999999999999999,0.8660254037844387,1,0,0,22000.0,17000.0,15000.0,16333.333333333334,13166.666666666666,20416.666666666668,6027.713773341733,0.8,52,0
ST0053,A0001,2025-02,17000,4,2025-02-01,2025,2,1,0.8660254037844386,0.5000000000000001,1,0,0,17000.0,10000.0,31000.0,16333.333333333334,13500.0,20583.33333333333,6027.713773341733,0.7935,52,0
ST0053,A0001,2025-03,19000,3,2025-03-01,2025,3,1,1.0,6.123233995736766e-17,1,0,1,17000.0,22000.0,30000.0,18666.666666666668,15500.0,19416.666666666668,2886.7513459481806,0.9613,52,0
ST0053,A0001,2025-04,15000,3,2025-04-01,2025,4,2,0.8660254037844387,-0.4999999999999998,0,0,1,19000.0,17000.0,30000.0,17666.666666666668,17000.0,18500.0,1154.700538379382,0.9549,52,0
ST0053,A0001,2025-05,16000,3,2025-05-01,2025,5,2,0.4999999999999999,-0.8660254037844387,0,0,2,15000.0,17000.0,30000.0,17000.0,16666.666666666668,17250.0,2000.0000000000755,0.9855,52,0
ST0053,A0001,2025-06,5000,1,2025-06-01,2025,6,2,1.2246467991473532e-16,-1.0,0,0,2,16000.0,19000.0,30000.0,16666.666666666668,17666.666666666668,16083.333333333334,2081.665999466205,1.0362,52,0
ST0053,A0001,2025-07,15000,3,2025-07-01,2025,7,3,-0.4999999999999997,-0.8660254037844388,0,0,2,5000.0,15000.0,15000.0,12000.0,14833.333333333334,14000.0,6082.762530298246,0.8571,52,0
ST0053,A0001,2025-08,17000,3,2025-08-01,2025,8,3,-0.8660254037844385,-0.5000000000000004,0,0,3,15000.0,16000.0,5000.0,12000.0,14500.0,14000.0,6082.762530298246,0.8571,52,0
ST0053,A0001,2025-09,12000,3,2025-09-01,2025,9,3,-1.0,-1.8369701987210294e-16,0,0,3,17000.0,5000.0,10000.0,12333.333333333334,14500.0,15000.0,6429.1005073286615,0.8222,52,0
ST0053,A0001,2025-10,10000,2,2025-10-01,2025,10,4,-0.8660254037844386,0.5000000000000001,0,1,3,12000.0,15000.0,17000.0,14666.666666666666,13333.333333333334,15166.666666666666,2516.6114784236447,0.967,52,0
ST0053,A0001,2025-11,11000,2,2025-11-01,2025,11,4,-0.5000000000000004,0.8660254037844384,0,1,3,10000.0,17000.0,10000.0,13000.0,12500.0,14583.333333333334,3605.5512754640336,0.8914,52,0
ST0053,A0001,2025-12,17000,4,2025-12-01,2025,12,4,-2.4492935982947064e-16,1.0,0,1,0,11000.0,12000.0,22000.0,11000.0,11666.666666666666,14666.666666666666,1000.0000000001668,0.7499,52,0
ST0053,A0002,2021-12,28000,3,2021-12-01,2021,12,4,-2.4492935982947064e-16,1.0,0,1,0,28000.0,28000.0,38000.0,29666.666666666668,47166.66666666666,47916.66666666666,2886.7513459481293,0.6191,52,1
ST0053,A0002,2022-01,51000,4,2022-01-01,2022,1,1,0.4999999999999999,0.8660254037844387,1,0,0,28000.0,33000.0,28000.0,29666.666666666668,44833.333333333336,47083.333333333336,2886.7513459481293,0.6301,52,1
ST0053,A0002,2022-02,28000,2,2022-02-01,2022,2,1,0.8660254037844386,0.5000000000000001,1,0,0,51000.0,28000.0,45000.0,35666.666666666664,41333.333333333336,49000.0,13279.056191361396,0.7279,52,1
ST0053,A0002,2022-03,14000,2,2022-03-01,2022,3,1,1.0,6.123233995736766e-17,1,0,1,28000.0,28000.0,61000.0,35666.666666666664,32666.666666666668,47583.333333333336,13279.056191361396,0.7495,52,1
ST0053,A0002,2022-04,15000,1,2022-04-01,2022,4,2,0.8660254037844387,-0.4999999999999998,0,0,1,14000.0,51000.0,60000.0,31000.0,30333.33333333333,43666.66666666666,18681.54169226941,0.7099,52,1
ST0053,A0002,2022-05,86000,5,2022-05-01,2022,5,2,0.4999999999999999,-0.8660254037844387,0,0,2,15000.0,28000.0,60000.0,19000.0,27333.33333333333,39916.66666666666,7810.249675906658,0.476,52,1
ST0053,A0002,2022-06,62000,5,2022-06-01,2022,6,2,1.2246467991473532e-16,-1.0,0,0,2,86000.0,14000.0,42000.0,38333.333333333336,37000.0,42083.333333333336,41283.57219685978,0.9109,52,1
ST0053,A0002,2022-07,118000,6,2022-07-01,2022,7,3,-0.4999999999999997,-0.8660254037844388,0,0,2,62000.0,15000.0,72000.0,54333.333333333336,42666.66666666666,43750.0,36115.55528208495,1.2419,52,1
ST0053,A0002,2022-08,103000,7,2022-08-01,2022,8,3,-0.8660254037844385,-0.5000000000000004,0,0,3,118000.0,86000.0,80000.0,88666.66666666667,53833.333333333336,47583.333333333336,28095.076674273983,1.8634,52,1
ST0053,A0002,2022-09,80000,4,2022-09-01,2022,9,3,-1.0,-1.8369701987210294e-16,0,0,3,103000.0,62000.0,28000.0,94333.33333333331,66333.33333333333,49500.0,28988.5034683292,1.9057,52,1
ST0053,A0002,2022-10,100000,5,2022-10-01,2022,10,4,-0.8660254037844386,0.5000000000000001,0,1,3,80000.0,118000.0,33000.0,100333.33333333331,77333.33333333333,53833.333333333336,19139.83629327414,1.8637,52,1
ST0053,A0002,2022-11,120000,9,2022-11-01,2022,11,4,-0.5000000000000004,0.8660254037844384,0,1,3,100000.0,103000.0,28000.0,94333.33333333331,91500.0,59416.66666666666,12503.332889007392,1.5876,52,1
ST0053,A0002,2022-12,103000,8,2022-12-01,2022,12,4,-2.4492935982947064e-16,1.0,0,1,0,120000.0,80000.0,28000.0,100000.0,97166.66666666669,67083.33333333333,20000.00000000001,1.4907,52,1
ST0053,A0002,2023-01,68000,5,2023-01-01,2023,1,1,0.4999999999999999,0.8660254037844387,1,0,0,103000.0,100000.0,51000.0,107666.66666666669,104000.0,73333.33333333333,10785.793124908983,1.4682,52,1
ST0053,A0002,2023-02,105000,9,2023-02-01,2023,2,1,0.8660254037844386,0.5000000000000001,1,0,0,68000.0,120000.0,28000.0,97000.0,95666.66666666669,74750.0,26514.147167125717,1.2976,52,1
ST0053,A0002,2023-03,99000,9,2023-03-01,2023,3,1,1.0,6.123233995736766e-17,1,0,1,105000.0,103000.0,14000.0,92000.0,96000.0,81166.66666666667,20808.652046684823,1.1335,52,1
ST0053,A0002,2023-04,65000,5,2023-04-01,2023,4,2,0.8660254037844387,-0.4999999999999998,0,0,1,99000.0,68000.0,15000.0,90666.66666666669,99166.66666666669,88250.0,19857.82801147532,1.0274,52,1
ST0053,A0002,2023-05,44000,4,2023-05-01,2023,5,2,0.4999999999999999,-0.8660254037844387,0,0,2,65000.0,105000.0,86000.0,89666.66666666667,93333.33333333331,92416.66666666669,21571.586249817927,0.9702,52,1
ST0053,A0002,2023-06,44000,5,2023-06-01,2023,6,2,1.2246467991473532e-16,-1.0,0,0,2,44000.0,99000.0,62000.0,69333.33333333333,80666.66666666667,88916.66666666667,27754.87945088816,0.7797,52,1
ST0053,A0002,2023-07,45000,3,2023-07-01,2023,7,3,-0.4999999999999997,-0.8660254037844388,0,0,2,44000.0,65000.0,118000.0,51000.0,70833.33333333333,87416.66666666667,12124.355652982147,0.5834,52,1
ST0053,A0002,2023-08,30000,3,2023-08-01,2023,8,3,-0.8660254037844385,-0.5000000000000004,0,0,3,45000.0,44000.0,103000.0,44333.333333333336,67000.0,81333.33333333333,577.3502691896352,0.5451,52,1
ST0053,A0002,2023-09,30000,2,2023-09-01,2023,9,3,-1.0,-1.8369701987210294e-16,0,0,3,30000.0,44000.0,80000.0,39666.66666666666,54500.0,75250.0,8386.497083606075,0.5271,52,1
ST0053,A0002,2023-10,30000,2,2023-10-01,2023,10,4,-0.8660254037844386,0.5000000000000001,0,1,3,30000.0,45000.0,100000.0,35000.0,43000.0,71083.33333333333,8660.254037844372,0.4924,52,1
ST0053,A0002,2023-11,30000,3,2023-11-01,2023,11,4,-0.5000000000000004,0.8660254037844384,0,1,3,30000.0,30000.0,120000.0,30000.0,37166.66666666666,65250.0,0.0,0.4598,52,1
ST0053,A0002,2023-12,46000,4,2023-12-01,2023,12,4,-2.4492935982947064e-16,1.0,0,1,0,30000.0,30000.0,103000.0,30000.0,34833.333333333336,57750.0,0.0,0.5195,52,1
ST0053,A0002,2024-01,34000,3,2024-01-01,2024,1,1,0.4999999999999999,0.8660254037844387,1,0,0,46000.0,30000.0,68000.0,35333.333333333336,35166.666666666664,53000.0,9237.604307033998,0.6667,52,1
ST0053,A0002,2024-02,29000,2,2024-02-01,2024,2,1,0.8660254037844386,0.5000000000000001,1,0,0,34000.0,30000.0,105000.0,36666.66666666666,33333.333333333336,50166.66666666666,8326.663997864516,0.7309,52,1
ST0053,A0002,2024-03,34000,4,2024-03-01,2024,3,1,1.0,6.123233995736766e-17,1,0,1,29000.0,46000.0,99000.0,36333.333333333336,33166.666666666664,43833.333333333336,8736.894948054092,0.8289,52,1
ST0053,A0002,2024-04,46000,3,2024-04-01,2024,4,2,0.8660254037844387,-0.4999999999999998,0,0,1,34000.0,34000.0,65000.0,32333.33333333333,33833.333333333336,38416.66666666666,2886.7513459480942,0.8416,52,1
ST0053,A0002,2024-05,37000,4,2024-05-01,2024,5,2,0.4999999999999999,-0.8660254037844387,0,0,2,46000.0,29000.0,44000.0,36333.333333333336,36500.0,36833.333333333336,8736.894948054092,0.9864,52,1
ST0053,A0002,2024-06,30000,3,2024-06-01,2024,6,2,1.2246467991473532e-16,-1.0,0,0,2,37000.0,34000.0,44000.0,39000.0,37666.66666666666,36250.0,6244.997998398379,1.0758,52,1
ST0053,A0002,2024-08,20000,1,2024-08-01,2024,8,3,-0.8660254037844385,-0.5000000000000004,0,0,3,30000.0,46000.0,45000.0,37666.66666666666,35000.0,35083.333333333336,8020.806277010627,1.0736,52,1
ST0053,A0002,2024-09,20000,2,2024-09-01,2024,9,3,-1.0,-1.8369701987210294e-16,0,0,3,20000.0,37000.0,30000.0,29000.0,32666.666666666668,33000.0,8544.003745317515,0.8788,52,1
ST0053,A0002,2024-10,20000,2,2024-10-01,2024,10,4,-0.8660254037844386,0.5000000000000001,0,1,3,20000.0,30000.0,30000.0,23333.33333333333,31166.666666666668,32166.666666666668,5773.502691896234,0.7254,52,1
ST0053,A0002,2024-11,25000,2,2024-11-01,2024,11,4,-0.5000000000000004,0.8660254037844384,0,1,3,20000.0,20000.0,30000.0,20000.0,28833.33333333333,31333.33333333333,0.0,0.6383,52,1
ST0053,A0002,2024-12,45000,5,2024-12-01,2024,12,4,-2.4492935982947064e-16,1.0,0,1,0,25000.0,20000.0,30000.0,21666.666666666668,25333.33333333333,30916.666666666668,2886.75134594808,0.7008,52,1
ST0053,A0002,2025-01,35000,3,2025-01-01,2025,1,1,0.4999999999999999,0.8660254037844387,1,0,0,45000.0,20000.0,46000.0,30000.0,26666.666666666668,32166.666666666668,13228.75655532294,0.9326,52,1
ST0053,A0002,2025-02,36000,5,2025-02-01,2025,2,1,0.8660254037844386,0.5000000000000001,1,0,0,35000.0,25000.0,34000.0,35000.0,27500.0,31250.0,9999.999999999984,1.12,52,1
ST0053,A0002,2025-03,38000,5,2025-03-01,2025,3,1,1.0,6.123233995736766e-17,1,0,1,36000.0,45000.0,29000.0,38666.66666666666,30166.666666666668,31416.666666666668,5507.5705472860745,1.2307,52,1
ST0053,A0002,2025-04,49000,7,2025-04-01,2025,4,2,0.8660254037844387,-0.4999999999999998,0,0,1,38000.0,35000.0,34000.0,36333.333333333336,33166.666666666664,32166.666666666668,1527.5252316518431,1.1295,52,1
ST0053,A0002,2025-05,23000,2,2025-05-01,2025,5,2,0.4999999999999999,-0.8660254037844387,0,0,2,49000.0,36000.0,46000.0,41000.0,38000.0,33416.666666666664,6999.999999999977,1.2269,52,1
ST0053,A0002,2025-06,23000,2,2025-06-01,2025,6,2,1.2246467991473532e-16,-1.0,0,0,2,23000.0,38000.0,37000.0,36666.66666666666,37666.66666666666,31500.0,13051.181300301248,1.164,52,1
ST0053,A0002,2025-07,20000,3,2025-07-01,2025,7,3,-0.4999999999999997,-0.8660254037844388,0,0,2,23000.0,49000.0,30000.0,31666.666666666668,34000.0,30333.33333333333,15011.106998930258,1.0439,52,1
ST0053,A0002,2025-08,30000,4,2025-08-01,2025,8,3,-0.8660254037844385,-0.5000000000000004,0,0,3,20000.0,23000.0,20000.0,22000.0,31500.0,29500.0,1732.0508075687826,0.7457,52,1
ST0053,A0002,2025-09,20000,2,2025-09-01,2025,9,3,-1.0,-1.8369701987210294e-16,0,0,3,30000.0,23000.0,20000.0,24333.33333333333,30500.0,30333.33333333333,5131.601439446853,0.8022,52,1
ST0053,A0002,2025-10,20000,3,2025-10-01,2025,10,4,-0.8660254037844386,0.5000000000000001,0,1,3,20000.0,20000.0,20000.0,23333.33333333333,27500.0,30333.33333333333,5773.502691896229,0.7692,52,1
ST0053,A0002,2025-11,20000,3,2025-11-01,2025,11,4,-0.5000000000000004,0.8660254037844384,0,1,3,20000.0,30000.0,25000.0,23333.33333333333,22666.666666666668,30333.33333333333,5773.502691896229,0.7692,52,1
ST0053,A0002,2025-12,20000,2,2025-12-01,2025,12,4,-2.4492935982947064e-16,1.0,0,1,0,20000.0,20000.0,45000.0,20000.0,22166.666666666668,29916.666666666668,0.0,0.6685,52,1
ST0055,A0001,2021-02,76000,9,2021-02-01,2021,2,1,0.8660254037844386,0.5000000000000001,1,0,0,90000.0,99000.0,15000.0,103333.33333333331,108166.66666666669,90000.0,15947.83161854091,1.1481,54,0
ST0055,A0001,2021-03,78000,9,2021-03-01,2021,3,1,1.0,6.123233995736766e-17,1,0,1,76000.0,121000.0,10000.0,95666.66666666669,103500.0,95083.33333333331,23028.96726588783,1.0061,54,0
ST0055,A0001,2021-04,96000,9,2021-04-01,2021,4,2,0.8660254037844387,-0.4999999999999998,0,0,1,78000.0,90000.0,71000.0,81333.33333333333,97000.0,100750.0,7571.877794400364,0.8073,54,0
ST0055,A0001,2021-05,73000,6,2021-05-01,2021,5,2,0.4999999999999999,-0.8660254037844387,0,0,2,96000.0,76000.0,105000.0,83333.33333333333,93333.33333333331,102833.33333333331,11015.141094572204,0.8104,54,0
ST0055,A0001,2021-06,75000,10,2021-06-01,2021,6,2,1.2246467991473532e-16,-1.0,0,0,2,73000.0,78000.0,103000.0,82333.33333333333,89000.0,100166.66666666669,12096.831541082702,0.822,54,0
ST0055,A0001,2021-07,91000,7,2021-07-01,2021,7,3,-0.4999999999999997,-0.8660254037844388,0,0,2,75000.0,96000.0,127000.0,81333.33333333333,81333.33333333333,97833.33333333331,12741.009902410928,0.8313,54,0
ST0055,A0001,2021-08,101000,9,2021-08-01,2021,8,3,-0.8660254037844385,-0.5000000000000004,0,0,3,91000.0,73000.0,104000.0,79666.66666666667,81500.0,94833.33333333331,9865.76572463249,0.8401,54,0
ST0055,A0001,2021-09,69000,8,2021-09-01,2021,9,3,-1.0,-1.8369701987210294e-16,0,0,3,101000.0,75000.0,117000.0,89000.0,85666.66666666667,94583.33333333331,13114.877048603998,0.941,54,0
ST0055,A0001,2021-10,41000,6,2021-10-01,2021,10,4,-0.8660254037844386,0.5000000000000001,0,1,3,69000.0,91000.0,118000.0,87000.0,84166.66666666667,90583.33333333331,16370.705543744896,0.9604,54,0
ST0055,A0001,2021-11,86000,9,2021-11-01,2021,11,4,-0.5000000000000004,0.8660254037844384,0,1,3,41000.0,101000.0,99000.0,70333.33333333333,75000.0,84166.66666666667,30022.213997860537,0.8356,54,0
ST0055,A0001,2021-12,67000,7,2021-12-01,2021,12,4,-2.4492935982947064e-16,1.0,0,1,0,86000.0,69000.0,121000.0,65333.333333333336,77166.66666666667,83083.33333333333,22722.96928953901,0.7863,54,0
ST0055,A0001,2022-01,58000,7,2022-01-01,2022,1,1,0.4999999999999999,0.8660254037844387,1,0,0,67000.0,41000.0,90000.0,64666.66666666666,75833.33333333333,78583.33333333333,22590.558499809893,0.8229,54,0
ST0055,A0001,2022-02,76000,7,2022-02-01,2022,2,1,0.8660254037844386,0.5000000000000001,1,0,0,58000.0,86000.0,76000.0,70333.33333333333,70333.33333333333,75916.66666666667,14294.5210949277,0.9264,54,0
ST0055,A0001,2022-03,73000,12,2022-03-01,2022,3,1,1.0,6.123233995736766e-17,1,0,1,76000.0,67000.0,78000.0,67000.0,66166.66666666667,75916.66666666667,8999.999999999976,0.8825,54,0
ST0055,A0001,2022-04,54000,6,2022-04-01,2022,4,2,0.8660254037844387,-0.4999999999999998,0,0,1,73000.0,58000.0,96000.0,69000.0,66833.33333333333,75500.0,9643.650760992934,0.9139,54,0
ST0055,A0001,2022-05,63000,8,2022-05-01,2022,5,2,0.4999999999999999,-0.8660254037844387,0,0,2,54000.0,76000.0,73000.0,67666.66666666667,69000.0,72000.0,11930.353445448838,0.9398,54,0
ST0055,A0001,2022-06,64000,8,2022-06-01,2022,6,2,1.2246467991473532e-16,-1.0,0,0,2,63000.0,73000.0,75000.0,63333.333333333336,65166.66666666666,71166.66666666667,9504.384952922152,0.8899,54,0
ST0055,A0001,2022-07,56000,6,2022-07-01,2022,7,3,-0.4999999999999997,-0.8660254037844388,0,0,2,64000.0,54000.0,91000.0,60333.333333333336,64666.66666666666,70250.0,5507.570547286073,0.8588,54,0
ST0055,A0001,2022-08,60000,8,2022-08-01,2022,8,3,-0.8660254037844385,-0.5000000000000004,0,0,3,56000.0,63000.0,101000.0,61000.0,64333.333333333336,67333.33333333333,4358.898943540636,0.9059,54,0
ST0055,A0001,2022-09,53000,8,2022-09-01,2022,9,3,-1.0,-1.8369701987210294e-16,0,0,3,60000.0,64000.0,69000.0,60000.0,61666.66666666666,63916.66666666666,3999.999999999959,0.9387,54,0
ST0055,A0001,2022-10,38000,6,2022-10-01,2022,10,4,-0.8660254037844386,0.5000000000000001,0,1,3,53000.0,56000.0,41000.0,56333.333333333336,58333.333333333336,62583.333333333336,3511.8845842842006,0.9001,54,0
ST0055,A0001,2022-11,48000,8,2022-11-01,2022,11,4,-0.5000000000000004,0.8660254037844384,0,1,3,38000.0,60000.0,86000.0,50333.333333333336,55666.66666666666,62333.333333333336,11239.81020005823,0.8075,54,0
ST0055,A0001,2022-12,56000,8,2022-12-01,2022,12,4,-2.4492935982947064e-16,1.0,0,1,0,48000.0,53000.0,67000.0,46333.333333333336,53166.66666666666,59166.66666666666,7637.626158259714,0.7831,54,0
ST0055,A0001,2023-01,28000,5,2023-01-01,2023,1,1,0.4999999999999999,0.8660254037844387,1,0,0,56000.0,38000.0,58000.0,47333.333333333336,51833.333333333336,58250.0,9018.499505645772,0.8126,54,0
ST0055,A0001,2023-02,44000,8,2023-02-01,2023,2,1,0.8660254037844386,0.5000000000000001,1,0,0,28000.0,48000.0,76000.0,44000.0,47166.66666666666,55750.0,14422.205101855949,0.7892,54,0
ST0055,A0001,2023-03,45000,9,2023-03-01,2023,3,1,1.0,6.123233995736766e-17,1,0,1,44000.0,56000.0,73000.0,42666.66666666666,44500.0,53083.333333333336,14047.538337136975,0.8038,54,0
ST0055,A0001,2023-04,32000,7,2023-04-01,2023,4,2,0.8660254037844387,-0.4999999999999998,0,0,1,45000.0,28000.0,54000.0,39000.0,43166.66666666666,50750.0,9539.39201416944,0.7685,54,0
ST0055,A0001,2023-05,38000,3,2023-05-01,2023,5,2,0.4999999999999999,-0.8660254037844387,0,0,2,32000.0,44000.0,63000.0,40333.333333333336,42166.66666666666,48916.66666666666,7234.178138070215,0.8245,54,0
ST0055,A0001,2023-06,61000,4,2023-06-01,2023,6,2,1.2246467991473532e-16,-1.0,0,0,2,38000.0,45000.0,64000.0,38333.333333333336,40500.0,46833.333333333336,6506.40709864769,0.8185,54,0
ST0055,A0001,2023-07,113000,5,2023-07-01,2023,7,3,-0.4999999999999997,-0.8660254037844388,0,0,2,61000.0,32000.0,56000.0,43666.66666666666,41333.333333333336,46583.333333333336,15307.95000427337,0.9374,54,0
ST0055,A0001,2023-08,106000,5,2023-08-01,2023,8,3,-0.8660254037844385,-0.5000000000000004,0,0,3,113000.0,38000.0,60000.0,70666.66666666667,55500.0,51333.333333333336,38423.08333974946,1.3766,54,0
ST0055,A0001,2023-09,68000,4,2023-09-01,2023,9,3,-1.0,-1.8369701987210294e-16,0,0,3,106000.0,61000.0,53000.0,93333.33333333331,65833.33333333333,55166.66666666666,28219.37868439581,1.6918,54,0
ST0055,A0001,2023-10,75000,5,2023-10-01,2023,10,4,-0.8660254037844386,0.5000000000000001,0,1,3,68000.0,113000.0,38000.0,95666.66666666669,69666.66666666667,56416.66666666666,24214.320831552,1.6957,54,0
ST0055,A0001,2023-11,60000,6,2023-11-01,2023,11,4,-0.5000000000000004,0.8660254037844384,0,1,3,75000.0,106000.0,48000.0,83000.0,76833.33333333333,59500.0,20223.748416156683,1.3949,54,0
ST0055,A0001,2023-12,52000,4,2023-12-01,2023,12,4,-2.4492935982947064e-16,1.0,0,1,0,60000.0,68000.0,56000.0,67666.66666666667,80500.0,60500.0,7505.553499465129,1.1184,54,0
ST0055,A0001,2024-01,60000,5,2024-01-01,2024,1,1,0.4999999999999999,0.8660254037844387,1,0,0,52000.0,75000.0,28000.0,62333.333333333336,79000.0,60166.66666666666,11676.186592091326,1.036,54,0
ST0055,A0001,2024-02,45000,3,2024-02-01,2024,2,1,0.8660254037844386,0.5000000000000001,1,0,0,60000.0,60000.0,44000.0,57333.333333333336,70166.66666666667,62833.333333333336,4618.802153516999,0.9125,54,0
ST0055,A0001,2024-03,15000,1,2024-03-01,2024,3,1,1.0,6.123233995736766e-17,1,0,1,45000.0,52000.0,45000.0,52333.333333333336,60000.0,62916.66666666666,7505.553499465132,0.8318,54,0
ST0055,A0001,2024-04,45000,3,2024-04-01,2024,4,2,0.8660254037844387,-0.4999999999999998,0,0,1,15000.0,60000.0,32000.0,40000.0,51166.66666666666,60416.66666666666,22912.8784747792,0.6621,54,0
ST0055,A0001,2024-05,45000,3,2024-05-01,2024,5,2,0.4999999999999999,-0.8660254037844387,0,0,2,45000.0,45000.0,38000.0,35000.0,46166.66666666666,61500.0,17320.508075688773,0.5691,54,0
ST0055,A0001,2024-06,30000,2,2024-06-01,2024,6,2,1.2246467991473532e-16,-1.0,0,0,2,45000.0,15000.0,61000.0,35000.0,43666.66666666666,62083.333333333336,17320.508075688773,0.5637,54,0
ST0055,A0001,2024-07,45000,3,2024-07-01,2024,7,3,-0.4999999999999997,-0.8660254037844388,0,0,2,30000.0,45000.0,113000.0,40000.0,40000.0,59500.0,8660.254037844383,0.6723,54,0
ST0055,A0001,2024-08,45000,4,2024-08-01,2024,8,3,-0.8660254037844385,-0.5000000000000004,0,0,3,45000.0,45000.0,106000.0,40000.0,37500.0,53833.333333333336,8660.254037844383,0.743,54,0
ST0055,A0001,2024-09,47000,3,2024-09-01,2024,9,3,-1.0,-1.8369701987210294e-16,0,0,3,45000.0,30000.0,68000.0,40000.0,37500.0,48750.0,8660.254037844383,0.8205,54,0
ST0055,A0001,2024-10,42000,5,2024-10-01,2024,10,4,-0.8660254037844386,0.5000000000000001,0,1,3,47000.0,45000.0,75000.0,45666.66666666666,42833.333333333336,47000.0,1154.7005383792268,0.9716,54,0
ST0055,A0001,2024-11,30000,4,2024-11-01,2024,11,4,-0.5000000000000004,0.8660254037844384,0,1,3,42000.0,45000.0,60000.0,44666.66666666666,42333.333333333336,44250.0,2516.611478423571,1.0094,54,0
ST0055,A0001,2024-12,40000,5,2024-12-01,2024,12,4,-2.4492935982947064e-16,1.0,0,1,0,30000.0,47000.0,52000.0,39666.66666666666,39833.333333333336,41750.0,8736.8949480541,0.9501,54,0
ST0055,A0001,2025-01,31000,4,2025-01-01,2025,1,1,0.4999999999999999,0.8660254037844387,1,0,0,40000.0,42000.0,60000.0,37333.333333333336,41500.0,40750.0,6429.10050732863,0.9161,54,0
ST0055,A0001,2025-02,20000,4,2025-02-01,2025,2,1,0.8660254037844386,0.5000000000000001,1,0,0,31000.0,30000.0,45000.0,33666.666666666664,39166.66666666666,38333.333333333336,5507.570547286094,0.8782,54,0
ST0055,A0001,2025-03,30000,5,2025-03-01,2025,3,1,1.0,6.123233995736766e-17,1,0,1,20000.0,40000.0,15000.0,30333.33333333333,35000.0,36250.0,10016.65280087781,0.8368,54,0
ST0055,A0001,2025-04,30000,3,2025-04-01,2025,4,2,0.8660254037844387,-0.4999999999999998,0,0,1,30000.0,31000.0,45000.0,27000.0,32166.666666666668,37500.0,6082.762530298212,0.72,54,0
ST0055,A0001,2025-05,30000,3,2025-05-01,2025,5,2,0.4999999999999999,-0.8660254037844387,0,0,2,30000.0,20000.0,45000.0,26666.666666666668,30166.666666666668,36250.0,5773.502691896249,0.7356,54,0
ST0055,A0001,2025-06,20000,3,2025-06-01,2025,6,2,1.2246467991473532e-16,-1.0,0,0,2,30000.0,30000.0,30000.0,30000.0,30166.666666666668,35000.0,0.0,0.8571,54,0
ST0055,A0001,2025-07,30000,6,2025-07-01,2025,7,3,-0.4999999999999997,-0.8660254037844388,0,0,2,20000.0,30000.0,45000.0,26666.666666666668,26833.33333333333,34166.666666666664,5773.502691896249,0.7805,54,0
ST0055,A0001,2025-08,30000,3,2025-08-01,2025,8,3,-0.8660254037844385,-0.5000000000000004,0,0,3,30000.0,30000.0,45000.0,26666.666666666668,26666.666666666668,32916.666666666664,5773.502691896249,0.8101,54,0
ST0055,A0001,2025-12,5000,2,2025-12-01,2025,12,4,-2.4492935982947064e-16,1.0,0,1,0,30000.0,20000.0,47000.0,26666.666666666668,28333.33333333333,31666.666666666668,5773.502691896249,0.8421,54,0
ST0055,A0002,2021-04,23000,8,2021-04-01,2021,4,2,0.8660254037844387,-0.4999999999999998,0,0,1,24000.0,22000.0,17000.0,20666.666666666668,24833.33333333333,23500.0,4163.3319989322645,0.8794,54,1
ST0055,A0002,2021-05,21000,5,2021-05-01,2021,5,2,0.4999999999999999,-0.8660254037844387,0,0,2,23000.0,16000.0,22000.0,21000.0,24166.666666666668,24000.0,4358.898943540673,0.875,54,1
ST0055,A0002,2021-06,20000,8,2021-06-01,2021,6,2,1.2246467991473532e-16,-1.0,0,0,2,21000.0,24000.0,24000.0,22666.666666666668,23500.0,23916.666666666668,1527.525231651946,0.9477,54,1
ST0055,A0002,2021-07,20000,7,2021-07-01,2021,7,3,-0.4999999999999997,-0.8660254037844388,0,0,2,20000.0,23000.0,24000.0,21333.33333333333,21000.0,23583.33333333333,1527.525231651946,0.9046,54,1
ST0055,A0002,2021-08,33000,6,2021-08-01,2021,8,3,-0.8660254037844385,-0.5000000000000004,0,0,3,20000.0,21000.0,21000.0,20333.33333333333,20666.666666666668,23250.0,577.3502691896223,0.8745,54,1
ST0055,A0002,2021-09,26000,8,2021-09-01,2021,9,3,-1.0,-1.8369701987210294e-16,0,0,3,33000.0,20000.0,25000.0,24333.33333333333,23500.0,24250.0,7505.553499465135,1.0034,54,1
ST0055,A0002,2021-10,10000,3,2021-10-01,2021,10,4,-0.8660254037844386,0.5000000000000001,0,1,3,26000.0,20000.0,27000.0,26333.33333333333,23833.33333333333,24333.33333333333,6506.407098647713,1.0821,54,1
ST0055,A0002,2021-11,27000,6,2021-11-01,2021,11,4,-0.5000000000000004,0.8660254037844384,0,1,3,10000.0,33000.0,25000.0,23000.0,21666.666666666668,22916.666666666668,11789.826122551596,1.0036,54,1
ST0055,A0002,2021-12,21000,5,2021-12-01,2021,12,4,-2.4492935982947064e-16,1.0,0,1,0,27000.0,26000.0,35000.0,21000.0,22666.666666666668,23083.33333333333,9539.392014169456,0.9097,54,1
ST0055,A0002,2022-01,14000,5,2022-01-01,2022,1,1,0.4999999999999999,0.8660254037844387,1,0,0,21000.0,10000.0,22000.0,19333.33333333333,22833.33333333333,21916.666666666668,8621.678104251709,0.8821,54,1
ST0055,A0002,2022-02,56000,6,2022-02-01,2022,2,1,0.8660254037844386,0.5000000000000001,1,0,0,14000.0,27000.0,16000.0,20666.666666666668,21833.33333333333,21250.0,6506.407098647713,0.9725,54,1
ST0055,A0002,2022-03,19000,3,2022-03-01,2022,3,1,1.0,6.123233995736766e-17,1,0,1,56000.0,21000.0,24000.0,30333.33333333333,25666.666666666668,24583.33333333333,22501.85177565023,1.2338,54,1
ST0055,A0002,2022-04,38000,2,2022-04-01,2022,4,2,0.8660254037844387,-0.4999999999999998,0,0,1,19000.0,14000.0,23000.0,29666.666666666668,24500.0,24166.666666666668,22941.955743426348,1.2275,54,1
ST0055,A0002,2022-05,74000,8,2022-05-01,2022,5,2,0.4999999999999999,-0.8660254037844387,0,0,2,38000.0,56000.0,21000.0,37666.66666666666,29166.666666666668,25416.666666666668,18502.25211517055,1.4819,54,1
ST0055,A0002,2022-06,64000,8,2022-06-01,2022,6,2,1.2246467991473532e-16,-1.0,0,0,2,74000.0,19000.0,20000.0,43666.66666666666,37000.0,29833.33333333333,27934.44707405774,1.4636,54,1
ST0055,A0002,2022-07,59000,6,2022-07-01,2022,7,3,-0.4999999999999997,-0.8660254037844388,0,0,2,64000.0,38000.0,20000.0,58666.66666666666,44166.66666666666,33500.0,18583.146486355134,1.7512,54,1
ST0055,A0002,2022-08,33000,8,2022-08-01,2022,8,3,-0.8660254037844385,-0.5000000000000004,0,0,3,59000.0,74000.0,33000.0,65666.66666666667,51666.66666666666,36750.0,7637.6261582597235,1.7868,54,1
ST0055,A0002,2022-09,34000,8,2022-09-01,2022,9,3,-1.0,-1.8369701987210294e-16,0,0,3,33000.0,64000.0,26000.0,52000.0,47833.333333333336,36750.0,16643.31697709324,1.4149,54,1
ST0055,A0002,2022-10,41000,5,2022-10-01,2022,10,4,-0.8660254037844386,0.5000000000000001,0,1,3,34000.0,59000.0,10000.0,42000.0,50333.333333333336,37416.66666666666,14730.919862656245,1.1225,54,1
ST0055,A0002,2022-11,55000,5,2022-11-01,2022,11,4,-0.5000000000000004,0.8660254037844384,0,1,3,41000.0,33000.0,27000.0,36000.0,50833.333333333336,40000.0,4358.898943540725,0.9,54,1
ST0055,A0002,2022-12,35000,5,2022-12-01,2022,12,4,-2.4492935982947064e-16,1.0,0,1,0,55000.0,34000.0,21000.0,43333.333333333336,47666.66666666666,42333.333333333336,10692.676621563638,1.0236,54,1
ST0055,A0002,2023-01,45000,4,2023-01-01,2023,1,1,0.4999999999999999,0.8660254037844387,1,0,0,35000.0,41000.0,14000.0,43666.66666666666,42833.333333333336,43500.0,10263.20287889378,1.0038,54,1
ST0055,A0002,2023-02,41000,5,2023-02-01,2023,2,1,0.8660254037844386,0.5000000000000001,1,0,0,45000.0,55000.0,56000.0,45000.0,40500.0,46083.333333333336,10000.000000000013,0.9765,54,1
ST0055,A0002,2023-03,26000,5,2023-03-01,2023,3,1,1.0,6.123233995736766e-17,1,0,1,41000.0,35000.0,19000.0,40333.333333333336,41833.333333333336,44833.333333333336,5033.222956847199,0.8996,54,1
ST0055,A0002,2023-04,20000,4,2023-04-01,2023,4,2,0.8660254037844387,-0.4999999999999998,0,0,1,26000.0,45000.0,38000.0,37333.333333333336,40500.0,45416.66666666666,10016.652800877831,0.822,54,1
ST0055,A0002,2023-05,15000,2,2023-05-01,2023,5,2,0.4999999999999999,-0.8660254037844387,0,0,2,20000.0,41000.0,74000.0,29000.0,37000.0,43916.66666666666,10816.653826391996,0.6603,54,1
ST0055,A0002,2023-06,13000,2,2023-06-01,2023,6,2,1.2246467991473532e-16,-1.0,0,0,2,15000.0,26000.0,64000.0,20333.33333333333,30333.33333333333,39000.0,5507.570547286185,0.5214,54,1
ST0055,A0002,2023-07,15000,1,2023-07-01,2023,7,3,-0.4999999999999997,-0.8660254037844388,0,0,2,13000.0,20000.0,59000.0,16000.0,26666.666666666668,34750.0,3605.5512754641327,0.4604,54,1
ST0055,A0002,2023-09,10000,1,2023-09-01,2023,9,3,-1.0,-1.8369701987210294e-16,0,0,3,15000.0,15000.0,33000.0,14333.333333333334,21666.666666666668,31083.33333333333,1154.70053837972,0.4611,54,1
ST0055,A0002,2023-10,10000,1,2023-10-01,2023,10,4,-0.8660254037844386,0.5000000000000001,0,1,3,10000.0,13000.0,34000.0,12666.666666666666,16500.0,29166.666666666668,2516.611478423808,0.4343,54,1
ST0055,A0002,2023-11,20000,2,2023-11-01,2023,11,4,-0.5000000000000004,0.8660254037844384,0,1,3,10000.0,15000.0,41000.0,11666.666666666666,13833.333333333334,27166.666666666668,2886.75134594833,0.4294,54,1
ST0055,A0002,2024-01,12000,2,2024-01-01,2024,1,1,0.4999999999999999,0.8660254037844387,1,0,0,20000.0,10000.0,55000.0,13333.333333333334,13833.333333333334,25416.666666666668,5773.502691896354,0.5246,54,1
ST0055,A0002,2024-02,20000,2,2024-02-01,2024,2,1,0.8660254037844386,0.5000000000000001,1,0,0,12000.0,10000.0,35000.0,14000.0,13333.333333333334,21833.33333333333,5291.502622129285,0.6412,54,1
ST0055,A0002,2024-03,20000,3,2024-03-01,2024,3,1,1.0,6.123233995736766e-17,1,0,1,20000.0,20000.0,45000.0,17333.333333333332,14500.0,20583.33333333333,4618.802153517115,0.8421,54,1
ST0055,A0002,2024-04,20000,3,2024-04-01,2024,4,2,0.8660254037844387,-0.4999999999999998,0,0,1,20000.0,12000.0,41000.0,17333.333333333332,15333.333333333334,18500.0,4618.802153517115,0.9369,54,1
ST0055,A0002,2024-05,10000,2,2024-05-01,2024,5,2,0.4999999999999999,-0.8660254037844387,0,0,2,20000.0,20000.0,26000.0,20000.0,17000.0,16750.0,0.0,1.194,54,1
ST0055,A0002,2024-06,10000,2,2024-06-01,2024,6,2,1.2246467991473532e-16,-1.0,0,0,2,10000.0,20000.0,20000.0,16666.666666666668,17000.0,15416.666666666666,5773.502691896346,1.081,54,1
ST0055,A0002,2024-07,20000,2,2024-07-01,2024,7,3,-0.4999999999999997,-0.8660254037844388,0,0,2,10000.0,20000.0,15000.0,13333.333333333334,15333.333333333334,14583.333333333334,5773.502691896353,0.9142,54,1
ST0055,A0002,2024-08,20000,4,2024-08-01,2024,8,3,-0.8660254037844385,-0.5000000000000004,0,0,3,20000.0,10000.0,13000.0,13333.333333333334,16666.666666666668,15000.0,5773.502691896353,0.8888,54,1
ST0055,A0002,2024-09,15000,2,2024-09-01,2024,9,3,-1.0,-1.8369701987210294e-16,0,0,3,20000.0,10000.0,15000.0,16666.666666666668,16666.666666666668,15583.333333333334,5773.502691896346,1.0695,54,1
ST0055,A0002,2024-10,22000,4,2024-10-01,2024,10,4,-0.8660254037844386,0.5000000000000001,0,1,3,15000.0,20000.0,10000.0,18333.33333333333,15833.333333333334,15583.333333333334,2886.751345948298,1.1764,54,1
ST0055,A0002,2024-11,19000,3,2024-11-01,2024,11,4,-0.5000000000000004,0.8660254037844384,0,1,3,22000.0,20000.0,10000.0,19000.0,16166.666666666666,16583.333333333332,3605.551275464121,1.1457,54,1
ST0055,A0002,2024-12,10000,3,2024-12-01,2024,12,4,-2.4492935982947064e-16,1.0,0,1,0,19000.0,15000.0,20000.0,18666.666666666668,17666.666666666668,17333.333333333332,3511.8845842843834,1.0769,54,1
ST0055,A0002,2025-01,17000,3,2025-01-01,2025,1,1,0.4999999999999999,0.8660254037844387,1,0,0,10000.0,22000.0,12000.0,17000.0,17666.666666666668,16500.0,6244.99799839848,1.0302,54,1
ST0055,A0002,2025-02,11000,2,2025-02-01,2025,2,1,0.8660254037844386,0.5000000000000001,1,0,0,17000.0,19000.0,20000.0,15333.333333333334,17166.666666666668,16916.666666666668,4725.815626252723,0.9064,54,1
ST0055,A0002,2025-03,10000,2,2025-03-01,2025,3,1,1.0,6.123233995736766e-17,1,0,1,11000.0,10000.0,20000.0,12666.666666666666,15666.666666666666,16166.666666666666,3785.938897200338,0.7835,54,1
ST0055,A0002,2025-04,9000,2,2025-04-01,2025,4,2,0.8660254037844387,-0.4999999999999998,0,0,1,10000.0,17000.0,20000.0,12666.666666666666,14833.333333333334,15333.333333333334,3785.9388972003376,0.826,54,1
ST0055,A0002,2025-05,6000,2,2025-05-01,2025,5,2,0.4999999999999999,-0.8660254037844387,0,0,2,9000.0,11000.0,10000.0,10000.0,12666.666666666666,14416.666666666666,1000.000000000637,0.6936,54,1
ST0055,A0002,2025-06,5000,1,2025-06-01,2025,6,2,1.2246467991473532e-16,-1.0,0,0,2,6000.0,10000.0,10000.0,8333.333333333334,10500.0,14083.333333333334,2081.6659994664533,0.5917,54,1
ST0055,A0002,2025-07,10000,3,2025-07-01,2025,7,3,-0.4999999999999997,-0.8660254037844388,0,0,2,5000.0,9000.0,20000.0,6666.666666666667,9666.666666666666,13666.666666666666,2081.665999466467,0.4878,54,1
ST0055,A0002,2025-08,10000,2,2025-08-01,2025,8,3,-0.8660254037844385,-0.5000000000000004,0,0,3,10000.0,6000.0,20000.0,7000.0,8500.0,12833.333333333334,2645.7513110648515,0.5454,54,1
ST0055,A0002,2025-09,5000,2,2025-09-01,2025,9,3,-1.0,-1.8369701987210294e-16,0,0,3,10000.0,5000.0,15000.0,8333.333333333334,8333.333333333334,12000.0,2886.7513459483603,0.6944,54,1
ST0055,A0002,2025-10,5000,1,2025-10-01,2025,10,4,-0.8660254037844386,0.5000000000000001,0,1,3,5000.0,10000.0,22000.0,8333.333333333334,7500.0,11166.666666666666,2886.7513459483603,0.7462,54,1
ST0055,A0002,2025-11,5000,1,2025-11-01,2025,11,4,-0.5000000000000004,0.8660254037844384,0,1,3,5000.0,10000.0,19000.0,6666.666666666667,6833.333333333333,9750.0,2886.75134594837,0.6837,54,1
ST0055,A0002,2025-12,5000,1,2025-12-01,2025,12,4,-2.4492935982947064e-16,1.0,0,1,0,5000.0,5000.0,10000.0,5000.0,6666.666666666667,8583.333333333334,0.0,0.5825,54,1
ST0057,A0001,2022-09,15000,1,2022-09-01,2022,9,3,-1.0,-1.8369701987210294e-16,0,0,3,15000.0,15000.0,5000.0,15000.0,18166.666666666668,14750.0,0.0,1.0169,56,0
ST0057,A0001,2022-10,5000,1,2022-10-01,2022,10,4,-0.8660254037844386,0.5000000000000001,0,1,3,15000.0,15000.0,15000.0,15000.0,19000.0,15583.333333333334,0.0,0.9625,56,0
ST0057,A0001,2022-12,15000,1,2022-12-01,2022,12,4,-2.4492935982947064e-16,1.0,0,1,0,5000.0,15000.0,15000.0,11666.666666666666,15833.333333333334,14750.0,5773.5026918962585,0.7909,56,0
ST0057,A0001,2023-01,13000,1,2023-01-01,2023,1,1,0.4999999999999999,0.8660254037844387,1,0,0,15000.0,15000.0,13000.0,11666.666666666666,13333.333333333334,14750.0,5773.5026918962585,0.7909,56,0
ST0057,A0001,2023-02,5000,1,2023-02-01,2023,2,1,0.8660254037844386,0.5000000000000001,1,0,0,13000.0,5000.0,15000.0,11000.0,13000.0,14750.0,5291.502622129182,0.7457,56,0
ST0057,A0001,2023-03,20000,1,2023-03-01,2023,3,1,1.0,6.123233995736766e-17,1,0,1,5000.0,15000.0,5000.0,11000.0,11333.333333333334,13916.666666666666,5291.502622129182,0.7904,56,0
ST0057,A0001,2023-04,20000,1,2023-04-01,2023,4,2,0.8660254037844387,-0.4999999999999998,0,0,1,20000.0,13000.0,10000.0,12666.666666666666,12166.666666666666,15166.666666666666,7505.553499465135,0.8351,56,0
ST0057,A0001,2023-05,20000,1,2023-05-01,2023,5,2,0.4999999999999999,-0.8660254037844387,0,0,2,20000.0,5000.0,24000.0,15000.0,13000.0,16000.0,8660.254037844386,0.9374,56,0
ST0057,A0001,2023-06,83000,3,2023-06-01,2023,6,2,1.2246467991473532e-16,-1.0,0,0,2,20000.0,20000.0,30000.0,20000.0,15500.0,15666.666666666666,0.0,1.2765,56,0
ST0057,A0001,2023-07,124000,5,2023-07-01,2023,7,3,-0.4999999999999997,-0.8660254037844388,0,0,2,83000.0,20000.0,15000.0,41000.0,26833.33333333333,20083.33333333333,36373.06695894642,2.0414,56,0
ST0057,A0001,2023-08,90000,3,2023-08-01,2023,8,3,-0.8660254037844385,-0.5000000000000004,0,0,3,124000.0,20000.0,15000.0,75666.66666666667,45333.333333333336,29166.666666666668,52386.384999666974,2.5942,56,0
ST0057,A0001,2023-09,24000,2,2023-09-01,2023,9,3,-1.0,-1.8369701987210294e-16,0,0,3,90000.0,83000.0,15000.0,99000.0,59500.0,35416.666666666664,21931.712199461297,2.7952,56,0
ST0057,A0001,2023-10,58000,4,2023-10-01,2023,10,4,-0.8660254037844386,0.5000000000000001,0,1,3,24000.0,124000.0,15000.0,79333.33333333333,60166.66666666666,36166.66666666666,50846.17324178224,2.1935,56,0
ST0057,A0001,2023-11,29000,2,2023-11-01,2023,11,4,-0.5000000000000004,0.8660254037844384,0,1,3,58000.0,90000.0,5000.0,57333.333333333336,66500.0,39750.0,33005.05011863082,1.4423,56,0
ST0057,A0001,2023-12,34000,3,2023-12-01,2023,12,4,-2.4492935982947064e-16,1.0,0,1,0,29000.0,24000.0,15000.0,37000.0,68000.0,41750.0,18357.55975068578,0.8862,56,0
ST0057,A0001,2024-01,12000,3,2024-01-01,2024,1,1,0.4999999999999999,0.8660254037844387,1,0,0,34000.0,58000.0,13000.0,40333.333333333336,59833.333333333336,43333.333333333336,15502.68793897794,0.9307,56,0
ST0057,A0001,2024-02,40000,2,2024-02-01,2024,2,1,0.8660254037844386,0.5000000000000001,1,0,0,12000.0,29000.0,5000.0,25000.0,41166.66666666666,43250.0,11532.562594670717,0.578,56,0
ST0057,A0001,2024-03,30000,2,2024-03-01,2024,3,1,1.0,6.123233995736766e-17,1,0,1,40000.0,34000.0,20000.0,28666.666666666668,32833.333333333336,46166.66666666666,14742.229591663929,0.6209,56,0
ST0057,A0001,2024-04,45000,3,2024-04-01,2024,4,2,0.8660254037844387,-0.4999999999999998,0,0,1,30000.0,12000.0,20000.0,27333.33333333333,33833.333333333336,47000.0,14189.197769195112,0.5815,56,0
ST0057,A0001,2024-05,70000,3,2024-05-01,2024,5,2,0.4999999999999999,-0.8660254037844387,0,0,2,45000.0,40000.0,20000.0,38333.333333333336,31666.666666666668,49083.333333333336,7637.626158259637,0.781,56,0
ST0057,A0001,2024-06,35000,2,2024-06-01,2024,6,2,1.2246467991473532e-16,-1.0,0,0,2,70000.0,30000.0,83000.0,48333.333333333336,38500.0,53250.0,20207.259421636874,0.9077,56,0
ST0057,A0001,2024-07,27000,2,2024-07-01,2024,7,3,-0.4999999999999997,-0.8660254037844388,0,0,2,35000.0,45000.0,124000.0,50000.0,38666.66666666666,49250.0,18027.75637731992,1.0152,56,0
ST0057,A0001,2024-08,30000,2,2024-08-01,2024,8,3,-0.8660254037844385,-0.5000000000000004,0,0,3,27000.0,70000.0,90000.0,44000.0,41166.66666666666,41166.66666666666,22869.19325205852,1.0688,56,0
ST0057,A0001,2024-09,35000,2,2024-09-01,2024,9,3,-1.0,-1.8369701987210294e-16,0,0,3,30000.0,35000.0,24000.0,30666.666666666668,39500.0,36166.66666666666,4041.451884327188,0.8479,56,0
ST0057,A0001,2024-10,35000,3,2024-10-01,2024,10,4,-0.8660254037844386,0.5000000000000001,0,1,3,35000.0,27000.0,58000.0,30666.666666666668,40333.333333333336,37083.333333333336,4041.451884327188,0.8269,56,0
ST0057,A0001,2024-11,20000,1,2024-11-01,2024,11,4,-0.5000000000000004,0.8660254037844384,0,1,3,35000.0,30000.0,29000.0,33333.333333333336,38666.66666666666,35166.666666666664,2886.7513459478664,0.9478,56,0
ST0057,A0001,2024-12,15000,1,2024-12-01,2024,12,4,-2.4492935982947064e-16,1.0,0,1,0,20000.0,35000.0,34000.0,30000.0,30333.33333333333,34416.666666666664,8660.254037844297,0.8716,56,0
ST0057,A0001,2025-01,30000,3,2025-01-01,2025,1,1,0.4999999999999999,0.8660254037844387,1,0,0,15000.0,35000.0,12000.0,23333.33333333333,27000.0,32833.333333333336,10408.329997330586,0.7106,56,0
ST0057,A0001,2025-03,30000,2,2025-03-01,2025,3,1,1.0,6.123233995736766e-17,1,0,1,30000.0,20000.0,40000.0,21666.666666666668,27500.0,34333.333333333336,7637.626158259625,0.631,56,0
ST0057,A0001,2025-04,27000,3,2025-04-01,2025,4,2,0.8660254037844387,-0.4999999999999998,0,0,1,30000.0,15000.0,30000.0,25000.0,27500.0,33500.0,8660.254037844294,0.7462,56,0
ST0057,A0001,2025-05,15000,1,2025-05-01,2025,5,2,0.4999999999999999,-0.8660254037844387,0,0,2,27000.0,30000.0,45000.0,29000.0,26166.666666666668,33250.0,1732.0508075684306,0.8722,56,0
ST0057,A0001,2025-06,10000,1,2025-06-01,2025,6,2,1.2246467991473532e-16,-1.0,0,0,2,15000.0,30000.0,70000.0,24000.0,22833.33333333333,30750.0,7937.25393319367,0.7805,56,0
ST0057,A0001,2025-07,15000,1,2025-07-01,2025,7,3,-0.4999999999999997,-0.8660254037844388,0,0,2,10000.0,27000.0,35000.0,17333.333333333332,21166.666666666668,25750.0,8736.894948054007,0.6731,56,0
ST0057,A0001,2025-09,15000,1,2025-09-01,2025,9,3,-1.0,-1.8369701987210294e-16,0,0,3,15000.0,15000.0,27000.0,13333.333333333334,21166.666666666668,24083.33333333333,2886.751345947824,0.5536,56,0
ST0057,A0001,2025-10,15000,1,2025-10-01,2025,10,4,-0.8660254037844386,0.5000000000000001,0,1,3,15000.0,10000.0,30000.0,13333.333333333334,18666.666666666668,23083.33333333333,2886.751345947824,0.5776,56,0
ST0057,A0001,2025-11,15000,1,2025-11-01,2025,11,4,-0.5000000000000004,0.8660254037844384,0,1,3,15000.0,15000.0,35000.0,15000.0,16166.666666666666,21833.33333333333,0.0,0.687,56,0
ST0057,A0002,2022-09,139000,5,2022-09-01,2022,9,3,-1.0,-1.8369701987210294e-16,0,0,3,154000.0,186000.0,15000.0,121000.0,118500.0,82583.33333333333,86365.50237218561,1.4652,56,1
ST0057,A0002,2022-10,127000,5,2022-10-01,2022,10,4,-0.8660254037844386,0.5000000000000001,0,1,3,139000.0,23000.0,15000.0,105333.33333333331,135333.33333333334,92916.66666666669,71696.11797952057,1.1336,56,1
ST0057,A0002,2022-11,35000,1,2022-11-01,2022,11,4,-0.5000000000000004,0.8660254037844384,0,1,3,127000.0,154000.0,55000.0,140000.0,138166.66666666666,102250.0,13527.749258468595,1.3692,56,1
ST0057,A0002,2022-12,65000,2,2022-12-01,2022,12,4,-2.4492935982947064e-16,1.0,0,1,0,35000.0,139000.0,65000.0,100333.33333333331,110666.66666666669,100583.33333333331,56897.56878227167,0.9975,56,1
ST0057,A0002,2023-01,63000,2,2023-01-01,2023,1,1,0.4999999999999999,0.8660254037844387,1,0,0,65000.0,127000.0,75000.0,75666.66666666667,90500.0,100583.33333333331,46918.36882643448,0.7523,56,1
ST0057,A0002,2023-02,91000,3,2023-02-01,2023,2,1,0.8660254037844386,0.5000000000000001,1,0,0,63000.0,35000.0,55000.0,54333.333333333336,97166.66666666669,99583.33333333331,16772.994167212393,0.5456,56,1
ST0057,A0002,2023-03,143000,6,2023-03-01,2023,3,1,1.0,6.123233995736766e-17,1,0,1,91000.0,65000.0,38000.0,73000.0,86666.66666666667,102583.33333333331,15620.499351813502,0.7116,56,1
ST0057,A0002,2023-04,35000,2,2023-04-01,2023,4,2,0.8660254037844387,-0.4999999999999998,0,0,1,143000.0,63000.0,110000.0,99000.0,87333.33333333333,111333.33333333331,40595.56626036893,0.8892,56,1
ST0057,A0002,2023-05,85000,3,2023-05-01,2023,5,2,0.4999999999999999,-0.8660254037844387,0,0,2,35000.0,91000.0,200000.0,89666.66666666667,72000.0,105083.33333333331,54012.34426807763,0.8533,56,1
ST0057,A0002,2023-06,45000,2,2023-06-01,2023,6,2,1.2246467991473532e-16,-1.0,0,0,2,85000.0,143000.0,186000.0,87666.66666666667,80333.33333333333,95500.0,54049.36015655818,0.918,56,1
ST0057,A0002,2023-07,101000,5,2023-07-01,2023,7,3,-0.4999999999999997,-0.8660254037844388,0,0,2,45000.0,35000.0,23000.0,55000.0,77000.0,83750.0,26457.51311064607,0.6567,56,1
ST0057,A0002,2023-08,45000,2,2023-08-01,2023,8,3,-0.8660254037844385,-0.5000000000000004,0,0,3,101000.0,85000.0,154000.0,77000.0,83333.33333333333,90250.0,28844.410203712017,0.8532,56,1
ST0057,A0002,2023-09,66000,2,2023-09-01,2023,9,3,-1.0,-1.8369701987210294e-16,0,0,3,45000.0,45000.0,139000.0,63666.66666666666,75666.66666666667,81166.66666666667,32331.61507461916,0.7844,56,1
ST0057,A0002,2023-10,122000,4,2023-10-01,2023,10,4,-0.8660254037844386,0.5000000000000001,0,1,3,66000.0,101000.0,127000.0,70666.66666666667,62833.333333333336,75083.33333333333,28290.16319029178,0.9412,56,1
ST0057,A0002,2023-11,123000,3,2023-11-01,2023,11,4,-0.5000000000000004,0.8660254037844384,0,1,3,122000.0,45000.0,35000.0,77666.66666666667,77333.33333333333,74666.66666666667,39803.68492154136,1.0402,56,1
ST0057,A0002,2023-12,101000,3,2023-12-01,2023,12,4,-2.4492935982947064e-16,1.0,0,1,0,123000.0,66000.0,65000.0,103666.66666666669,83666.66666666667,82000.0,32624.121954978906,1.2642,56,1
ST0057,A0002,2024-01,135000,3,2024-01-01,2024,1,1,0.4999999999999999,0.8660254037844387,1,0,0,101000.0,122000.0,63000.0,115333.33333333331,93000.0,85000.0,12423.09676905622,1.3568,56,1
ST0057,A0002,2024-02,135000,3,2024-02-01,2024,2,1,0.8660254037844386,0.5000000000000001,1,0,0,135000.0,123000.0,91000.0,119666.66666666669,98666.66666666669,91000.0,17243.356208503457,1.315,56,1
ST0057,A0002,2024-03,90000,2,2024-03-01,2024,3,1,1.0,6.123233995736766e-17,1,0,1,135000.0,101000.0,143000.0,123666.66666666669,113666.66666666669,94666.66666666669,19629.9091524473,1.3063,56,1
ST0057,A0002,2024-04,45000,1,2024-04-01,2024,4,2,0.8660254037844387,-0.4999999999999998,0,0,1,90000.0,135000.0,35000.0,120000.0,117666.66666666669,90250.0,25980.76211353319,1.3296,56,1
ST0057,A0002,2024-05,90000,2,2024-05-01,2024,5,2,0.4999999999999999,-0.8660254037844387,0,0,2,45000.0,135000.0,85000.0,90000.0,104833.33333333331,91083.33333333331,45000.00000000006,0.9881,56,1
ST0057,A0002,2024-06,90000,2,2024-06-01,2024,6,2,1.2246467991473532e-16,-1.0,0,0,2,90000.0,90000.0,45000.0,75000.0,99333.33333333331,91500.0,25980.762113533303,0.8197,56,1
ST0057,A0002,2024-07,90000,2,2024-07-01,2024,7,3,-0.4999999999999997,-0.8660254037844388,0,0,2,90000.0,45000.0,101000.0,75000.0,97500.0,95250.0,25980.762113533303,0.7874,56,1
ST0057,A0002,2024-08,90000,2,2024-08-01,2024,8,3,-0.8660254037844385,-0.5000000000000004,0,0,3,90000.0,90000.0,45000.0,90000.0,90000.0,94333.33333333331,0.0,0.9541,56,1
ST0057,A0002,2024-09,45000,1,2024-09-01,2024,9,3,-1.0,-1.8369701987210294e-16,0,0,3,90000.0,90000.0,66000.0,90000.0,82500.0,98083.33333333331,0.0,0.9176,56,1
ST0057,A0002,2024-10,45000,2,2024-10-01,2024,10,4,-0.8660254037844386,0.5000000000000001,0,1,3,45000.0,90000.0,122000.0,75000.0,75000.0,96333.33333333331,25980.762113533303,0.7785,56,1
ST0057,A0002,2024-11,45000,1,2024-11-01,2024,11,4,-0.5000000000000004,0.8660254037844384,0,1,3,45000.0,90000.0,123000.0,60000.0,75000.0,89916.66666666667,25980.762113533336,0.6673,56,1
ST0057,A0002,2024-12,20000,1,2024-12-01,2024,12,4,-2.4492935982947064e-16,1.0,0,1,0,45000.0,45000.0,101000.0,45000.0,67500.0,83416.66666666667,0.0,0.5395,56,1
ST0057,A0002,2025-01,90000,2,2025-01-01,2025,1,1,0.4999999999999999,0.8660254037844387,1,0,0,20000.0,45000.0,135000.0,36666.66666666666,55833.333333333336,76666.66666666667,14433.756729741055,0.4783,56,1
ST0057,A0002,2025-02,45000,1,2025-02-01,2025,2,1,0.8660254037844386,0.5000000000000001,1,0,0,90000.0,45000.0,135000.0,51666.66666666666,55833.333333333336,72916.66666666667,35472.99442298808,0.7086,56,1
ST0057,A0002,2025-03,67000,2,2025-03-01,2025,3,1,1.0,6.123233995736766e-17,1,0,1,45000.0,20000.0,90000.0,51666.66666666666,48333.333333333336,65416.66666666666,35472.99442298808,0.7898,56,1
ST0057,A0002,2025-04,45000,2,2025-04-01,2025,4,2,0.8660254037844387,-0.4999999999999998,0,0,1,67000.0,90000.0,45000.0,67333.33333333333,52000.0,63500.0,22501.85177565041,1.0604,56,1
ST0057,A0002,2025-05,50000,2,2025-05-01,2025,5,2,0.4999999999999999,-0.8660254037844387,0,0,2,45000.0,45000.0,90000.0,52333.333333333336,52000.0,63500.0,12701.70592217216,0.8241,56,1
ST0057,A0002,2025-06,25000,1,2025-06-01,2025,6,2,1.2246467991473532e-16,-1.0,0,0,2,50000.0,67000.0,90000.0,54000.0,52833.333333333336,60166.66666666666,11532.562594671224,0.8975,56,1
ST0057,A0002,2025-07,25000,1,2025-07-01,2025,7,3,-0.4999999999999997,-0.8660254037844388,0,0,2,25000.0,45000.0,90000.0,40000.0,53666.66666666666,54750.0,13228.756555323384,0.7306,56,1
ST0057,A0002,2025-08,25000,1,2025-08-01,2025,8,3,-0.8660254037844385,-0.5000000000000004,0,0,3,25000.0,50000.0,90000.0,33333.333333333336,42833.333333333336,49333.333333333336,14433.756729741066,0.6757,56,1
ST0057,A0002,2025-09,25000,1,2025-09-01,2025,9,3,-1.0,-1.8369701987210294e-16,0,0,3,25000.0,25000.0,45000.0,25000.0,39500.0,43916.66666666666,0.0,0.5692,56,1
ST0057,A0002,2025-10,25000,1,2025-10-01,2025,10,4,-0.8660254037844386,0.5000000000000001,0,1,3,25000.0,25000.0,45000.0,25000.0,32500.0,42250.0,0.0,0.5917,56,1
ST0057,A0002,2025-11,25000,1,2025-11-01,2025,11,4,-0.5000000000000004,0.8660254037844384,0,1,3,25000.0,25000.0,45000.0,25000.0,29166.666666666668,40583.333333333336,0.0,0.616,56,1
ST0057,A0002,2025-12,55000,2,2025-12-01,2025,12,4,-2.4492935982947064e-16,1.0,0,1,0,25000.0,25000.0,20000.0,25000.0,25000.0,38916.66666666666,0.0,0.6424,56,1
ST0072,A0001,2024-01,8000,2,2024-01-01,2024,1,1,0.4999999999999999,0.8660254037844387,1,0,0,2000.0,8000.0,8000.0,5333.333333333333,9500.0,7500.0,3055.0504633038963,0.711,71,0
ST0072,A0001,2024-04,8000,1,2024-04-01,2024,4,2,0.8660254037844387,-0.4999999999999998,0,0,1,8000.0,6000.0,5000.0,5333.333333333333,8333.333333333334,7500.0,3055.0504633038963,0.711,71,0
ST0072,A0001,2024-05,9000,1,2024-05-01,2024,5,2,0.4999999999999999,-0.8660254037844387,0,0,2,8000.0,2000.0,2000.0,6000.0,6666.666666666667,7750.0,3464.101615137757,0.7741,71,0
ST0072,A0001,2024-08,8000,1,2024-08-01,2024,8,3,-0.8660254037844385,-0.5000000000000004,0,0,3,9000.0,8000.0,3000.0,8333.333333333334,6833.333333333333,8333.333333333334,577.3502691896347,0.9999,71,0
ST0072,A0001,2025-01,8000,1,2025-01-01,2025,1,1,0.4999999999999999,0.8660254037844387,1,0,0,8000.0,8000.0,10000.0,8333.333333333334,6833.333333333333,8750.0,577.3502691896347,0.9523,71,0
ST0072,A0001,2025-02,6000,1,2025-02-01,2025,2,1,0.8660254037844386,0.5000000000000001,1,0,0,8000.0,9000.0,5000.0,8333.333333333334,7166.666666666667,8583.333333333334,577.3502691896347,0.9708,71,0
ST0072,A0001,2025-03,11000,2,2025-03-01,2025,3,1,1.0,6.123233995736766e-17,1,0,1,6000.0,8000.0,15000.0,7333.333333333333,7833.333333333333,8666.666666666666,1154.7005383792568,0.8461,71,0
ST0072,A0001,2025-04,5000,1,2025-04-01,2025,4,2,0.8660254037844387,-0.4999999999999998,0,0,1,11000.0,8000.0,18000.0,8333.333333333334,8333.333333333334,8333.333333333334,2516.6114784235856,0.9999,71,0
ST0072,A0001,2025-05,9000,2,2025-05-01,2025,5,2,0.4999999999999999,-0.8660254037844387,0,0,2,5000.0,6000.0,8000.0,7333.333333333333,7833.333333333333,7250.0,3214.55025366432,1.0114,71,0
ST0072,A0001,2025-06,5000,1,2025-06-01,2025,6,2,1.2246467991473532e-16,-1.0,0,0,2,9000.0,11000.0,8000.0,8333.333333333334,7833.333333333333,7333.333333333333,3055.050463303895,1.1362,71,0
ST0072,A0001,2025-07,5000,1,2025-07-01,2025,7,3,-0.4999999999999997,-0.8660254037844388,0,0,2,5000.0,5000.0,6000.0,6333.333333333333,7333.333333333333,7083.333333333333,2309.401076758506,0.894,71,0
ST0072,A0001,2025-08,5000,1,2025-08-01,2025,8,3,-0.8660254037844385,-0.5000000000000004,0,0,3,5000.0,9000.0,2000.0,6333.333333333333,6833.333333333333,7000.0,2309.401076758506,0.9046,71,0
ST0072,A0001,2025-09,5000,1,2025-09-01,2025,9,3,-1.0,-1.8369701987210294e-16,0,0,3,5000.0,5000.0,8000.0,5000.0,6666.666666666667,7250.0,0.0,0.6896,71,0
ST0072,A0001,2025-10,5000,1,2025-10-01,2025,10,4,-0.8660254037844386,0.5000000000000001,0,1,3,5000.0,5000.0,8000.0,5000.0,5666.666666666667,7000.0,0.0,0.7142,71,0
ST0072,A0001,2025-11,5000,1,2025-11-01,2025,11,4,-0.5000000000000004,0.8660254037844384,0,1,3,5000.0,5000.0,9000.0,5000.0,5666.666666666667,6750.0,0.0,0.7406,71,0
ST0072,A0001,2025-12,5000,1,2025-12-01,2025,12,4,-2.4492935982947064e-16,1.0,0,1,0,5000.0,5000.0,8000.0,5000.0,5000.0,6416.666666666667,0.0,0.7791,71,0
ST0072,A0002,2023-12,17000,3,2023-12-01,2023,12,4,-2.4492935982947064e-16,1.0,0,1,0,8000.0,15000.0,16000.0,10333.333333333334,10666.666666666666,16250.0,4041.451884327383,0.6359,71,1
ST0072,A0002,2024-02,8000,1,2024-02-01,2024,2,1,0.8660254037844386,0.5000000000000001,1,0,0,17000.0,8000.0,30000.0,11000.0,11333.333333333334,16333.333333333334,5196.152422706634,0.6734,71,1
ST0072,A0002,2024-03,17000,2,2024-03-01,2024,3,1,1.0,6.123233995736766e-17,1,0,1,8000.0,8000.0,23000.0,11000.0,10166.666666666666,14500.0,5196.152422706633,0.7586,71,1
ST0072,A0002,2024-06,16000,2,2024-06-01,2024,6,2,1.2246467991473532e-16,-1.0,0,0,2,17000.0,17000.0,20000.0,14000.0,12166.666666666666,14000.0,5196.152422706632,0.9999,71,1
ST0072,A0002,2024-07,16000,2,2024-07-01,2024,7,3,-0.4999999999999997,-0.8660254037844388,0,0,2,16000.0,8000.0,11000.0,13666.666666666666,12333.333333333334,13666.666666666666,4932.882862316247,0.9999,71,1
ST0072,A0002,2025-01,12000,1,2025-01-01,2025,1,1,0.4999999999999999,0.8660254037844387,1,0,0,16000.0,17000.0,31000.0,16333.333333333334,13666.666666666666,14083.333333333334,577.3502691896042,1.1597,71,1
ST0072,A0002,2025-02,12000,3,2025-02-01,2025,2,1,0.8660254037844386,0.5000000000000001,1,0,0,12000.0,16000.0,13000.0,14666.666666666666,14333.333333333334,12500.0,2309.4010767585005,1.1732,71,1
ST0072,A0002,2025-03,20000,4,2025-03-01,2025,3,1,1.0,6.123233995736766e-17,1,0,1,12000.0,16000.0,15000.0,13333.333333333334,13500.0,12416.666666666666,2309.4010767585028,1.0737,71,1
ST0072,A0002,2025-04,42000,5,2025-04-01,2025,4,2,0.8660254037844387,-0.4999999999999998,0,0,1,20000.0,12000.0,5000.0,14666.666666666666,15500.0,12833.333333333334,4618.802153517005,1.1428,71,1
ST0072,A0002,2025-05,13000,2,2025-05-01,2025,5,2,0.4999999999999999,-0.8660254037844387,0,0,2,42000.0,12000.0,15000.0,24666.666666666668,19666.666666666668,15916.666666666666,15534.906930308054,1.5496,71,1
ST0072,A0002,2025-06,7000,2,2025-06-01,2025,6,2,1.2246467991473532e-16,-1.0,0,0,2,13000.0,20000.0,8000.0,25000.0,19166.666666666668,15750.0,15132.74595042155,1.5872,71,1
ST0072,A0002,2025-07,17000,4,2025-07-01,2025,7,3,-0.4999999999999997,-0.8660254037844388,0,0,2,7000.0,42000.0,8000.0,20666.666666666668,17666.666666666668,15666.666666666666,18717.19352182194,1.3191,71,1
ST0072,A0002,2025-08,5000,1,2025-08-01,2025,8,3,-0.8660254037844385,-0.5000000000000004,0,0,3,17000.0,13000.0,17000.0,12333.333333333334,18500.0,16416.666666666668,5033.222956847169,0.7512,71,1
ST0072,A0002,2025-09,5000,1,2025-09-01,2025,9,3,-1.0,-1.8369701987210294e-16,0,0,3,5000.0,7000.0,8000.0,9666.666666666666,17333.333333333332,15416.666666666666,6429.100507328642,0.627,71,1
ST0072,A0002,2025-10,7000,1,2025-10-01,2025,10,4,-0.8660254037844386,0.5000000000000001,0,1,3,5000.0,17000.0,17000.0,9000.0,14833.333333333334,15166.666666666666,6928.203230275515,0.5934,71,1
ST0072,A0002,2025-11,5000,1,2025-11-01,2025,11,4,-0.5000000000000004,0.8660254037844384,0,1,3,7000.0,5000.0,16000.0,5666.666666666667,9000.0,14333.333333333334,1154.700538379308,0.3953,71,1
ST0072,A0002,2025-12,10000,2,2025-12-01,2025,12,4,-2.4492935982947064e-16,1.0,0,1,0,5000.0,5000.0,16000.0,5666.666666666667,7666.666666666667,13416.666666666666,1154.700538379308,0.4223,71,1
ST0076,A0001,2024-06,8000,1,2024-06-01,2024,6,2,1.2246467991473532e-16,-1.0,0,0,2,10000.0,8000.0,20000.0,8666.666666666666,12666.666666666666,16833.333333333332,1154.7005383792907,0.5148,75,0
ST0076,A0001,2024-07,40000,5,2024-07-01,2024,7,3,-0.4999999999999997,-0.8660254037844388,0,0,2,8000.0,8000.0,20000.0,8666.666666666666,8666.666666666666,15833.333333333334,1154.7005383792907,0.5473,75,0
ST0076,A0001,2024-08,12000,1,2024-08-01,2024,8,3,-0.8660254037844385,-0.5000000000000004,0,0,3,40000.0,10000.0,18000.0,19333.33333333333,14000.0,17500.0,17925.772879665004,1.1047,75,0
ST0076,A0001,2024-09,12000,2,2024-09-01,2024,9,3,-1.0,-1.8369701987210294e-16,0,0,3,12000.0,8000.0,32000.0,20000.0,14333.333333333334,17000.0,17435.595774162695,1.1764,75,0
ST0076,A0001,2024-10,5000,1,2024-10-01,2024,10,4,-0.8660254037844386,0.5000000000000001,0,1,3,12000.0,40000.0,28000.0,21333.33333333333,15000.0,15333.333333333334,16165.807537309523,1.3912,75,0
ST0076,A0001,2024-11,10000,2,2024-11-01,2024,11,4,-0.5000000000000004,0.8660254037844384,0,1,3,5000.0,12000.0,8000.0,9666.666666666666,14500.0,13416.666666666666,4041.451884327412,0.7204,75,0
ST0076,A0001,2024-12,15000,3,2024-12-01,2024,12,4,-2.4492935982947064e-16,1.0,0,1,0,10000.0,12000.0,32000.0,9000.0,14500.0,13583.333333333334,3605.551275464026,0.6625,75,0
ST0076,A0001,2025-01,5000,1,2025-01-01,2025,1,1,0.4999999999999999,0.8660254037844387,1,0,0,15000.0,5000.0,8000.0,10000.0,15666.666666666666,12166.666666666666,5000.000000000025,0.8219,75,0
ST0076,A0001,2025-02,5000,1,2025-02-01,2025,2,1,0.8660254037844386,0.5000000000000001,1,0,0,5000.0,10000.0,10000.0,10000.0,9833.333333333334,11916.666666666666,5000.000000000025,0.8391,75,0
ST0076,A0001,2025-03,5000,1,2025-03-01,2025,3,1,1.0,6.123233995736766e-17,1,0,1,5000.0,15000.0,8000.0,8333.333333333334,8666.666666666666,11500.0,5773.502691896282,0.7246,75,0
ST0076,A0001,2025-04,15000,2,2025-04-01,2025,4,2,0.8660254037844387,-0.4999999999999998,0,0,1,5000.0,5000.0,8000.0,5000.0,7500.0,11250.0,0.0,0.4444,75,0
ST0076,A0001,2025-05,10000,2,2025-05-01,2025,5,2,0.4999999999999999,-0.8660254037844387,0,0,2,15000.0,5000.0,10000.0,8333.333333333334,9166.666666666666,11833.333333333334,5773.502691896282,0.7042,75,0
ST0076,A0001,2025-08,18000,2,2025-08-01,2025,8,3,-0.8660254037844385,-0.5000000000000004,0,0,3,10000.0,5000.0,8000.0,10000.0,9166.666666666666,11833.333333333334,5000.000000000024,0.845,75,0
ST0076,A0001,2025-09,5000,1,2025-09-01,2025,9,3,-1.0,-1.8369701987210294e-16,0,0,3,18000.0,15000.0,40000.0,14333.333333333334,9666.666666666666,12666.666666666666,4041.4518843273977,1.1315,75,0
ST0076,A0001,2025-10,5000,1,2025-10-01,2025,10,4,-0.8660254037844386,0.5000000000000001,0,1,3,5000.0,10000.0,12000.0,11000.0,9666.666666666666,9750.0,6557.438524302017,1.1281,75,0
ST0076,A0001,2025-11,5000,1,2025-11-01,2025,11,4,-0.5000000000000004,0.8660254037844384,0,1,3,5000.0,18000.0,12000.0,9333.333333333334,9666.666666666666,9166.666666666666,7505.553499465152,1.0181,75,0
ST0076,A0001,2025-12,10000,2,2025-12-01,2025,12,4,-2.4492935982947064e-16,1.0,0,1,0,5000.0,5000.0,5000.0,5000.0,9666.666666666666,8583.333333333334,0.0,0.5825,75,0
ST0076,A0002,2024-06,20000,2,2024-06-01,2024,6,2,1.2246467991473532e-16,-1.0,0,0,2,8000.0,8000.0,8000.0,13666.666666666666,12500.0,13250.0,9814.954576223638,1.0314,75,1
ST0076,A0002,2024-08,10000,1,2024-08-01,2024,8,3,-0.8660254037844385,-0.5000000000000004,0,0,3,20000.0,25000.0,16000.0,17666.666666666668,12833.333333333334,14250.0,8736.894948054103,1.2397,75,1
ST0076,A0002,2024-09,18000,3,2024-09-01,2024,9,3,-1.0,-1.8369701987210294e-16,0,0,3,10000.0,8000.0,15000.0,12666.666666666666,13166.666666666666,13750.0,6429.100507328636,0.9211,75,1
ST0076,A0002,2024-10,25000,4,2024-10-01,2024,10,4,-0.8660254037844386,0.5000000000000001,0,1,3,18000.0,20000.0,10000.0,16000.0,14833.333333333334,14000.0,5291.502622129179,1.1428,75,1
ST0076,A0002,2024-11,5000,1,2024-11-01,2024,11,4,-0.5000000000000004,0.8660254037844384,0,1,3,25000.0,10000.0,15000.0,17666.666666666668,17666.666666666668,15250.0,7505.553499465133,1.1584,75,1
ST0076,A0002,2024-12,10000,2,2024-12-01,2024,12,4,-2.4492935982947064e-16,1.0,0,1,0,5000.0,18000.0,20000.0,16000.0,14333.333333333334,14416.666666666666,10148.891565092215,1.1097,75,1
ST0076,A0002,2025-01,27000,4,2025-01-01,2025,1,1,0.4999999999999999,0.8660254037844387,1,0,0,10000.0,25000.0,18000.0,13333.333333333334,14666.666666666666,13583.333333333334,10408.329997330662,0.9815,75,1
ST0076,A0002,2025-02,10000,2,2025-02-01,2025,2,1,0.8660254037844386,0.5000000000000001,1,0,0,27000.0,5000.0,8000.0,14000.0,15833.333333333334,14333.333333333334,11532.562594670797,0.9767,75,1
ST0076,A0002,2025-03,15000,3,2025-03-01,2025,3,1,1.0,6.123233995736766e-17,1,0,1,10000.0,10000.0,8000.0,15666.666666666666,15833.333333333334,14500.0,9814.954576223636,1.0804,75,1
ST0076,A0002,2025-04,10000,2,2025-04-01,2025,4,2,0.8660254037844387,-0.4999999999999998,0,0,1,15000.0,27000.0,8000.0,17333.333333333332,15333.333333333334,15083.333333333334,8736.894948054103,1.1491,75,1
ST0076,A0002,2025-05,13000,2,2025-05-01,2025,5,2,0.4999999999999999,-0.8660254037844387,0,0,2,10000.0,10000.0,25000.0,11666.666666666666,12833.333333333334,15250.0,2886.7513459481183,0.765,75,1
ST0076,A0002,2025-06,14000,2,2025-06-01,2025,6,2,1.2246467991473532e-16,-1.0,0,0,2,13000.0,15000.0,8000.0,12666.666666666666,14166.666666666666,14250.0,2516.611478423571,0.8888,75,1
ST0076,A0002,2025-07,16000,2,2025-07-01,2025,7,3,-0.4999999999999997,-0.8660254037844388,0,0,2,14000.0,10000.0,20000.0,12333.333333333334,14833.333333333334,14750.0,2081.6659994661177,0.8361,75,1
ST0076,A0002,2025-08,5000,1,2025-08-01,2025,8,3,-0.8660254037844385,-0.5000000000000004,0,0,3,16000.0,13000.0,10000.0,14333.333333333334,13000.0,14416.666666666666,1527.5252316519254,0.9942,75,1
ST0076,A0002,2025-09,5000,1,2025-09-01,2025,9,3,-1.0,-1.8369701987210294e-16,0,0,3,5000.0,14000.0,18000.0,11666.666666666666,12166.666666666666,14000.0,5859.4652770823095,0.8333,75,1
ST0076,A0002,2025-10,10000,2,2025-10-01,2025,10,4,-0.8660254037844386,0.5000000000000001,0,1,3,5000.0,16000.0,25000.0,8666.666666666666,10500.0,12916.666666666666,6350.852961085879,0.6709,75,1
ST0076,A0002,2025-11,10000,2,2025-11-01,2025,11,4,-0.5000000000000004,0.8660254037844384,0,1,3,10000.0,5000.0,5000.0,6666.666666666667,10500.0,11666.666666666666,2886.751345948118,0.5714,75,1
ST0076,A0002,2025-12,8000,1,2025-12-01,2025,12,4,-2.4492935982947064e-16,1.0,0,1,0,10000.0,5000.0,10000.0,8333.333333333334,10000.0,12083.333333333334,2886.7513459481183,0.6896,75,1
ST0079,A0001,2021-02,2000,1,2021-02-01,2021,2,1,0.8660254037844386,0.5000000000000001,1,0,0,2000.0,3000.0,2000.0,2333.333333333333,2666.6666666666665,2666.6666666666665,577.3502691896257,0.8747,78,0
ST0079,A0001,2021-03,2000,1,2021-03-01,2021,3,1,1.0,6.123233995736766e-17,1,0,1,2000.0,2000.0,5000.0,2000.0,2500.0,2666.6666666666665,0.0,0.7497,78,0
ST0079,A0001,2021-04,2000,1,2021-04-01,2021,4,2,0.8660254037844387,-0.4999999999999998,0,0,1,2000.0,2000.0,2000.0,2000.0,2166.6666666666665,2416.6666666666665,0.0,0.8272,78,0
ST0079,A0001,2021-06,2000,1,2021-06-01,2021,6,2,1.2246467991473532e-16,-1.0,0,0,2,2000.0,2000.0,2000.0,2000.0,2166.6666666666665,2416.6666666666665,0.0,0.8272,78,0
ST0079,A0001,2021-07,3000,1,2021-07-01,2021,7,3,-0.4999999999999997,-0.8660254037844388,0,0,2,2000.0,2000.0,2000.0,2000.0,2000.0,2416.6666666666665,0.0,0.8272,78,0
ST0079,A0001,2021-08,3000,1,2021-08-01,2021,8,3,-0.8660254037844385,-0.5000000000000004,0,0,3,3000.0,2000.0,3000.0,2333.333333333333,2166.6666666666665,2500.0,577.3502691896256,0.933,78,0
ST0079,A0001,2021-09,6000,2,2021-09-01,2021,9,3,-1.0,-1.8369701987210294e-16,0,0,3,3000.0,2000.0,3000.0,2666.6666666666665,2333.333333333333,2500.0,577.3502691896256,1.0662,78,0
ST0079,A0001,2021-11,2000,1,2021-11-01,2021,11,4,-0.5000000000000004,0.8660254037844384,0,1,3,6000.0,3000.0,4000.0,4000.0,3000.0,2750.0,1732.0508075688772,1.454,78,0
ST0079,A0001,2021-12,5000,2,2021-12-01,2021,12,4,-2.4492935982947064e-16,1.0,0,1,0,2000.0,3000.0,2000.0,3666.6666666666665,3000.0,2583.333333333333,2081.6659994661327,1.4188,78,0
ST0079,A0001,2022-02,2000,1,2022-02-01,2022,2,1,0.8660254037844386,0.5000000000000001,1,0,0,5000.0,6000.0,3000.0,4333.333333333333,3500.0,2833.333333333333,2081.6659994661327,1.5289,78,0
ST0079,A0001,2022-09,28000,5,2022-09-01,2022,9,3,-1.0,-1.8369701987210294e-16,0,0,3,2000.0,2000.0,2000.0,3000.0,3500.0,2750.0,1732.0508075688772,1.0905,78,0
ST0079,A0001,2022-11,15000,3,2022-11-01,2022,11,4,-0.5000000000000004,0.8660254037844384,0,1,3,28000.0,5000.0,2000.0,11666.666666666666,7666.666666666667,4916.666666666667,14224.392195567912,2.3724,78,0
ST0079,A0001,2023-02,2000,1,2023-02-01,2023,2,1,0.8660254037844386,0.5000000000000001,1,0,0,15000.0,2000.0,2000.0,15000.0,9666.666666666666,6000.0,13000.0,2.4996,78,0
ST0079,A0001,2023-04,2000,1,2023-04-01,2023,4,2,0.8660254037844387,-0.4999999999999998,0,0,1,2000.0,28000.0,2000.0,15000.0,9000.0,6000.0,13000.0,2.4996,78,0
ST0079,A0001,2023-05,3000,1,2023-05-01,2023,5,2,0.4999999999999999,-0.8660254037844387,0,0,2,2000.0,15000.0,2000.0,6333.333333333333,9000.0,6000.0,7505.553499465135,1.0554,78,0
ST0079,A0001,2023-07,8000,1,2023-07-01,2023,7,3,-0.4999999999999997,-0.8660254037844388,0,0,2,3000.0,2000.0,2000.0,2333.333333333333,8666.666666666666,6083.333333333333,577.3502691896317,0.3835,78,0
ST0079,A0001,2023-10,8000,1,2023-10-01,2023,10,4,-0.8660254037844386,0.5000000000000001,0,1,3,8000.0,2000.0,3000.0,4333.333333333333,9666.666666666666,6583.333333333333,3214.550253664319,0.6581,78,0
ST0079,A0001,2024-02,8000,1,2024-02-01,2024,2,1,0.8660254037844386,0.5000000000000001,1,0,0,8000.0,3000.0,3000.0,6333.333333333333,6333.333333333333,7000.0,2886.751345948129,0.9046,78,0
ST0079,A0001,2024-05,8000,1,2024-05-01,2024,5,2,0.4999999999999999,-0.8660254037844387,0,0,2,8000.0,8000.0,6000.0,8000.0,5166.666666666667,7416.666666666667,0.0,1.0785,78,0
ST0079,A0001,2024-08,8000,1,2024-08-01,2024,8,3,-0.8660254037844385,-0.5000000000000004,0,0,3,8000.0,8000.0,2000.0,8000.0,6166.666666666667,7583.333333333333,0.0,1.0548,78,0
ST0079,A0001,2024-10,5000,1,2024-10-01,2024,10,4,-0.8660254037844386,0.5000000000000001,0,1,3,8000.0,8000.0,5000.0,8000.0,7166.666666666667,8083.333333333333,0.0,0.9896,78,0
ST0079,A0001,2024-12,5000,1,2024-12-01,2024,12,4,-2.4492935982947064e-16,1.0,0,1,0,5000.0,8000.0,2000.0,7000.0,7500.0,8083.333333333333,1732.0508075688774,0.8659,78,0
ST0079,A0001,2025-01,10000,1,2025-01-01,2025,1,1,0.4999999999999999,0.8660254037844387,1,0,0,5000.0,8000.0,28000.0,6000.0,7000.0,8333.333333333334,1732.0508075688783,0.7199,78,0
ST0079,A0001,2025-03,8000,1,2025-03-01,2025,3,1,1.0,6.123233995736766e-17,1,0,1,10000.0,5000.0,15000.0,6666.666666666667,7333.333333333333,6833.333333333333,2886.751345948129,0.9755,78,0
ST0079,A0001,2025-05,8000,1,2025-05-01,2025,5,2,0.4999999999999999,-0.8660254037844387,0,0,2,8000.0,5000.0,2000.0,7666.666666666667,7333.333333333333,6250.0,2516.611478423583,1.2265,78,0
ST0079,A0001,2025-08,5000,1,2025-08-01,2025,8,3,-0.8660254037844385,-0.5000000000000004,0,0,3,8000.0,10000.0,2000.0,8666.666666666666,7333.333333333333,6750.0,1154.7005383792489,1.2838,78,0
ST0079,A0001,2025-10,5000,1,2025-10-01,2025,10,4,-0.8660254037844386,0.5000000000000001,0,1,3,5000.0,8000.0,3000.0,7000.0,6833.333333333333,7000.0,1732.050807568877,0.9999,78,0
ST0079,A0001,2025-11,5000,1,2025-11-01,2025,11,4,-0.5000000000000004,0.8660254037844384,0,1,3,5000.0,8000.0,8000.0,6000.0,6833.333333333333,7166.666666666667,1732.050807568878,0.8371,78,0
ST0079,A0002,2021-02,18000,1,2021-02-01,2021,2,1,0.8660254037844386,0.5000000000000001,1,0,0,18000.0,34000.0,34000.0,21333.33333333333,19500.0,26166.666666666668,11372.481406154651,0.8153,78,1
ST0079,A0002,2021-03,16000,1,2021-03-01,2021,3,1,1.0,6.123233995736766e-17,1,0,1,18000.0,12000.0,39000.0,16000.0,20833.33333333333,24833.33333333333,3464.1016151377485,0.6443,78,1
ST0079,A0002,2021-04,18000,1,2021-04-01,2021,4,2,0.8660254037844387,-0.4999999999999998,0,0,1,16000.0,18000.0,53000.0,17333.333333333332,21666.666666666668,22916.666666666668,1154.700538379238,0.7563,78,1
ST0079,A0002,2021-06,18000,1,2021-06-01,2021,6,2,1.2246467991473532e-16,-1.0,0,0,2,18000.0,18000.0,33000.0,17333.333333333332,19333.33333333333,20000.0,1154.700538379238,0.8666,78,1
ST0079,A0002,2021-07,15000,1,2021-07-01,2021,7,3,-0.4999999999999997,-0.8660254037844388,0,0,2,18000.0,16000.0,16000.0,17333.333333333332,16666.666666666668,18750.0,1154.700538379238,0.9244,78,1
ST0079,A0002,2021-08,16000,1,2021-08-01,2021,8,3,-0.8660254037844385,-0.5000000000000004,0,0,3,15000.0,18000.0,22000.0,17000.0,17166.666666666668,18666.666666666668,1732.0508075688683,0.9107,78,1
ST0079,A0002,2021-09,29000,2,2021-09-01,2021,9,3,-1.0,-1.8369701987210294e-16,0,0,3,16000.0,18000.0,10000.0,16333.333333333334,16833.333333333332,18166.666666666668,1527.5252316519368,0.899,78,1
ST0079,A0002,2021-11,13000,1,2021-11-01,2021,11,4,-0.5000000000000004,0.8660254037844384,0,1,3,29000.0,15000.0,11000.0,20000.0,18666.666666666668,19750.0,7810.249675906653,1.0126,78,1
ST0079,A0002,2021-12,33000,2,2021-12-01,2021,12,4,-2.4492935982947064e-16,1.0,0,1,0,13000.0,16000.0,32000.0,19333.33333333333,18166.666666666668,19916.666666666668,8504.90054811538,0.9707,78,1
ST0079,A0002,2022-01,19000,1,2022-01-01,2022,1,1,0.4999999999999999,0.8660254037844387,1,0,0,33000.0,29000.0,34000.0,25000.0,20666.666666666668,20000.0,10583.00524425836,1.2499,78,1
ST0079,A0002,2022-02,27000,2,2022-02-01,2022,2,1,0.8660254037844386,0.5000000000000001,1,0,0,19000.0,13000.0,12000.0,21666.666666666668,20833.33333333333,18750.0,10263.202878893768,1.1555,78,1
ST0079,A0002,2022-03,17000,2,2022-03-01,2022,3,1,1.0,6.123233995736766e-17,1,0,1,27000.0,33000.0,18000.0,26333.33333333333,22833.33333333333,20000.0,7023.76916856849,1.3166,78,1
ST0079,A0002,2022-04,10000,1,2022-04-01,2022,4,2,0.8660254037844387,-0.4999999999999998,0,0,1,17000.0,19000.0,18000.0,21000.0,23000.0,19916.666666666668,5291.502622129178,1.0543,78,1
ST0079,A0002,2022-05,44000,3,2022-05-01,2022,5,2,0.4999999999999999,-0.8660254037844387,0,0,2,10000.0,27000.0,16000.0,18000.0,19833.33333333333,19250.0,8544.00374531753,0.935,78,1
ST0079,A0002,2022-06,152000,3,2022-06-01,2022,6,2,1.2246467991473532e-16,-1.0,0,0,2,44000.0,17000.0,18000.0,23666.666666666668,25000.0,21583.33333333333,17953.64401266031,1.0965,78,1
ST0079,A0002,2022-07,60000,4,2022-07-01,2022,7,3,-0.4999999999999997,-0.8660254037844388,0,0,2,152000.0,10000.0,18000.0,68666.66666666667,44833.333333333336,32750.0,74144.00402819728,2.0966,78,1
ST0079,A0002,2022-08,59000,3,2022-08-01,2022,8,3,-0.8660254037844385,-0.5000000000000004,0,0,3,60000.0,44000.0,15000.0,85333.33333333333,51666.66666666666,36250.0,58286.64798505173,2.354,78,1
ST0079,A0002,2022-09,45000,2,2022-09-01,2022,9,3,-1.0,-1.8369701987210294e-16,0,0,3,59000.0,152000.0,16000.0,90333.33333333331,57000.0,39916.66666666666,53407.24045795041,2.263,78,1
ST0079,A0002,2022-10,25000,2,2022-10-01,2022,10,4,-0.8660254037844386,0.5000000000000001,0,1,3,45000.0,60000.0,29000.0,54666.66666666666,61666.66666666666,42333.333333333336,8386.497083606137,1.2913,78,1
ST0079,A0002,2022-11,30000,2,2022-11-01,2022,11,4,-0.5000000000000004,0.8660254037844384,0,1,3,25000.0,59000.0,13000.0,43000.0,64166.66666666666,42000.0,17088.00749063509,1.0238,78,1
ST0079,A0002,2022-12,25000,2,2022-12-01,2022,12,4,-2.4492935982947064e-16,1.0,0,1,0,30000.0,45000.0,33000.0,33333.333333333336,61833.333333333336,43416.66666666666,10408.329997330708,0.7677,78,1
ST0079,A0002,2023-01,25000,1,2023-01-01,2023,1,1,0.4999999999999999,0.8660254037844387,1,0,0,25000.0,25000.0,19000.0,26666.666666666668,40666.66666666666,42750.0,2886.751345948295,0.6238,78,1
ST0079,A0002,2023-02,23000,1,2023-02-01,2023,2,1,0.8660254037844386,0.5000000000000001,1,0,0,25000.0,30000.0,27000.0,26666.666666666668,34833.333333333336,43250.0,2886.751345948295,0.6166,78,1
ST0079,A0002,2023-04,18000,1,2023-04-01,2023,4,2,0.8660254037844387,-0.4999999999999998,0,0,1,23000.0,25000.0,17000.0,24333.33333333333,28833.33333333333,42916.66666666666,1154.7005383796673,0.567,78,1
ST0079,A0002,2023-05,22000,1,2023-05-01,2023,5,2,0.4999999999999999,-0.8660254037844387,0,0,2,18000.0,25000.0,10000.0,22000.0,24333.33333333333,43000.0,3605.551275464122,0.5116,78,1
ST0079,A0002,2023-06,5000,1,2023-06-01,2023,6,2,1.2246467991473532e-16,-1.0,0,0,2,22000.0,23000.0,44000.0,21000.0,23833.33333333333,44000.0,2645.751311064772,0.4773,78,1
ST0079,A0002,2023-07,15000,1,2023-07-01,2023,7,3,-0.4999999999999997,-0.8660254037844388,0,0,2,5000.0,18000.0,152000.0,15000.0,19666.666666666668,40750.0,8888.194417315643,0.3681,78,1
ST0079,A0002,2023-08,25000,1,2023-08-01,2023,8,3,-0.8660254037844385,-0.5000000000000004,0,0,3,15000.0,22000.0,60000.0,14000.0,18000.0,29333.33333333333,8544.003745317586,0.4773,78,1
ST0079,A0002,2023-10,20000,1,2023-10-01,2023,10,4,-0.8660254037844386,0.5000000000000001,0,1,3,25000.0,5000.0,59000.0,15000.0,18000.0,26416.666666666668,10000.000000000047,0.5678,78,1
ST0079,A0002,2023-11,30000,1,2023-11-01,2023,11,4,-0.5000000000000004,0.8660254037844384,0,1,3,20000.0,15000.0,45000.0,20000.0,17500.0,23166.666666666668,5000.000000000096,0.8633,78,1
ST0079,A0002,2023-12,45000,2,2023-12-01,2023,12,4,-2.4492935982947064e-16,1.0,0,1,0,30000.0,25000.0,25000.0,25000.0,19500.0,21916.666666666668,5000.000000000096,1.1406,78,1
ST0079,A0002,2024-01,7000,1,2024-01-01,2024,1,1,0.4999999999999999,0.8660254037844387,1,0,0,45000.0,20000.0,30000.0,31666.666666666668,23333.33333333333,23583.33333333333,12583.057392117951,1.3427,78,1
ST0079,A0002,2024-02,20000,1,2024-02-01,2024,2,1,0.8660254037844386,0.5000000000000001,1,0,0,7000.0,30000.0,25000.0,27333.33333333333,23666.666666666668,21666.666666666668,19139.83629327415,1.2615,78,1
ST0079,A0002,2024-04,20000,1,2024-04-01,2024,4,2,0.8660254037844387,-0.4999999999999998,0,0,1,20000.0,45000.0,25000.0,24000.0,24500.0,21250.0,19313.207915827992,1.1294,78,1
ST0079,A0002,2024-05,20000,1,2024-05-01,2024,5,2,0.4999999999999999,-0.8660254037844387,0,0,2,20000.0,7000.0,23000.0,15666.666666666666,23666.666666666668,20833.33333333333,7505.553499465209,0.752,78,1
ST0079,A0002,2024-07,18000,1,2024-07-01,2024,7,3,-0.4999999999999997,-0.8660254037844388,0,0,2,20000.0,20000.0,18000.0,20000.0,23666.666666666668,20583.33333333333,0.0,0.9716,78,1
ST0079,A0002,2024-10,15000,1,2024-10-01,2024,10,4,-0.8660254037844386,0.5000000000000001,0,1,3,18000.0,20000.0,22000.0,19333.33333333333,21666.666666666668,20583.33333333333,1154.700538379724,0.9392,78,1
ST0079,A0002,2025-01,15000,1,2025-01-01,2025,1,1,0.4999999999999999,0.8660254037844387,1,0,0,15000.0,20000.0,5000.0,17666.666666666668,16666.666666666668,20000.0,2516.611478423805,0.8833,78,1
ST0079,A0002,2025-03,15000,1,2025-03-01,2025,3,1,1.0,6.123233995736766e-17,1,0,1,15000.0,18000.0,15000.0,16000.0,18000.0,20833.33333333333,1732.0508075692069,0.768,78,1
ST0079,A0002,2025-06,15000,1,2025-06-01,2025,6,2,1.2246467991473532e-16,-1.0,0,0,2,15000.0,15000.0,25000.0,15000.0,17166.666666666668,20833.33333333333,0.0,0.72,78,1
ST0079,A0002,2025-08,10000,1,2025-08-01,2025,8,3,-0.8660254037844385,-0.5000000000000004,0,0,3,15000.0,15000.0,20000.0,15000.0,16333.333333333334,20000.0,0.0,0.75,78,1
ST0079,A0002,2025-12,12000,1,2025-12-01,2025,12,4,-2.4492935982947064e-16,1.0,0,1,0,10000.0,15000.0,30000.0,13333.333333333334,14666.666666666666,19166.666666666668,2886.751345948333,0.6956,78,1
ST0083,A0001,2021-11,35000,6,2021-11-01,2021,11,4,-0.5000000000000004,0.8660254037844384,0,1,3,15000.0,17000.0,20000.0,20333.33333333333,18000.0,19333.33333333333,7571.877794400365,1.0517,82,0
ST0083,A0001,2021-12,30000,4,2021-12-01,2021,12,4,-2.4492935982947064e-16,1.0,0,1,0,35000.0,29000.0,11000.0,26333.33333333333,21833.33333333333,20583.33333333333,10263.20287889377,1.2793,82,0
ST0083,A0001,2022-01,22000,4,2022-01-01,2022,1,1,0.4999999999999999,0.8660254037844387,1,0,0,30000.0,15000.0,20000.0,26666.666666666668,25000.0,22166.666666666668,10408.329997330664,1.203,82,0
ST0083,A0001,2022-02,41000,6,2022-02-01,2022,2,1,0.8660254037844386,0.5000000000000001,1,0,0,22000.0,35000.0,19000.0,29000.0,24666.666666666668,22333.33333333333,6557.438524302,1.2984,82,0
ST0083,A0001,2022-03,18000,6,2022-03-01,2022,3,1,1.0,6.123233995736766e-17,1,0,1,41000.0,30000.0,24000.0,31000.0,28666.666666666668,24166.666666666668,9539.392014169456,1.2827,82,0
ST0083,A0001,2022-04,21000,3,2022-04-01,2022,4,2,0.8660254037844387,-0.4999999999999998,0,0,1,18000.0,22000.0,30000.0,27000.0,26833.33333333333,23666.666666666668,12288.205727444509,1.1408,82,0
ST0083,A0001,2022-05,14000,2,2022-05-01,2022,5,2,0.4999999999999999,-0.8660254037844387,0,0,2,21000.0,41000.0,12000.0,26666.666666666668,27833.33333333333,22916.666666666668,12503.332889007368,1.1636,82,0
ST0083,A0001,2022-06,18000,4,2022-06-01,2022,6,2,1.2246467991473532e-16,-1.0,0,0,2,14000.0,18000.0,11000.0,17666.666666666668,24333.33333333333,23083.33333333333,3511.884584284251,0.7653,82,0
ST0083,A0001,2022-07,13000,2,2022-07-01,2022,7,3,-0.4999999999999997,-0.8660254037844388,0,0,2,18000.0,21000.0,24000.0,17666.666666666668,22333.33333333333,23666.666666666668,3511.884584284251,0.7464,82,0
ST0083,A0001,2022-08,32000,4,2022-08-01,2022,8,3,-0.8660254037844385,-0.5000000000000004,0,0,3,13000.0,14000.0,17000.0,15000.0,20833.33333333333,22750.0,2645.7513110645987,0.6593,82,0
ST0083,A0001,2022-09,18000,3,2022-09-01,2022,9,3,-1.0,-1.8369701987210294e-16,0,0,3,32000.0,18000.0,29000.0,21000.0,19333.33333333333,24000.0,9848.857801796104,0.875,82,0
ST0083,A0001,2022-10,12000,2,2022-10-01,2022,10,4,-0.8660254037844386,0.5000000000000001,0,1,3,18000.0,13000.0,15000.0,21000.0,19333.33333333333,23083.33333333333,9848.857801796104,0.9097,82,0
ST0083,A0001,2022-11,21000,4,2022-11-01,2022,11,4,-0.5000000000000004,0.8660254037844384,0,1,3,12000.0,32000.0,35000.0,20666.666666666668,17833.333333333332,22833.33333333333,10263.20287889377,0.9051,82,0
ST0083,A0001,2022-12,20000,3,2022-12-01,2022,12,4,-2.4492935982947064e-16,1.0,0,1,0,21000.0,18000.0,30000.0,17000.0,19000.0,21666.666666666668,4582.575694955847,0.7846,82,0
ST0083,A0001,2023-01,15000,2,2023-01-01,2023,1,1,0.4999999999999999,0.8660254037844387,1,0,0,20000.0,12000.0,22000.0,17666.666666666668,19333.33333333333,20833.33333333333,4932.882862316253,0.848,82,0
ST0083,A0001,2023-02,15000,3,2023-02-01,2023,2,1,0.8660254037844386,0.5000000000000001,1,0,0,15000.0,21000.0,41000.0,18666.666666666668,19666.666666666668,20250.0,3214.550253664325,0.9218,82,0
ST0083,A0001,2023-03,17000,2,2023-03-01,2023,3,1,1.0,6.123233995736766e-17,1,0,1,15000.0,20000.0,18000.0,16666.666666666668,16833.333333333332,18083.33333333333,2886.751345948141,0.9216,82,0
ST0083,A0001,2023-04,14000,2,2023-04-01,2023,4,2,0.8660254037844387,-0.4999999999999998,0,0,1,17000.0,15000.0,21000.0,15666.666666666666,16666.666666666668,18000.0,1154.7005383792884,0.8703,82,0
ST0083,A0001,2023-05,20000,3,2023-05-01,2023,5,2,0.4999999999999999,-0.8660254037844387,0,0,2,14000.0,15000.0,14000.0,15333.333333333334,17000.0,17416.666666666668,1527.525231651976,0.8803,82,0
ST0083,A0001,2023-06,62000,5,2023-06-01,2023,6,2,1.2246467991473532e-16,-1.0,0,0,2,20000.0,17000.0,18000.0,17000.0,16833.333333333332,17916.666666666668,3000.000000000012,0.9488,82,0
ST0083,A0001,2023-07,90000,6,2023-07-01,2023,7,3,-0.4999999999999997,-0.8660254037844388,0,0,2,62000.0,14000.0,13000.0,32000.0,23833.33333333333,21583.33333333333,26153.39366124404,1.4826,82,0
ST0083,A0001,2023-08,75000,5,2023-08-01,2023,8,3,-0.8660254037844385,-0.5000000000000004,0,0,3,90000.0,20000.0,32000.0,57333.333333333336,36333.333333333336,28000.0,35232.56069793015,2.0475,82,0
ST0083,A0001,2023-09,60000,4,2023-09-01,2023,9,3,-1.0,-1.8369701987210294e-16,0,0,3,75000.0,62000.0,18000.0,75666.66666666667,46333.333333333336,31583.33333333333,14011.899704655754,2.3957,82,0
ST0083,A0001,2023-10,60000,4,2023-10-01,2023,10,4,-0.8660254037844386,0.5000000000000001,0,1,3,60000.0,90000.0,12000.0,75000.0,53500.0,35083.333333333336,14999.999999999956,2.1377,82,0
ST0083,A0001,2023-11,45000,3,2023-11-01,2023,11,4,-0.5000000000000004,0.8660254037844384,0,1,3,60000.0,75000.0,21000.0,65000.0,61166.66666666666,39083.333333333336,8660.254037844308,1.6631,82,0
ST0083,A0001,2023-12,30000,3,2023-12-01,2023,12,4,-2.4492935982947064e-16,1.0,0,1,0,45000.0,60000.0,20000.0,55000.0,65333.333333333336,41083.333333333336,8660.254037844308,1.3387,82,0
ST0083,A0001,2024-01,30000,2,2024-01-01,2024,1,1,0.4999999999999999,0.8660254037844387,1,0,0,30000.0,60000.0,15000.0,45000.0,60000.0,41916.66666666666,14999.999999999956,1.0735,82,0
ST0083,A0001,2024-02,30000,2,2024-02-01,2024,2,1,0.8660254037844386,0.5000000000000001,1,0,0,30000.0,45000.0,15000.0,35000.0,50000.0,43166.66666666666,8660.254037844308,0.8108,82,0
ST0083,A0001,2024-03,30000,2,2024-03-01,2024,3,1,1.0,6.123233995736766e-17,1,0,1,30000.0,30000.0,17000.0,30000.0,42500.0,44416.66666666666,0.0,0.6754,82,0
ST0083,A0001,2024-04,30000,2,2024-04-01,2024,4,2,0.8660254037844387,-0.4999999999999998,0,0,1,30000.0,30000.0,14000.0,30000.0,37500.0,45500.0,0.0,0.6593,82,0
ST0083,A0001,2024-05,35000,2,2024-05-01,2024,5,2,0.4999999999999999,-0.8660254037844387,0,0,2,30000.0,30000.0,20000.0,30000.0,32500.0,46833.333333333336,0.0,0.6406,82,0
ST0083,A0001,2024-06,31000,2,2024-06-01,2024,6,2,1.2246467991473532e-16,-1.0,0,0,2,35000.0,30000.0,62000.0,31666.666666666668,30833.33333333333,48083.333333333336,2886.751345947896,0.6586,82,0
ST0083,A0001,2024-07,43000,4,2024-07-01,2024,7,3,-0.4999999999999997,-0.8660254037844388,0,0,2,31000.0,30000.0,90000.0,32000.0,31000.0,45500.0,2645.7513110643363,0.7033,82,0
ST0083,A0001,2024-08,25000,3,2024-08-01,2024,8,3,-0.8660254037844385,-0.5000000000000004,0,0,3,43000.0,35000.0,75000.0,36333.333333333336,33166.666666666664,41583.333333333336,6110.100926607675,0.8737,82,0
ST0083,A0001,2024-09,40000,4,2024-09-01,2024,9,3,-1.0,-1.8369701987210294e-16,0,0,3,25000.0,31000.0,60000.0,33000.0,32333.33333333333,37416.66666666666,9165.151389911603,0.8819,82,0
ST0083,A0001,2024-10,28000,3,2024-10-01,2024,10,4,-0.8660254037844386,0.5000000000000001,0,1,3,40000.0,43000.0,60000.0,36000.0,34000.0,35750.0,9643.650760992885,1.007,82,0
ST0083,A0001,2024-11,17000,3,2024-11-01,2024,11,4,-0.5000000000000004,0.8660254037844384,0,1,3,28000.0,25000.0,45000.0,31000.0,33666.666666666664,33083.333333333336,7937.253933193685,0.937,82,0
ST0083,A0001,2024-12,35000,6,2024-12-01,2024,12,4,-2.4492935982947064e-16,1.0,0,1,0,17000.0,40000.0,30000.0,28333.33333333333,30666.666666666668,30750.0,11503.622617824873,0.9214,82,0
ST0083,A0001,2025-01,15000,4,2025-01-01,2025,1,1,0.4999999999999999,0.8660254037844387,1,0,0,35000.0,28000.0,30000.0,26666.666666666668,31333.33333333333,31166.666666666668,9073.77172587739,0.8556,82,0
ST0083,A0001,2025-02,18000,4,2025-02-01,2025,2,1,0.8660254037844386,0.5000000000000001,1,0,0,15000.0,17000.0,30000.0,22333.33333333333,26666.666666666668,29916.666666666668,11015.141094572142,0.7465,82,0
ST0083,A0001,2025-03,20000,3,2025-03-01,2025,3,1,1.0,6.123233995736766e-17,1,0,1,18000.0,35000.0,30000.0,22666.666666666668,25500.0,28916.666666666668,10785.793124908894,0.7838,82,0
ST0083,A0001,2025-04,23000,4,2025-04-01,2025,4,2,0.8660254037844387,-0.4999999999999998,0,0,1,20000.0,15000.0,30000.0,17666.666666666668,22166.666666666668,28083.33333333333,2516.6114784233105,0.6291,82,0
ST0083,A0001,2025-05,10000,2,2025-05-01,2025,5,2,0.4999999999999999,-0.8660254037844387,0,0,2,23000.0,18000.0,35000.0,20333.33333333333,21333.33333333333,27500.0,2516.6114784233105,0.7394,82,0
ST0083,A0001,2025-06,15000,3,2025-06-01,2025,6,2,1.2246467991473532e-16,-1.0,0,0,2,10000.0,20000.0,31000.0,17666.666666666668,20166.666666666668,25416.666666666668,6806.8592855539455,0.6951,82,0
ST0083,A0001,2025-07,20000,4,2025-07-01,2025,7,3,-0.4999999999999997,-0.8660254037844388,0,0,2,15000.0,23000.0,43000.0,16000.0,16833.333333333332,24083.33333333333,6557.438524301897,0.6643,82,0
ST0083,A0001,2025-08,15000,3,2025-08-01,2025,8,3,-0.8660254037844385,-0.5000000000000004,0,0,3,20000.0,10000.0,25000.0,15000.0,17666.666666666668,22166.666666666668,4999.9999999998645,0.6767,82,0
ST0083,A0001,2025-09,15000,3,2025-09-01,2025,9,3,-1.0,-1.8369701987210294e-16,0,0,3,15000.0,15000.0,40000.0,16666.666666666668,17166.666666666668,21333.33333333333,2886.751345947894,0.7812,82,0
ST0083,A0001,2025-10,15000,3,2025-10-01,2025,10,4,-0.8660254037844386,0.5000000000000001,0,1,3,15000.0,20000.0,28000.0,16666.666666666668,16333.333333333334,19250.0,2886.751345947894,0.8658,82,0
ST0083,A0001,2025-11,21000,4,2025-11-01,2025,11,4,-0.5000000000000004,0.8660254037844384,0,1,3,15000.0,15000.0,17000.0,15000.0,15000.0,18166.666666666668,0.0,0.8256,82,0
ST0083,A0001,2025-12,17000,3,2025-12-01,2025,12,4,-2.4492935982947064e-16,1.0,0,1,0,21000.0,15000.0,35000.0,17000.0,16833.333333333332,18500.0,3464.101615137557,0.9189,82,0
ST0083,A0002,2021-11,46000,6,2021-11-01,2021,11,4,-0.5000000000000004,0.8660254037844384,0,1,3,27000.0,56000.0,10000.0,40666.66666666666,34500.0,28916.666666666668,14571.661996262932,1.4063,82,1
ST0083,A0002,2021-12,49000,5,2021-12-01,2021,12,4,-2.4492935982947064e-16,1.0,0,1,0,46000.0,39000.0,19000.0,37333.333333333336,38500.0,31916.666666666668,9609.02353693305,1.1697,82,1
ST0083,A0002,2022-01,39000,5,2022-01-01,2022,1,1,0.4999999999999999,0.8660254037844387,1,0,0,49000.0,27000.0,26000.0,40666.66666666666,42000.0,34416.666666666664,11930.353445448854,1.1816,82,1
ST0083,A0002,2022-02,54000,7,2022-02-01,2022,2,1,0.8660254037844386,0.5000000000000001,1,0,0,39000.0,46000.0,26000.0,44666.66666666666,42666.66666666666,35500.0,5131.601439446889,1.2582,82,1
ST0083,A0002,2022-03,30000,5,2022-03-01,2022,3,1,1.0,6.123233995736766e-17,1,0,1,54000.0,49000.0,30000.0,47333.333333333336,42333.333333333336,37833.333333333336,7637.626158259736,1.2511,82,1
ST0083,A0002,2022-04,66000,4,2022-04-01,2022,4,2,0.8660254037844387,-0.4999999999999998,0,0,1,30000.0,39000.0,29000.0,41000.0,40833.333333333336,37833.333333333336,12124.355652982144,1.0837,82,1
ST0083,A0002,2022-05,110000,5,2022-05-01,2022,5,2,0.4999999999999999,-0.8660254037844387,0,0,2,66000.0,54000.0,22000.0,50000.0,47333.333333333336,40916.66666666666,18330.302779823363,1.222,82,1
ST0083,A0002,2022-06,84000,5,2022-06-01,2022,6,2,1.2246467991473532e-16,-1.0,0,0,2,110000.0,30000.0,28000.0,68666.66666666667,58000.0,48250.0,40066.61120351125,1.4231,82,1
ST0083,A0002,2022-07,50000,4,2022-07-01,2022,7,3,-0.4999999999999997,-0.8660254037844388,0,0,2,84000.0,66000.0,35000.0,86666.66666666667,63833.333333333336,52916.66666666666,22120.880030716075,1.6378,82,1
ST0083,A0002,2022-08,61000,6,2022-08-01,2022,8,3,-0.8660254037844385,-0.5000000000000004,0,0,3,50000.0,110000.0,56000.0,81333.33333333333,65666.66666666667,54166.66666666666,30088.75759039135,1.5015,82,1
ST0083,A0002,2022-09,34000,3,2022-09-01,2022,9,3,-1.0,-1.8369701987210294e-16,0,0,3,61000.0,84000.0,39000.0,65000.0,66833.33333333333,54583.333333333336,17349.35157289746,1.1908,82,1
ST0083,A0002,2022-10,58000,4,2022-10-01,2022,10,4,-0.8660254037844386,0.5000000000000001,0,1,3,34000.0,50000.0,27000.0,48333.333333333336,67500.0,54166.66666666666,13576.941236277518,0.8923,82,1
ST0083,A0002,2022-11,38000,4,2022-11-01,2022,11,4,-0.5000000000000004,0.8660254037844384,0,1,3,58000.0,61000.0,46000.0,51000.0,66166.66666666667,56750.0,14798.648586948728,0.8987,82,1
ST0083,A0002,2022-12,86000,6,2022-12-01,2022,12,4,-2.4492935982947064e-16,1.0,0,1,0,38000.0,34000.0,49000.0,43333.333333333336,54166.66666666666,56083.333333333336,12858.201014657256,0.7726,82,1
ST0083,A0002,2023-01,31000,4,2023-01-01,2023,1,1,0.4999999999999999,0.8660254037844387,1,0,0,86000.0,58000.0,39000.0,60666.66666666666,54500.0,59166.66666666666,24110.855093366823,1.0253,82,1
ST0083,A0002,2023-02,38000,4,2023-02-01,2023,2,1,0.8660254037844386,0.5000000000000001,1,0,0,31000.0,38000.0,54000.0,51666.66666666666,51333.333333333336,58500.0,29938.826518975868,0.8832,82,1
ST0083,A0002,2023-03,38000,4,2023-03-01,2023,3,1,1.0,6.123233995736766e-17,1,0,1,38000.0,86000.0,30000.0,51666.66666666666,47500.0,57166.66666666666,29938.826518975868,0.9038,82,1
ST0083,A0002,2023-04,45000,6,2023-04-01,2023,4,2,0.8660254037844387,-0.4999999999999998,0,0,1,38000.0,31000.0,66000.0,35666.666666666664,48166.66666666666,57833.333333333336,4041.451884327307,0.6167,82,1
ST0083,A0002,2023-05,28000,3,2023-05-01,2023,5,2,0.4999999999999999,-0.8660254037844387,0,0,2,45000.0,38000.0,110000.0,40333.333333333336,46000.0,56083.333333333336,4041.451884327307,0.7192,82,1
ST0083,A0002,2023-06,26000,3,2023-06-01,2023,6,2,1.2246467991473532e-16,-1.0,0,0,2,28000.0,38000.0,84000.0,37000.0,44333.333333333336,49250.0,8544.003745317495,0.7513,82,1
ST0083,A0002,2023-07,30000,2,2023-07-01,2023,7,3,-0.4999999999999997,-0.8660254037844388,0,0,2,26000.0,45000.0,50000.0,33000.0,34333.333333333336,44416.66666666666,10440.306508910522,0.7429,82,1
ST0083,A0002,2023-08,30000,2,2023-08-01,2023,8,3,-0.8660254037844385,-0.5000000000000004,0,0,3,30000.0,28000.0,61000.0,28000.0,34166.666666666664,42750.0,1999.999999999851,0.655,82,1
ST0083,A0002,2023-09,30000,2,2023-09-01,2023,9,3,-1.0,-1.8369701987210294e-16,0,0,3,30000.0,26000.0,34000.0,28666.666666666668,32833.333333333336,40166.66666666666,2309.4010767583736,0.7137,82,1
ST0083,A0002,2023-10,45000,3,2023-10-01,2023,10,4,-0.8660254037844386,0.5000000000000001,0,1,3,30000.0,30000.0,58000.0,30000.0,31500.0,39833.333333333336,0.0,0.7531,82,1
ST0083,A0002,2023-11,15000,1,2023-11-01,2023,11,4,-0.5000000000000004,0.8660254037844384,0,1,3,45000.0,30000.0,38000.0,35000.0,31500.0,38750.0,8660.254037844352,0.9032,82,1
ST0083,A0002,2023-12,30000,2,2023-12-01,2023,12,4,-2.4492935982947064e-16,1.0,0,1,0,15000.0,30000.0,86000.0,30000.0,29333.33333333333,36833.333333333336,14999.99999999998,0.8145,82,1
ST0083,A0002,2024-01,31000,3,2024-01-01,2024,1,1,0.4999999999999999,0.8660254037844387,1,0,0,30000.0,45000.0,31000.0,30000.0,30000.0,32166.666666666668,14999.99999999998,0.9326,82,1
ST0083,A0002,2024-02,15000,1,2024-02-01,2024,2,1,0.8660254037844386,0.5000000000000001,1,0,0,31000.0,15000.0,38000.0,25333.33333333333,30166.666666666668,32166.666666666668,8962.88643983247,0.7875,82,1
ST0083,A0002,2024-03,15000,1,2024-03-01,2024,3,1,1.0,6.123233995736766e-17,1,0,1,15000.0,30000.0,38000.0,25333.33333333333,27666.666666666668,30250.0,8962.88643983247,0.8374,82,1
ST0083,A0002,2024-04,15000,1,2024-04-01,2024,4,2,0.8660254037844387,-0.4999999999999998,0,0,1,15000.0,31000.0,45000.0,20333.33333333333,25166.666666666668,28333.33333333333,9237.60430703398,0.7176,82,1
ST0083,A0002,2024-05,15000,1,2024-05-01,2024,5,2,0.4999999999999999,-0.8660254037844387,0,0,2,15000.0,15000.0,28000.0,15000.0,20166.666666666668,25833.33333333333,0.0,0.5806,82,1
ST0083,A0002,2024-06,15000,1,2024-06-01,2024,6,2,1.2246467991473532e-16,-1.0,0,0,2,15000.0,15000.0,26000.0,15000.0,20166.666666666668,24750.0,0.0,0.606,82,1
ST0083,A0002,2024-07,10000,1,2024-07-01,2024,7,3,-0.4999999999999997,-0.8660254037844388,0,0,2,15000.0,15000.0,30000.0,15000.0,17666.666666666668,23833.33333333333,0.0,0.6293,82,1
ST0083,A0002,2024-08,20000,2,2024-08-01,2024,8,3,-0.8660254037844385,-0.5000000000000004,0,0,3,10000.0,15000.0,30000.0,13333.333333333334,14166.666666666666,22166.666666666668,2886.751345948021,0.6015,82,1
ST0083,A0002,2024-09,10000,1,2024-09-01,2024,9,3,-1.0,-1.8369701987210294e-16,0,0,3,20000.0,15000.0,30000.0,15000.0,15000.0,21333.33333333333,4999.999999999938,0.7031,82,1
ST0083,A0002,2024-10,20000,2,2024-10-01,2024,10,4,-0.8660254037844386,0.5000000000000001,0,1,3,10000.0,10000.0,45000.0,13333.333333333334,14166.666666666666,19666.666666666668,5773.502691896203,0.6779,82,1
ST0083,A0002,2024-11,10000,2,2024-11-01,2024,11,4,-0.5000000000000004,0.8660254037844384,0,1,3,20000.0,20000.0,15000.0,16666.666666666668,15000.0,17583.333333333332,5773.502691896205,0.9478,82,1
ST0083,A0002,2024-12,19000,3,2024-12-01,2024,12,4,-2.4492935982947064e-16,1.0,0,1,0,10000.0,10000.0,30000.0,13333.333333333334,14166.666666666666,17166.666666666668,5773.502691896203,0.7767,82,1
ST0083,A0002,2025-01,16000,4,2025-01-01,2025,1,1,0.4999999999999999,0.8660254037844387,1,0,0,19000.0,20000.0,31000.0,16333.333333333334,14833.333333333334,16250.0,5507.570547286046,1.0051,82,1
ST0083,A0002,2025-02,19000,3,2025-02-01,2025,2,1,0.8660254037844386,0.5000000000000001,1,0,0,16000.0,10000.0,15000.0,15000.0,15833.333333333334,15000.0,4582.575694955772,0.9999,82,1
ST0083,A0002,2025-03,17000,4,2025-03-01,2025,3,1,1.0,6.123233995736766e-17,1,0,1,19000.0,19000.0,15000.0,18000.0,15666.666666666666,15333.333333333334,1732.0508075687032,1.1738,82,1
ST0083,A0002,2025-04,31000,5,2025-04-01,2025,4,2,0.8660254037844387,-0.4999999999999998,0,0,1,17000.0,16000.0,15000.0,17333.333333333332,16833.333333333332,15500.0,1527.5252316517465,1.1182,82,1
ST0083,A0002,2025-05,16000,2,2025-05-01,2025,5,2,0.4999999999999999,-0.8660254037844387,0,0,2,31000.0,19000.0,15000.0,22333.33333333333,18666.666666666668,16833.333333333332,7571.877794400329,1.3267,82,1
ST0083,A0002,2025-06,15000,3,2025-06-01,2025,6,2,1.2246467991473532e-16,-1.0,0,0,2,16000.0,17000.0,15000.0,21333.33333333333,19666.666666666668,16916.666666666668,8386.49708360605,1.261,82,1
ST0083,A0002,2025-07,25000,4,2025-07-01,2025,7,3,-0.4999999999999997,-0.8660254037844388,0,0,2,15000.0,31000.0,10000.0,20666.666666666668,19000.0,16916.666666666668,8962.88643983247,1.2216,82,1
ST0083,A0002,2025-08,10000,2,2025-08-01,2025,8,3,-0.8660254037844385,-0.5000000000000004,0,0,3,25000.0,16000.0,20000.0,18666.666666666668,20500.0,18166.666666666668,5507.570547286046,1.0275,82,1
ST0083,A0002,2025-09,12000,2,2025-09-01,2025,9,3,-1.0,-1.8369701987210294e-16,0,0,3,10000.0,15000.0,10000.0,16666.666666666668,19000.0,17333.333333333332,7637.626158259691,0.9615,82,1
ST0083,A0002,2025-10,16000,3,2025-10-01,2025,10,4,-0.8660254037844386,0.5000000000000001,0,1,3,12000.0,25000.0,20000.0,15666.666666666666,18166.666666666668,17500.0,8144.527815247037,0.8952,82,1
ST0083,A0002,2025-11,15000,3,2025-11-01,2025,11,4,-0.5000000000000004,0.8660254037844384,0,1,3,16000.0,10000.0,10000.0,12666.666666666666,15666.666666666666,17166.666666666668,3055.050463303779,0.7378,82,1
ST0083,A0002,2025-12,21000,4,2025-12-01,2025,12,4,-2.4492935982947064e-16,1.0,0,1,0,15000.0,12000.0,19000.0,14333.333333333334,15500.0,17583.333333333332,2081.6659994659703,0.8151,82,1
ST0091,A0001,2021-04,4000,1,2021-04-01,2021,4,2,0.8660254037844387,-0.4999999999999998,0,0,1,4000.0,4000.0,2000.0,3333.333333333333,4166.666666666667,4250.0,1154.7005383792512,0.7841,89,0
ST0091,A0001,2021-06,2000,1,2021-06-01,2021,6,2,1.2246467991473532e-16,-1.0,0,0,2,4000.0,2000.0,4000.0,3333.333333333333,4000.0,4416.666666666667,1154.7005383792512,0.7545,89,0
ST0091,A0001,2021-07,4000,2,2021-07-01,2021,7,3,-0.4999999999999997,-0.8660254037844388,0,0,2,2000.0,4000.0,4000.0,3333.333333333333,3666.6666666666665,4250.0,1154.7005383792512,0.7841,89,0
ST0091,A0001,2021-08,4000,2,2021-08-01,2021,8,3,-0.8660254037844385,-0.5000000000000004,0,0,3,4000.0,4000.0,6000.0,3333.333333333333,3333.333333333333,4250.0,1154.7005383792512,0.7841,89,0
ST0091,A0001,2021-09,4000,2,2021-09-01,2021,9,3,-1.0,-1.8369701987210294e-16,0,0,3,4000.0,2000.0,2000.0,3333.333333333333,3333.333333333333,4083.3333333333335,1154.7005383792512,0.8161,89,0
ST0091,A0001,2021-10,2000,1,2021-10-01,2021,10,4,-0.8660254037844386,0.5000000000000001,0,1,3,4000.0,4000.0,8000.0,4000.0,3666.6666666666665,4250.0,0.0,0.941,89,0
ST0091,A0001,2021-11,4000,2,2021-11-01,2021,11,4,-0.5000000000000004,0.8660254037844384,0,1,3,2000.0,4000.0,5000.0,3333.333333333333,3333.333333333333,3750.0,1154.7005383792512,0.8887,89,0
ST0091,A0001,2021-12,4000,2,2021-12-01,2021,12,4,-2.4492935982947064e-16,1.0,0,1,0,4000.0,4000.0,4000.0,3333.333333333333,3333.333333333333,3666.6666666666665,1154.7005383792512,0.9088,89,0
ST0091,A0001,2022-01,2000,1,2022-01-01,2022,1,1,0.4999999999999999,0.8660254037844387,1,0,0,4000.0,2000.0,6000.0,3333.333333333333,3666.6666666666665,3666.6666666666665,1154.7005383792512,0.9088,89,0
ST0091,A0001,2022-02,4000,2,2022-02-01,2022,2,1,0.8660254037844386,0.5000000000000001,1,0,0,2000.0,4000.0,4000.0,3333.333333333333,3333.333333333333,3333.333333333333,1154.7005383792512,0.9997,89,0
ST0091,A0001,2022-03,2000,1,2022-03-01,2022,3,1,1.0,6.123233995736766e-17,1,0,1,4000.0,4000.0,2000.0,3333.333333333333,3333.333333333333,3333.333333333333,1154.7005383792512,0.9997,89,0
ST0091,A0001,2022-04,2000,1,2022-04-01,2022,4,2,0.8660254037844387,-0.4999999999999998,0,0,1,2000.0,2000.0,4000.0,2666.6666666666665,3000.0,3333.333333333333,1154.7005383792512,0.7998,89,0
ST0091,A0001,2022-06,5000,1,2022-06-01,2022,6,2,1.2246467991473532e-16,-1.0,0,0,2,2000.0,4000.0,4000.0,2666.6666666666665,3000.0,3166.6666666666665,1154.7005383792512,0.8418,89,0
ST0091,A0001,2022-10,5000,1,2022-10-01,2022,10,4,-0.8660254037844386,0.5000000000000001,0,1,3,5000.0,2000.0,2000.0,3000.0,3166.6666666666665,3250.0,1732.050807568877,0.9228,89,0
ST0091,A0001,2023-03,5000,1,2023-03-01,2023,3,1,1.0,6.123233995736766e-17,1,0,1,5000.0,2000.0,4000.0,4000.0,3333.333333333333,3500.0,1732.050807568877,1.1425,89,0
ST0091,A0001,2023-06,35000,4,2023-06-01,2023,6,2,1.2246467991473532e-16,-1.0,0,0,2,5000.0,5000.0,4000.0,5000.0,3833.3333333333335,3583.333333333333,0.0,1.395,89,0
ST0091,A0001,2023-07,40000,5,2023-07-01,2023,7,3,-0.4999999999999997,-0.8660254037844388,0,0,2,35000.0,5000.0,4000.0,15000.0,9000.0,6166.666666666667,17320.508075688773,2.432,89,0
ST0091,A0001,2023-08,40000,4,2023-08-01,2023,8,3,-0.8660254037844385,-0.5000000000000004,0,0,3,40000.0,5000.0,2000.0,26666.666666666668,15333.333333333334,9166.666666666666,18929.69448600091,2.9088,89,0
ST0091,A0001,2023-09,20000,2,2023-09-01,2023,9,3,-1.0,-1.8369701987210294e-16,0,0,3,40000.0,35000.0,4000.0,38333.333333333336,21666.666666666668,12333.333333333334,2886.751345948118,3.1079,89,0
ST0091,A0001,2023-10,10000,1,2023-10-01,2023,10,4,-0.8660254037844386,0.5000000000000001,0,1,3,20000.0,40000.0,4000.0,33333.333333333336,24166.666666666668,13666.666666666666,11547.005383792512,2.4388,89,0
ST0091,A0001,2023-11,10000,1,2023-11-01,2023,11,4,-0.5000000000000004,0.8660254037844384,0,1,3,10000.0,40000.0,2000.0,23333.33333333333,25000.0,14166.666666666666,15275.252316519469,1.6469,89,0
ST0091,A0001,2023-12,5000,1,2023-12-01,2023,12,4,-2.4492935982947064e-16,1.0,0,1,0,10000.0,20000.0,4000.0,13333.333333333334,25833.33333333333,14833.333333333334,5773.502691896267,0.8988,89,0
ST0091,A0001,2024-01,5000,1,2024-01-01,2024,1,1,0.4999999999999999,0.8660254037844387,1,0,0,5000.0,10000.0,2000.0,8333.333333333334,20833.33333333333,14916.666666666666,2886.751345948152,0.5586,89,0
ST0091,A0001,2024-02,10000,2,2024-02-01,2024,2,1,0.8660254037844386,0.5000000000000001,1,0,0,5000.0,10000.0,2000.0,6666.666666666667,15000.0,15166.666666666666,2886.7513459481543,0.4395,89,0
ST0091,A0001,2024-04,10000,3,2024-04-01,2024,4,2,0.8660254037844387,-0.4999999999999998,0,0,1,10000.0,5000.0,5000.0,6666.666666666667,10000.0,15833.333333333334,2886.7513459481543,0.421,89,0
ST0091,A0001,2024-05,15000,3,2024-05-01,2024,5,2,0.4999999999999999,-0.8660254037844387,0,0,2,10000.0,5000.0,5000.0,8333.333333333334,8333.333333333334,16250.0,2886.751345948152,0.5128,89,0
ST0091,A0001,2024-06,5000,1,2024-06-01,2024,6,2,1.2246467991473532e-16,-1.0,0,0,2,15000.0,10000.0,5000.0,11666.666666666666,9166.666666666666,17083.333333333332,2886.7513459481474,0.6829,89,0
ST0091,A0001,2024-07,10000,2,2024-07-01,2024,7,3,-0.4999999999999997,-0.8660254037844388,0,0,2,5000.0,10000.0,35000.0,10000.0,8333.333333333334,17083.333333333332,5000.000000000012,0.5853,89,0
ST0091,A0001,2024-09,10000,2,2024-09-01,2024,9,3,-1.0,-1.8369701987210294e-16,0,0,3,10000.0,15000.0,40000.0,10000.0,9166.666666666666,15000.0,5000.000000000012,0.6666,89,0
ST0091,A0001,2024-10,5000,1,2024-10-01,2024,10,4,-0.8660254037844386,0.5000000000000001,0,1,3,10000.0,5000.0,40000.0,8333.333333333334,10000.0,12500.0,2886.75134594815,0.6666,89,0
ST0091,A0001,2024-11,5000,1,2024-11-01,2024,11,4,-0.5000000000000004,0.8660254037844384,0,1,3,5000.0,10000.0,20000.0,8333.333333333334,9166.666666666666,9583.333333333334,2886.75134594815,0.8695,89,0
ST0091,A0001,2024-12,5000,1,2024-12-01,2024,12,4,-2.4492935982947064e-16,1.0,0,1,0,5000.0,10000.0,10000.0,6666.666666666667,8333.333333333334,8333.333333333334,2886.7513459481524,0.7999,89,0
ST0091,A0001,2025-02,5000,1,2025-02-01,2025,2,1,0.8660254037844386,0.5000000000000001,1,0,0,5000.0,5000.0,10000.0,5000.0,6666.666666666667,7916.666666666667,0.0,0.6315,89,0
ST0091,A0001,2025-03,5000,1,2025-03-01,2025,3,1,1.0,6.123233995736766e-17,1,0,1,5000.0,5000.0,5000.0,5000.0,6666.666666666667,7500.0,0.0,0.6666,89,0
ST0091,A0001,2025-05,5000,1,2025-05-01,2025,5,2,0.4999999999999999,-0.8660254037844387,0,0,2,5000.0,5000.0,5000.0,5000.0,5833.333333333333,7500.0,0.0,0.6666,89,0
ST0091,A0001,2025-07,5000,1,2025-07-01,2025,7,3,-0.4999999999999997,-0.8660254037844388,0,0,2,5000.0,5000.0,10000.0,5000.0,5000.0,7500.0,0.0,0.6666,89,0
ST0091,A0002,2021-04,25000,2,2021-04-01,2021,4,2,0.8660254037844387,-0.4999999999999998,0,0,1,31000.0,24000.0,22000.0,27000.0,26166.666666666668,24250.0,3605.5512754639935,1.1134,89,1
ST0091,A0002,2021-05,20000,2,2021-05-01,2021,5,2,0.4999999999999999,-0.8660254037844387,0,0,2,25000.0,26000.0,20000.0,27333.33333333333,26166.666666666668,24500.0,3214.550253664324,1.1156,89,1
ST0091,A0002,2021-06,12000,1,2021-06-01,2021,6,2,1.2246467991473532e-16,-1.0,0,0,2,20000.0,31000.0,22000.0,25333.33333333333,27000.0,24500.0,5507.570547286105,1.034,89,1
ST0091,A0002,2021-07,18000,2,2021-07-01,2021,7,3,-0.4999999999999997,-0.8660254037844388,0,0,2,12000.0,25000.0,22000.0,19000.0,23000.0,23666.666666666668,6557.438524302003,0.8028,89,1
ST0091,A0002,2021-08,24000,2,2021-08-01,2021,8,3,-0.8660254037844385,-0.5000000000000004,0,0,3,18000.0,20000.0,26000.0,16666.666666666668,22000.0,23333.33333333333,4163.331998932269,0.7143,89,1
ST0091,A0002,2021-09,30000,2,2021-09-01,2021,9,3,-1.0,-1.8369701987210294e-16,0,0,3,24000.0,12000.0,22000.0,18000.0,21666.666666666668,23166.666666666668,6000.000000000003,0.7769,89,1
ST0091,A0002,2021-10,26000,2,2021-10-01,2021,10,4,-0.8660254037844386,0.5000000000000001,0,1,3,30000.0,18000.0,25000.0,24000.0,21500.0,23833.33333333333,6000.000000000003,1.007,89,1
ST0091,A0002,2021-11,24000,2,2021-11-01,2021,11,4,-0.5000000000000004,0.8660254037844384,0,1,3,26000.0,24000.0,15000.0,26666.666666666668,21666.666666666668,23916.666666666668,3055.050463303898,1.1149,89,1
ST0091,A0002,2021-12,34000,3,2021-12-01,2021,12,4,-2.4492935982947064e-16,1.0,0,1,0,24000.0,30000.0,36000.0,26666.666666666668,22333.33333333333,24666.666666666668,3055.050463303898,1.081,89,1
ST0091,A0002,2022-01,22000,3,2022-01-01,2022,1,1,0.4999999999999999,0.8660254037844387,1,0,0,34000.0,26000.0,24000.0,28000.0,26000.0,24500.0,5291.502622129185,1.1428,89,1
ST0091,A0002,2022-02,26000,2,2022-02-01,2022,2,1,0.8660254037844386,0.5000000000000001,1,0,0,22000.0,24000.0,26000.0,26666.666666666668,26666.666666666668,24333.33333333333,6429.10050732864,1.0958,89,1
ST0091,A0002,2022-03,10000,1,2022-03-01,2022,3,1,1.0,6.123233995736766e-17,1,0,1,26000.0,34000.0,31000.0,27333.33333333333,27000.0,24333.33333333333,6110.10092660779,1.1232,89,1
ST0091,A0002,2022-04,39000,2,2022-04-01,2022,4,2,0.8660254037844387,-0.4999999999999998,0,0,1,10000.0,22000.0,25000.0,19333.33333333333,23666.666666666668,22583.33333333333,8326.663997864533,0.8561,89,1
ST0091,A0002,2022-06,40000,3,2022-06-01,2022,6,2,1.2246467991473532e-16,-1.0,0,0,2,39000.0,26000.0,20000.0,25000.0,25833.33333333333,23750.0,14525.839046333953,1.0526,89,1
ST0091,A0002,2022-07,14000,1,2022-07-01,2022,7,3,-0.4999999999999997,-0.8660254037844388,0,0,2,40000.0,10000.0,12000.0,29666.666666666668,28500.0,25416.666666666668,17039.170558842743,1.1672,89,1
ST0091,A0002,2022-10,25000,1,2022-10-01,2022,10,4,-0.8660254037844386,0.5000000000000001,0,1,3,14000.0,39000.0,18000.0,31000.0,25166.666666666668,25583.33333333333,14730.919862656236,1.2117,89,1
ST0091,A0002,2022-11,34000,2,2022-11-01,2022,11,4,-0.5000000000000004,0.8660254037844384,0,1,3,25000.0,40000.0,24000.0,26333.33333333333,25666.666666666668,26166.666666666668,13051.181300301265,1.0063,89,1
ST0091,A0002,2023-03,10000,1,2023-03-01,2023,3,1,1.0,6.123233995736766e-17,1,0,1,34000.0,14000.0,30000.0,24333.33333333333,27000.0,27000.0,10016.652800877811,0.9012,89,1
ST0091,A0002,2023-04,20000,1,2023-04-01,2023,4,2,0.8660254037844387,-0.4999999999999998,0,0,1,10000.0,25000.0,26000.0,23000.0,27000.0,25333.33333333333,12124.355652982142,0.9079,89,1
ST0091,A0002,2023-06,20000,4,2023-06-01,2023,6,2,1.2246467991473532e-16,-1.0,0,0,2,20000.0,34000.0,24000.0,21333.33333333333,23833.33333333333,24833.33333333333,12055.427546683415,0.859,89,1
ST0091,A0002,2023-07,15000,1,2023-07-01,2023,7,3,-0.4999999999999997,-0.8660254037844388,0,0,2,20000.0,10000.0,34000.0,16666.666666666668,20500.0,24500.0,5773.5026918962585,0.6802,89,1
ST0091,A0002,2023-12,40000,2,2023-12-01,2023,12,4,-2.4492935982947064e-16,1.0,0,1,0,15000.0,20000.0,22000.0,18333.33333333333,20666.666666666668,22916.666666666668,2886.7513459481333,0.8,89,1
ST0091,A0002,2024-02,30000,2,2024-02-01,2024,2,1,0.8660254037844386,0.5000000000000001,1,0,0,40000.0,20000.0,26000.0,25000.0,23166.666666666668,24416.666666666668,13228.756555322954,1.0238,89,1
ST0091,A0002,2024-05,15000,1,2024-05-01,2024,5,2,0.4999999999999999,-0.8660254037844387,0,0,2,30000.0,15000.0,10000.0,28333.33333333333,22500.0,24750.0,12583.057392117918,1.1447,89,1
ST0091,A0002,2024-09,10000,1,2024-09-01,2024,9,3,-1.0,-1.8369701987210294e-16,0,0,3,15000.0,40000.0,39000.0,28333.33333333333,23333.33333333333,25166.666666666668,12583.057392117918,1.1258,89,1
ST0091,A0002,2024-12,25000,1,2024-12-01,2024,12,4,-2.4492935982947064e-16,1.0,0,1,0,10000.0,30000.0,40000.0,18333.33333333333,21666.666666666668,22750.0,10408.329997330666,0.8058,89,1
ST0091,A0002,2025-01,10000,1,2025-01-01,2025,1,1,0.4999999999999999,0.8660254037844387,1,0,0,25000.0,15000.0,14000.0,16666.666666666668,22500.0,21500.0,7637.626158259736,0.7752,89,1
ST0091,A0002,2025-04,10000,1,2025-04-01,2025,4,2,0.8660254037844387,-0.4999999999999998,0,0,1,10000.0,10000.0,25000.0,15000.0,21666.666666666668,21166.666666666668,8660.254037844388,0.7086,89,1
ST0091,A0002,2025-09,10000,1,2025-09-01,2025,9,3,-1.0,-1.8369701987210294e-16,0,0,3,10000.0,25000.0,34000.0,15000.0,16666.666666666668,19916.666666666668,8660.254037844388,0.7531,89,1
ST0092,A0001,2021-01,4000,1,2021-01-01,2021,1,1,0.4999999999999999,0.8660254037844387,1,0,0,4000.0,3000.0,1000.0,4666.666666666667,4666.666666666667,4416.666666666667,2081.6659994661327,1.0564,90,0
ST0092,A0001,2021-02,4000,1,2021-02-01,2021,2,1,0.8660254037844386,0.5000000000000001,1,0,0,4000.0,7000.0,8000.0,5000.0,4666.666666666667,4666.666666666667,1732.0508075688772,1.0712,90,0
ST0092,A0001,2021-03,4000,1,2021-03-01,2021,3,1,1.0,6.123233995736766e-17,1,0,1,4000.0,4000.0,4000.0,4000.0,4833.333333333333,4333.333333333333,0.0,0.9229,90,0
ST0092,A0001,2021-04,5000,2,2021-04-01,2021,4,2,0.8660254037844387,-0.4999999999999998,0,0,1,4000.0,4000.0,4000.0,4000.0,4333.333333333333,4333.333333333333,0.0,0.9229,90,0
ST0092,A0001,2021-05,8000,2,2021-05-01,2021,5,2,0.4999999999999999,-0.8660254037844387,0,0,2,5000.0,4000.0,4000.0,4333.333333333333,4666.666666666667,4416.666666666667,577.3502691896259,0.9809,90,0
ST0092,A0001,2021-06,4000,1,2021-06-01,2021,6,2,1.2246467991473532e-16,-1.0,0,0,2,8000.0,4000.0,4000.0,5666.666666666667,4833.333333333333,4750.0,2081.6659994661327,1.1927,90,0
ST0092,A0001,2021-07,4000,1,2021-07-01,2021,7,3,-0.4999999999999997,-0.8660254037844388,0,0,2,4000.0,5000.0,4000.0,5666.666666666667,4833.333333333333,4750.0,2081.6659994661327,1.1927,90,0
ST0092,A0001,2021-08,4000,1,2021-08-01,2021,8,3,-0.8660254037844385,-0.5000000000000004,0,0,3,4000.0,8000.0,3000.0,5333.333333333333,4833.333333333333,4750.0,2309.4010767585028,1.1226,90,0
ST0092,A0001,2021-09,4000,1,2021-09-01,2021,9,3,-1.0,-1.8369701987210294e-16,0,0,3,4000.0,4000.0,7000.0,4000.0,4833.333333333333,4833.333333333333,0.0,0.8274,90,0
ST0092,A0001,2021-10,7000,2,2021-10-01,2021,10,4,-0.8660254037844386,0.5000000000000001,0,1,3,4000.0,4000.0,3000.0,4000.0,4833.333333333333,4583.333333333333,0.0,0.8725,90,0
ST0092,A0001,2021-12,6000,2,2021-12-01,2021,12,4,-2.4492935982947064e-16,1.0,0,1,0,7000.0,4000.0,7000.0,5000.0,5166.666666666667,4916.666666666667,1732.0508075688772,1.0167,90,0
ST0092,A0001,2022-01,6000,2,2022-01-01,2022,1,1,0.4999999999999999,0.8660254037844387,1,0,0,6000.0,4000.0,4000.0,5666.666666666667,4833.333333333333,4833.333333333333,1527.5252316519473,1.1722,90,0
ST0092,A0001,2022-03,4000,1,2022-03-01,2022,3,1,1.0,6.123233995736766e-17,1,0,1,6000.0,7000.0,4000.0,6333.333333333333,5166.666666666667,5000.0,577.3502691896294,1.2664,90,0
ST0092,A0001,2022-05,4000,1,2022-05-01,2022,5,2,0.4999999999999999,-0.8660254037844387,0,0,2,4000.0,6000.0,4000.0,5333.333333333333,5166.666666666667,5000.0,1154.7005383792518,1.0665,90,0
ST0092,A0001,2022-08,5000,1,2022-08-01,2022,8,3,-0.8660254037844385,-0.5000000000000004,0,0,3,4000.0,6000.0,4000.0,4666.666666666667,5166.666666666667,5000.0,1154.7005383792507,0.9331,90,0
ST0092,A0001,2022-11,5000,1,2022-11-01,2022,11,4,-0.5000000000000004,0.8660254037844384,0,1,3,5000.0,4000.0,5000.0,4333.333333333333,5333.333333333333,5083.333333333333,577.3502691896227,0.8523,90,0
ST0092,A0001,2022-12,5000,1,2022-12-01,2022,12,4,-2.4492935982947064e-16,1.0,0,1,0,5000.0,4000.0,8000.0,4666.666666666667,5000.0,5083.333333333333,577.3502691896239,0.9179,90,0
ST0092,A0001,2023-02,5000,1,2023-02-01,2023,2,1,0.8660254037844386,0.5000000000000001,1,0,0,5000.0,5000.0,4000.0,5000.0,4833.333333333333,4833.333333333333,0.0,1.0343,90,0
ST0092,A0001,2023-09,10000,1,2023-09-01,2023,9,3,-1.0,-1.8369701987210294e-16,0,0,3,5000.0,5000.0,4000.0,5000.0,4666.666666666667,4916.666666666667,0.0,1.0167,90,0
ST0092,A0002,2021-01,29000,2,2021-01-01,2021,1,1,0.4999999999999999,0.8660254037844387,1,0,0,46000.0,30000.0,45000.0,36000.0,32666.666666666668,46583.333333333336,8717.797887081353,0.7728,90,1
ST0092,A0002,2021-02,56000,2,2021-02-01,2021,2,1,0.8660254037844386,0.5000000000000001,1,0,0,29000.0,32000.0,80000.0,35666.666666666664,32666.666666666668,45250.0,9073.771725877472,0.7882,90,1
ST0092,A0002,2021-03,29000,2,2021-03-01,2021,3,1,1.0,6.123233995736766e-17,1,0,1,56000.0,46000.0,74000.0,43666.66666666666,37500.0,43250.0,13650.396819628852,1.0096,90,1
ST0092,A0002,2021-04,37000,2,2021-04-01,2021,4,2,0.8660254037844387,-0.4999999999999998,0,0,1,29000.0,29000.0,50000.0,38000.0,37000.0,39500.0,15588.4572681199,0.962,90,1
ST0092,A0002,2021-05,52000,3,2021-05-01,2021,5,2,0.4999999999999999,-0.8660254037844387,0,0,2,37000.0,56000.0,56000.0,40666.66666666666,38166.66666666666,38416.66666666666,13868.42937514315,1.0585,90,1
ST0092,A0002,2021-06,60000,3,2021-06-01,2021,6,2,1.2246467991473532e-16,-1.0,0,0,2,52000.0,29000.0,58000.0,39333.333333333336,41500.0,38083.333333333336,11676.186592091331,1.0328,90,1
ST0092,A0002,2021-07,36000,2,2021-07-01,2021,7,3,-0.4999999999999997,-0.8660254037844388,0,0,2,60000.0,37000.0,29000.0,49666.66666666666,43833.333333333336,38250.0,11676.186592091331,1.2984,90,1
ST0092,A0002,2021-08,36000,2,2021-08-01,2021,8,3,-0.8660254037844385,-0.5000000000000004,0,0,3,36000.0,52000.0,27000.0,49333.333333333336,45000.0,38833.333333333336,12220.201853215578,1.2704,90,1
ST0092,A0002,2021-09,29000,2,2021-09-01,2021,9,3,-1.0,-1.8369701987210294e-16,0,0,3,36000.0,60000.0,32000.0,44000.0,41666.66666666666,39583.333333333336,13856.406460551025,1.1116,90,1
ST0092,A0002,2021-10,42000,3,2021-10-01,2021,10,4,-0.8660254037844386,0.5000000000000001,0,1,3,29000.0,36000.0,30000.0,33666.666666666664,41666.66666666666,39333.333333333336,4041.451884327394,0.8559,90,1
ST0092,A0002,2021-11,46000,4,2021-11-01,2021,11,4,-0.5000000000000004,0.8660254037844384,0,1,3,42000.0,36000.0,32000.0,35666.666666666664,42500.0,40333.333333333336,6506.407098647722,0.8843,90,1
ST0092,A0002,2021-12,57000,3,2021-12-01,2021,12,4,-2.4492935982947064e-16,1.0,0,1,0,46000.0,29000.0,46000.0,39000.0,41500.0,41500.0,8888.194417315595,0.9397,90,1
ST0092,A0002,2022-01,76000,4,2022-01-01,2022,1,1,0.4999999999999999,0.8660254037844387,1,0,0,57000.0,42000.0,29000.0,48333.333333333336,41000.0,42416.66666666666,7767.453465154036,1.1395,90,1
ST0092,A0002,2022-02,19000,1,2022-02-01,2022,2,1,0.8660254037844386,0.5000000000000001,1,0,0,76000.0,46000.0,56000.0,59666.66666666666,47666.66666666666,46333.333333333336,15176.736583776285,1.2877,90,1
ST0092,A0002,2022-03,31000,3,2022-03-01,2022,3,1,1.0,6.123233995736766e-17,1,0,1,19000.0,57000.0,29000.0,50666.66666666666,44833.333333333336,43250.0,29022.979401386987,1.1715,90,1
ST0092,A0002,2022-04,13000,1,2022-04-01,2022,4,2,0.8660254037844387,-0.4999999999999998,0,0,1,31000.0,76000.0,37000.0,42000.0,45166.66666666666,43416.66666666666,30049.95840263344,0.9673,90,1
ST0092,A0002,2022-05,80000,3,2022-05-01,2022,5,2,0.4999999999999999,-0.8660254037844387,0,0,2,13000.0,19000.0,52000.0,21000.0,40333.333333333336,41416.66666666666,9165.15138991168,0.507,90,1
ST0092,A0002,2022-06,154000,4,2022-06-01,2022,6,2,1.2246467991473532e-16,-1.0,0,0,2,80000.0,31000.0,60000.0,41333.333333333336,46000.0,43750.0,34674.6785613556,0.9447,90,1
ST0092,A0002,2022-07,69000,4,2022-07-01,2022,7,3,-0.4999999999999997,-0.8660254037844388,0,0,2,154000.0,13000.0,36000.0,82333.33333333333,62166.66666666666,51583.333333333336,70528.953865298,1.5961,90,1
ST0092,A0002,2022-08,45000,2,2022-08-01,2022,8,3,-0.8660254037844385,-0.5000000000000004,0,0,3,69000.0,80000.0,36000.0,101000.0,61000.0,54333.333333333336,46227.69732530489,1.8589,90,1
ST0092,A0002,2022-09,30000,1,2022-09-01,2022,9,3,-1.0,-1.8369701987210294e-16,0,0,3,45000.0,154000.0,29000.0,89333.33333333333,65333.333333333336,55083.333333333336,57274.19430540541,1.6218,90,1
ST0092,A0002,2022-10,60000,3,2022-10-01,2022,10,4,-0.8660254037844386,0.5000000000000001,0,1,3,30000.0,69000.0,42000.0,48000.0,65166.66666666666,55166.66666666666,19672.315572906013,0.8701,90,1
ST0092,A0002,2022-11,30000,1,2022-11-01,2022,11,4,-0.5000000000000004,0.8660254037844384,0,1,3,60000.0,45000.0,46000.0,45000.0,73000.0,56666.66666666666,15000.00000000001,0.7941,90,1
ST0092,A0002,2022-12,55000,3,2022-12-01,2022,12,4,-2.4492935982947064e-16,1.0,0,1,0,30000.0,30000.0,57000.0,40000.0,64666.66666666666,55333.333333333336,17320.508075688776,0.7229,90,1
ST0092,A0002,2023-01,40000,2,2023-01-01,2023,1,1,0.4999999999999999,0.8660254037844387,1,0,0,55000.0,60000.0,76000.0,48333.333333333336,48166.66666666666,55166.66666666666,16072.751268321605,0.8761,90,1
ST0092,A0002,2023-02,22000,3,2023-02-01,2023,2,1,0.8660254037844386,0.5000000000000001,1,0,0,40000.0,30000.0,19000.0,41666.66666666666,43333.333333333336,52166.66666666666,12583.057392117924,0.7987,90,1
ST0092,A0002,2023-03,20000,1,2023-03-01,2023,3,1,1.0,6.123233995736766e-17,1,0,1,22000.0,55000.0,31000.0,39000.0,39500.0,52416.66666666666,16522.71164185831,0.744,90,1
ST0092,A0002,2023-04,19000,1,2023-04-01,2023,4,2,0.8660254037844387,-0.4999999999999998,0,0,1,20000.0,40000.0,13000.0,27333.33333333333,37833.333333333336,51500.0,11015.141094572198,0.5307,90,1
ST0092,A0002,2023-05,25000,1,2023-05-01,2023,5,2,0.4999999999999999,-0.8660254037844387,0,0,2,19000.0,22000.0,80000.0,20333.33333333333,31000.0,52000.0,1527.5252316518383,0.391,90,1
ST0092,A0002,2023-06,41000,2,2023-06-01,2023,6,2,1.2246467991473532e-16,-1.0,0,0,2,25000.0,20000.0,154000.0,21333.33333333333,30166.666666666668,47416.66666666666,3214.550253664271,0.4499,90,1
ST0092,A0002,2023-07,34000,2,2023-07-01,2023,7,3,-0.4999999999999997,-0.8660254037844388,0,0,2,41000.0,19000.0,69000.0,28333.33333333333,27833.33333333333,38000.0,11372.48140615465,0.7456,90,1
ST0092,A0002,2023-11,15000,1,2023-11-01,2023,11,4,-0.5000000000000004,0.8660254037844384,0,1,3,34000.0,25000.0,45000.0,33333.333333333336,26833.33333333333,35083.333333333336,8020.806277010644,0.9501,90,1
ST0092,A0002,2023-12,15000,1,2023-12-01,2023,12,4,-2.4492935982947064e-16,1.0,0,1,0,15000.0,41000.0,30000.0,30000.0,25666.666666666668,32583.33333333333,13453.624047073708,0.9207,90,1
ST0092,A0002,2024-01,15000,1,2024-01-01,2024,1,1,0.4999999999999999,0.8660254037844387,1,0,0,15000.0,34000.0,60000.0,21333.33333333333,24833.33333333333,31333.33333333333,10969.655114602874,0.6808,90,1
ST0092,A0002,2024-02,15000,1,2024-02-01,2024,2,1,0.8660254037844386,0.5000000000000001,1,0,0,15000.0,15000.0,30000.0,15000.0,24166.666666666668,27583.33333333333,0.0,0.5438,90,1
ST0092,A0002,2024-04,15000,1,2024-04-01,2024,4,2,0.8660254037844387,-0.4999999999999998,0,0,1,15000.0,15000.0,55000.0,15000.0,22500.0,26333.33333333333,0.0,0.5696,90,1
ST0092,A0002,2024-05,15000,1,2024-05-01,2024,5,2,0.4999999999999999,-0.8660254037844387,0,0,2,15000.0,15000.0,40000.0,15000.0,18166.666666666668,23000.0,0.0,0.6521,90,1
ST0092,A0002,2024-06,15000,1,2024-06-01,2024,6,2,1.2246467991473532e-16,-1.0,0,0,2,15000.0,15000.0,22000.0,15000.0,15000.0,20916.666666666668,0.0,0.7171,90,1
ST0092,A0002,2024-07,15000,1,2024-07-01,2024,7,3,-0.4999999999999997,-0.8660254037844388,0,0,2,15000.0,15000.0,20000.0,15000.0,15000.0,20333.33333333333,0.0,0.7377,90,1
ST0092,A0002,2024-10,10000,1,2024-10-01,2024,10,4,-0.8660254037844386,0.5000000000000001,0,1,3,15000.0,15000.0,19000.0,15000.0,15000.0,19916.666666666668,0.0,0.7531,90,1
ST0092,A0002,2024-11,1000,1,2024-11-01,2024,11,4,-0.5000000000000004,0.8660254037844384,0,1,3,10000.0,15000.0,25000.0,13333.333333333334,14166.666666666666,19166.666666666668,2886.751345948035,0.6956,90,1
ST0092,A0002,2025-03,10000,1,2025-03-01,2025,3,1,1.0,6.123233995736766e-17,1,0,1,1000.0,15000.0,41000.0,8666.666666666666,11833.333333333334,17166.666666666668,7094.59888459754,0.5048,90,1
ST0092,A0002,2025-09,10000,1,2025-09-01,2025,9,3,-1.0,-1.8369701987210294e-16,0,0,3,10000.0,10000.0,34000.0,7000.0,11000.0,14583.333333333334,5196.152422706562,0.48,90,1
