Code Station,N° article,mois_periode,quantite_mois,nb_commandes,mois,annee,num_mois,trimestre,mois_sin,mois_cos,est_t1,est_t4,saison_benin,Lag_1,Lag_3,Lag_12,Rolling_3m,Rolling_6m,Rolling_12m,Rolling_Std_3m,ratio_tendance,StationEncoded,ProduitEncoded,Segment_Optimal
ST0001,A0001,2023-10,79000,4,2023-10-01,2023,10,4,-0.8660254037844386,0.5000000000000001,0,1,3,20000.0,95000.0,20000.0,65000.0,68833.33333333333,57166.66666666666,39686.26966596886,1.137,0,0,Stable
ST0001,A0001,2023-11,70000,4,2023-11-01,2023,11,4,-0.5000000000000004,0.8660254037844384,0,1,3,79000.0,80000.0,24000.0,59666.66666666666,74000.0,62083.333333333336,34355.979586286485,0.9611,0,0,Stable
ST0001,A0001,2023-12,55000,4,2023-12-01,2023,12,4,-2.4492935982947064e-16,1.0,0,1,0,70000.0,20000.0,49000.0,56333.333333333336,68166.66666666667,65916.66666666667,31785.74103797697,0.8546,0,0,Stable
ST0001,A0001,2024-01,55000,5,2024-01-01,2024,1,1,0.4999999999999999,0.8660254037844387,1,0,0,55000.0,79000.0,56000.0,68000.0,66500.0,66416.66666666667,12124.355652982144,1.0238,0,0,Stable
ST0001,A0001,2024-02,105000,7,2024-02-01,2024,2,1,0.8660254037844386,0.5000000000000001,1,0,0,55000.0,70000.0,34000.0,60000.0,59833.333333333336,66333.33333333333,8660.254037844394,0.9045,0,0,Stable
ST0001,A0001,2024-03,87000,5,2024-03-01,2024,3,1,1.0,6.123233995736766e-17,1,0,1,105000.0,55000.0,90000.0,71666.66666666667,64000.0,72250.0,28867.513459481288,0.9919,0,0,Stable
ST0001,A0001,2024-04,93000,5,2024-04-01,2024,4,2,0.8660254037844387,-0.4999999999999998,0,0,1,87000.0,55000.0,48000.0,82333.33333333333,75166.66666666667,72000.0,25324.559884296774,1.1435,0,0,Stable
ST0001,A0001,2024-05,143000,9,2024-05-01,2024,5,2,0.4999999999999999,-0.8660254037844387,0,0,2,93000.0,105000.0,105000.0,95000.0,77500.0,75750.0,9165.151389911687,1.2541,0,0,Stable
ST0001,A0001,2024-06,103000,8,2024-06-01,2024,6,2,1.2246467991473532e-16,-1.0,0,0,2,143000.0,87000.0,65000.0,107666.66666666669,89666.66666666667,78916.66666666667,30746.27348693388,1.3643,0,0,Stable
ST0001,A0001,2024-07,96000,7,2024-07-01,2024,7,3,-0.4999999999999997,-0.8660254037844388,0,0,2,103000.0,93000.0,95000.0,113000.0,97666.66666666669,82083.33333333333,26457.513110645905,1.3766,0,0,Stable
ST0001,A0001,2024-08,111000,8,2024-08-01,2024,8,3,-0.8660254037844385,-0.5000000000000004,0,0,3,96000.0,143000.0,80000.0,114000.0,104500.0,82166.66666666667,25357.444666211934,1.3874,0,0,Stable
ST0001,A0001,2024-09,66000,6,2024-09-01,2024,9,3,-1.0,-1.8369701987210294e-16,0,0,3,111000.0,103000.0,20000.0,103333.33333333331,105500.0,84750.0,7505.553499465136,1.2193,0,0,Stable
ST0001,A0001,2024-10,72000,6,2024-10-01,2024,10,4,-0.8660254037844386,0.5000000000000001,0,1,3,66000.0,96000.0,79000.0,91000.0,102000.0,88583.33333333333,22912.8784747792,1.0273,0,0,Stable
ST0001,A0001,2024-11,105000,11,2024-11-01,2024,11,4,-0.5000000000000004,0.8660254037844384,0,1,3,72000.0,111000.0,70000.0,83000.0,98500.0,88000.0,24433.58344574123,0.9432,0,0,Stable
ST0001,A0001,2024-12,119000,7,2024-12-01,2024,12,4,-2.4492935982947064e-16,1.0,0,1,0,105000.0,66000.0,55000.0,81000.0,92166.66666666669,90916.66666666669,21000.0,0.8909,0,0,Stable
ST0001,A0001,2025-01,81000,7,2025-01-01,2025,1,1,0.4999999999999999,0.8660254037844387,1,0,0,119000.0,72000.0,55000.0,98666.66666666669,94833.33333333331,96250.0,24131.583730317685,1.0251,0,0,Stable
ST0001,A0001,2025-02,95000,8,2025-02-01,2025,2,1,0.8660254037844386,0.5000000000000001,1,0,0,81000.0,105000.0,105000.0,101666.66666666669,92333.33333333331,98416.66666666669,19218.0470738661,1.033,0,0,Stable
ST0001,A0001,2025-03,80000,6,2025-03-01,2025,3,1,1.0,6.123233995736766e-17,1,0,1,95000.0,119000.0,87000.0,98333.33333333331,89666.66666666667,97583.33333333331,19218.0470738661,1.0077,0,0,Stable
ST0001,A0001,2025-04,98000,8,2025-04-01,2025,4,2,0.8660254037844387,-0.4999999999999998,0,0,1,80000.0,81000.0,93000.0,85333.33333333333,92000.0,97000.0,8386.497083606071,0.8797,0,0,Stable
ST0001,A0001,2025-05,78000,9,2025-05-01,2025,5,2,0.4999999999999999,-0.8660254037844387,0,0,2,98000.0,95000.0,143000.0,91000.0,96333.33333333331,97416.66666666669,9643.650760992943,0.9341,0,0,Stable
ST0001,A0001,2025-06,71000,5,2025-06-01,2025,6,2,1.2246467991473532e-16,-1.0,0,0,2,78000.0,80000.0,103000.0,85333.33333333333,91833.33333333331,92000.0,11015.141094572196,0.9275,0,0,Stable
ST0001,A0001,2025-07,107000,10,2025-07-01,2025,7,3,-0.4999999999999997,-0.8660254037844388,0,0,2,71000.0,98000.0,96000.0,82333.33333333333,83833.33333333333,89333.33333333333,14011.899704655794,0.9216,0,0,Stable
ST0001,A0001,2025-08,42000,4,2025-08-01,2025,8,3,-0.8660254037844385,-0.5000000000000004,0,0,3,107000.0,78000.0,111000.0,85333.33333333333,88166.66666666667,90250.0,19087.51773629387,0.9455,0,0,Stable
ST0001,A0001,2025-09,109000,9,2025-09-01,2025,9,3,-1.0,-1.8369701987210294e-16,0,0,3,42000.0,71000.0,66000.0,73333.33333333333,79333.33333333333,84500.0,32562.75991578928,0.8678,0,0,Stable
ST0001,A0001,2025-10,100000,9,2025-10-01,2025,10,4,-0.8660254037844386,0.5000000000000001,0,1,3,109000.0,107000.0,72000.0,86000.0,84166.66666666667,88083.33333333333,38118.23710509183,0.9763,0,0,Stable
ST0001,A0001,2025-11,114000,10,2025-11-01,2025,11,4,-0.5000000000000004,0.8660254037844384,0,1,3,100000.0,42000.0,105000.0,83666.66666666667,84500.0,90416.66666666669,36363.901514184814,0.9253,0,0,Stable
ST0001,A0001,2025-12,118000,14,2025-12-01,2025,12,4,-2.4492935982947064e-16,1.0,0,1,0,114000.0,109000.0,119000.0,107666.66666666669,90500.0,91166.66666666669,7094.598884597535,1.181,0,0,Stable
ST0002,A0001,2021-03,308000,7,2021-03-01,2021,3,1,1.0,6.123233995736766e-17,1,0,1,237000.0,451000.0,105000.0,273333.3333333333,290333.3333333333,259916.66666666663,162574.08567583375,1.0516,1,0,Stable
ST0002,A0001,2021-04,281000,8,2021-04-01,2021,4,2,0.8660254037844387,-0.4999999999999998,0,0,1,308000.0,132000.0,98000.0,225666.66666666663,288666.6666666667,276833.3333333333,88545.65677283854,0.8152,1,0,Stable
ST0002,A0001,2021-05,210000,6,2021-05-01,2021,5,2,0.4999999999999999,-0.8660254037844387,0,0,2,281000.0,237000.0,270000.0,275333.3333333333,284333.3333333333,292083.3333333333,35837.59664560847,0.9427,1,0,Stable
ST0002,A0001,2021-06,272000,7,2021-06-01,2021,6,2,1.2246467991473532e-16,-1.0,0,0,2,210000.0,308000.0,244000.0,266333.3333333333,269833.3333333333,287083.3333333333,50619.495585528384,0.9277,1,0,Stable
ST0002,A0001,2021-07,288000,8,2021-07-01,2021,7,3,-0.4999999999999997,-0.8660254037844388,0,0,2,272000.0,281000.0,355000.0,254333.3333333333,240000.0,289416.6666666667,38656.60788705247,0.8788,1,0,Stable
ST0002,A0001,2021-08,453000,8,2021-08-01,2021,8,3,-0.8660254037844385,-0.5000000000000004,0,0,3,288000.0,210000.0,305000.0,256666.66666666663,266000.0,283833.3333333333,41198.70548128092,0.9043,1,0,Stable
ST0002,A0001,2021-09,264000,8,2021-09-01,2021,9,3,-1.0,-1.8369701987210294e-16,0,0,3,453000.0,272000.0,318000.0,337666.6666666667,302000.0,296166.6666666667,100201.46372849712,1.1401,1,0,Stable
ST0002,A0001,2021-10,270000,9,2021-10-01,2021,10,4,-0.8660254037844386,0.5000000000000001,0,1,3,264000.0,288000.0,307000.0,335000.0,294666.6666666667,291666.6666666667,102893.1484599436,1.1486,1,0,Stable
ST0002,A0001,2021-11,294000,12,2021-11-01,2021,11,4,-0.5000000000000004,0.8660254037844384,0,1,3,270000.0,453000.0,297000.0,329000.0,292833.3333333333,288583.3333333333,107429.04635153378,1.14,1,0,Stable
ST0002,A0001,2021-12,287000,10,2021-12-01,2021,12,4,-2.4492935982947064e-16,1.0,0,1,0,294000.0,264000.0,451000.0,276000.0,306833.3333333333,288333.3333333333,15874.507866387305,0.9572,1,0,Stable
ST0002,A0001,2022-01,270000,11,2022-01-01,2022,1,1,0.4999999999999999,0.8660254037844387,1,0,0,287000.0,270000.0,132000.0,283666.6666666667,309333.3333333333,274666.6666666667,12342.3390543821,1.0328,1,0,Stable
ST0002,A0001,2022-02,289000,13,2022-02-01,2022,2,1,0.8660254037844386,0.5000000000000001,1,0,0,270000.0,294000.0,237000.0,283666.6666666667,306333.3333333333,286166.6666666667,12342.3390543821,0.9913,1,0,Stable
ST0002,A0001,2022-03,339000,13,2022-03-01,2022,3,1,1.0,6.123233995736766e-17,1,0,1,289000.0,287000.0,308000.0,282000.0,279000.0,290500.0,10440.30650891019,0.9707,1,0,Stable
ST0002,A0001,2022-04,270000,10,2022-04-01,2022,4,2,0.8660254037844387,-0.4999999999999998,0,0,1,339000.0,270000.0,281000.0,299333.3333333333,291500.0,293083.3333333333,35641.73583501969,1.0213,1,0,Stable
ST0002,A0001,2022-05,296000,8,2022-05-01,2022,5,2,0.4999999999999999,-0.8660254037844387,0,0,2,270000.0,289000.0,210000.0,299333.3333333333,291500.0,292166.6666666667,35641.73583501969,1.0245,1,0,Stable
ST0002,A0001,2022-06,211000,14,2022-06-01,2022,6,2,1.2246467991473532e-16,-1.0,0,0,2,296000.0,339000.0,272000.0,301666.6666666667,291833.3333333333,299333.3333333333,34847.2858818779,1.0078,1,0,Stable
ST0002,A0001,2022-07,230000,10,2022-07-01,2022,7,3,-0.4999999999999997,-0.8660254037844388,0,0,2,211000.0,270000.0,288000.0,259000.0,279166.6666666667,294250.0,43554.56348076506,0.8802,1,0,Stable
ST0002,A0001,2022-08,200000,9,2022-08-01,2022,8,3,-0.8660254037844385,-0.5000000000000004,0,0,3,230000.0,296000.0,453000.0,245666.66666666663,272500.0,289416.6666666667,44613.1520219467,0.8488,1,0,Stable
ST0002,A0001,2022-09,244000,14,2022-09-01,2022,9,3,-1.0,-1.8369701987210294e-16,0,0,3,200000.0,211000.0,264000.0,213666.66666666663,257666.66666666663,268333.3333333333,15176.736583776055,0.7963,1,0,Stable
ST0002,A0001,2022-10,192000,9,2022-10-01,2022,10,4,-0.8660254037844386,0.5000000000000001,0,1,3,244000.0,230000.0,270000.0,224666.66666666663,241833.3333333333,266666.6666666667,22479.62040011634,0.8425,1,0,Stable
ST0002,A0001,2022-11,237000,9,2022-11-01,2022,11,4,-0.5000000000000004,0.8660254037844384,0,1,3,192000.0,200000.0,294000.0,212000.0,228833.3333333333,260166.66666666663,27999.99999999988,0.8149,1,0,Stable
ST0002,A0001,2022-12,261000,9,2022-12-01,2022,12,4,-2.4492935982947064e-16,1.0,0,1,0,237000.0,244000.0,287000.0,224333.3333333333,219000.0,255416.66666666663,28219.378684395702,0.8783,1,0,Stable
ST0002,A0001,2023-01,181000,8,2023-01-01,2023,1,1,0.4999999999999999,0.8660254037844387,1,0,0,261000.0,192000.0,270000.0,230000.0,227333.3333333333,253250.0,35028.55977627389,0.9082,1,0,Stable
ST0002,A0001,2023-02,176000,9,2023-02-01,2023,2,1,0.8660254037844386,0.5000000000000001,1,0,0,181000.0,237000.0,289000.0,226333.3333333333,219166.66666666663,245833.3333333333,41052.811515575,0.9207,1,0,Stable
ST0002,A0001,2023-03,235000,7,2023-03-01,2023,3,1,1.0,6.123233995736766e-17,1,0,1,176000.0,261000.0,339000.0,206000.0,215166.66666666663,236416.66666666663,47696.96007084722,0.8713,1,0,Stable
ST0002,A0001,2023-04,143000,8,2023-04-01,2023,4,2,0.8660254037844387,-0.4999999999999998,0,0,1,235000.0,181000.0,270000.0,197333.3333333333,213666.66666666663,227750.0,32715.94921950648,0.8664,1,0,Stable
ST0002,A0001,2023-05,145000,5,2023-05-01,2023,5,2,0.4999999999999999,-0.8660254037844387,0,0,2,143000.0,176000.0,296000.0,184666.66666666663,205500.0,217166.66666666663,46608.29682935568,0.8503,1,0,Stable
ST0002,A0001,2023-06,318000,11,2023-06-01,2023,6,2,1.2246467991473532e-16,-1.0,0,0,2,145000.0,235000.0,211000.0,174333.33333333334,190166.66666666663,204583.3333333333,52548.39039716941,0.8521,1,0,Stable
ST0002,A0001,2023-07,284000,12,2023-07-01,2023,7,3,-0.4999999999999997,-0.8660254037844388,0,0,2,318000.0,143000.0,230000.0,202000.0,199666.66666666663,213500.0,100463.92387319934,0.9461,1,0,Stable
ST0002,A0001,2023-08,286000,13,2023-08-01,2023,8,3,-0.8660254037844385,-0.5000000000000004,0,0,3,284000.0,145000.0,200000.0,249000.0,216833.3333333333,218000.0,91656.96918401784,1.1422,1,0,Stable
ST0002,A0001,2023-09,332000,11,2023-09-01,2023,9,3,-1.0,-1.8369701987210294e-16,0,0,3,286000.0,318000.0,244000.0,296000.0,235166.66666666663,225166.66666666663,19078.784028338712,1.3146,1,0,Stable
ST0002,A0001,2023-10,306000,11,2023-10-01,2023,10,4,-0.8660254037844386,0.5000000000000001,0,1,3,332000.0,284000.0,192000.0,300666.6666666667,251333.3333333333,232500.0,27153.88247255492,1.2932,1,0,Stable
ST0002,A0001,2023-11,237000,8,2023-11-01,2023,11,4,-0.5000000000000004,0.8660254037844384,0,1,3,306000.0,286000.0,237000.0,308000.0,278500.0,242000.0,23065.12518934141,1.2727,1,0,Stable
ST0002,A0001,2023-12,252000,8,2023-12-01,2023,12,4,-2.4492935982947064e-16,1.0,0,1,0,237000.0,332000.0,261000.0,291666.6666666667,293833.3333333333,242000.0,49095.14572066494,1.2052,1,0,Stable
ST0002,A0001,2024-01,208000,9,2024-01-01,2024,1,1,0.4999999999999999,0.8660254037844387,1,0,0,252000.0,306000.0,181000.0,265000.0,282833.3333333333,241250.0,36290.49462324801,1.0984,1,0,Stable
ST0002,A0001,2024-02,115000,4,2024-02-01,2024,2,1,0.8660254037844386,0.5000000000000001,1,0,0,208000.0,237000.0,176000.0,232333.3333333333,270166.6666666667,243500.0,22368.13209307666,0.9541,1,0,Stable
ST0002,A0001,2024-03,163000,7,2024-03-01,2024,3,1,1.0,6.123233995736766e-17,1,0,1,115000.0,252000.0,235000.0,191666.66666666663,241666.66666666663,238416.66666666663,69945.21665799117,0.8039,1,0,Stable
ST0002,A0001,2024-04,155000,8,2024-04-01,2024,4,2,0.8660254037844387,-0.4999999999999998,0,0,1,163000.0,208000.0,143000.0,162000.0,213500.0,232416.66666666663,46508.06381693385,0.697,1,0,Stable
ST0002,A0001,2024-05,183000,9,2024-05-01,2024,5,2,0.4999999999999999,-0.8660254037844387,0,0,2,155000.0,115000.0,145000.0,144333.33333333334,188333.3333333333,233416.66666666663,25716.402029314377,0.6183,1,0,Stable
ST0002,A0001,2024-06,106000,7,2024-06-01,2024,6,2,1.2246467991473532e-16,-1.0,0,0,2,183000.0,163000.0,318000.0,167000.0,179333.33333333334,236583.3333333333,14422.205101855652,0.7059,1,0,Stable
ST0002,A0001,2024-07,181000,10,2024-07-01,2024,7,3,-0.4999999999999997,-0.8660254037844388,0,0,2,106000.0,155000.0,284000.0,148000.0,155000.0,218916.66666666663,38974.35053981004,0.6761,1,0,Stable
ST0002,A0001,2024-08,142000,10,2024-08-01,2024,8,3,-0.8660254037844385,-0.5000000000000004,0,0,3,181000.0,183000.0,286000.0,156666.66666666666,150500.0,210333.3333333333,43890.01405027486,0.7448,1,0,Stable
ST0002,A0001,2024-09,192000,15,2024-09-01,2024,9,3,-1.0,-1.8369701987210294e-16,0,0,3,142000.0,106000.0,332000.0,143000.0,155000.0,198333.3333333333,37509.99866702199,0.721,1,0,Stable
ST0002,A0001,2024-10,207000,8,2024-10-01,2024,10,4,-0.8660254037844386,0.5000000000000001,0,1,3,192000.0,181000.0,306000.0,171666.66666666666,159833.33333333334,186666.66666666663,26274.195198584574,0.9196,1,0,Stable
ST0002,A0001,2024-11,115000,8,2024-11-01,2024,11,4,-0.5000000000000004,0.8660254037844384,0,1,3,207000.0,142000.0,237000.0,180333.3333333333,168500.0,178416.66666666666,34034.296427770096,1.0107,1,0,Stable
ST0002,A0001,2024-12,171000,12,2024-12-01,2024,12,4,-2.4492935982947064e-16,1.0,0,1,0,115000.0,192000.0,252000.0,171333.33333333334,157166.66666666666,168250.0,49359.227438578535,1.0183,1,0,Stable
ST0002,A0001,2025-01,148000,7,2025-01-01,2025,1,1,0.4999999999999999,0.8660254037844387,1,0,0,171000.0,207000.0,208000.0,164333.33333333334,168000.0,161500.0,46360.903068569794,1.0175,1,0,Stable
ST0002,A0001,2025-02,127000,8,2025-02-01,2025,2,1,0.8660254037844386,0.5000000000000001,1,0,0,148000.0,115000.0,115000.0,144666.66666666666,162500.0,156500.0,28148.416178060976,0.9244,1,0,Stable
ST0002,A0001,2025-03,136000,7,2025-03-01,2025,3,1,1.0,6.123233995736766e-17,1,0,1,127000.0,171000.0,163000.0,148666.66666666666,160000.0,157500.0,22007.57445365856,0.9439,1,0,Stable
ST0002,A0001,2025-04,179000,12,2025-04-01,2025,4,2,0.8660254037844387,-0.4999999999999998,0,0,1,136000.0,148000.0,155000.0,137000.0,150666.66666666666,155250.0,10535.65375285233,0.8824,1,0,Stable
ST0002,A0001,2025-05,177000,13,2025-05-01,2025,5,2,0.4999999999999999,-0.8660254037844387,0,0,2,179000.0,127000.0,183000.0,147333.33333333334,146000.0,157250.0,27790.88579612612,0.9369,1,0,Stable
ST0002,A0001,2025-06,135000,7,2025-06-01,2025,6,2,1.2246467991473532e-16,-1.0,0,0,2,177000.0,136000.0,106000.0,164000.0,156333.33333333334,156750.0,24269.32219902301,1.0462,1,0,Stable
ST0002,A0001,2025-07,143000,8,2025-07-01,2025,7,3,-0.4999999999999997,-0.8660254037844388,0,0,2,135000.0,179000.0,181000.0,163666.66666666666,150333.33333333334,159166.66666666666,24846.19353811211,1.0283,1,0,Stable
ST0002,A0001,2025-08,174000,11,2025-08-01,2025,8,3,-0.8660254037844385,-0.5000000000000004,0,0,3,143000.0,177000.0,142000.0,151666.66666666666,149500.0,156000.0,22300.971578236764,0.9722,1,0,Stable
ST0002,A0001,2025-09,142000,9,2025-09-01,2025,9,3,-1.0,-1.8369701987210294e-16,0,0,3,174000.0,135000.0,192000.0,150666.66666666666,157333.33333333334,158666.66666666666,20599.35274064027,0.9496,1,0,Stable
ST0002,A0001,2025-10,199000,15,2025-10-01,2025,10,4,-0.8660254037844386,0.5000000000000001,0,1,3,142000.0,143000.0,207000.0,153000.0,158333.33333333334,154500.0,18193.40539866,0.9903,1,0,Stable
ST0002,A0001,2025-11,131000,10,2025-11-01,2025,11,4,-0.5000000000000004,0.8660254037844384,0,1,3,199000.0,174000.0,115000.0,171666.66666666666,161666.66666666666,153833.33333333334,28571.547618799443,1.1159,1,0,Stable
ST0002,A0001,2025-12,212000,14,2025-12-01,2025,12,4,-2.4492935982947064e-16,1.0,0,1,0,131000.0,142000.0,171000.0,157333.33333333334,154000.0,155166.66666666666,36501.141534660586,1.014,1,0,Stable
ST0004,A0001,2023-09,54000,7,2023-09-01,2023,9,3,-1.0,-1.8369701987210294e-16,0,0,3,63000.0,55000.0,8000.0,65666.66666666667,46000.0,33666.666666666664,12220.201853215574,1.9504,3,0,Stable
ST0004,A0001,2023-10,72000,8,2023-10-01,2023,10,4,-0.8660254037844386,0.5000000000000001,0,1,3,54000.0,79000.0,17000.0,65333.333333333336,49166.66666666666,37500.0,12662.279942148383,1.7422,3,0,Stable
ST0004,A0001,2023-11,63000,9,2023-11-01,2023,11,4,-0.5000000000000004,0.8660254037844384,0,1,3,72000.0,63000.0,23000.0,63000.0,57000.0,42083.333333333336,9000.0,1.497,3,0,Stable
ST0004,A0001,2023-12,45000,6,2023-12-01,2023,12,4,-2.4492935982947064e-16,1.0,0,1,0,63000.0,54000.0,26000.0,63000.0,64333.333333333336,45416.66666666666,9000.0,1.3871,3,0,Stable
ST0004,A0001,2024-01,36000,6,2024-01-01,2024,1,1,0.4999999999999999,0.8660254037844387,1,0,0,45000.0,72000.0,29000.0,60000.0,62666.66666666666,47000.0,13747.72708486752,1.2766,3,0,Stable
ST0004,A0001,2024-02,38000,7,2024-02-01,2024,2,1,0.8660254037844386,0.5000000000000001,1,0,0,36000.0,63000.0,25000.0,48000.0,55500.0,47583.333333333336,13747.72708486752,1.0087,3,0,Stable
ST0004,A0001,2024-03,35000,7,2024-03-01,2024,3,1,1.0,6.123233995736766e-17,1,0,1,38000.0,45000.0,35000.0,39666.66666666666,51333.333333333336,48666.66666666666,4725.815626252608,0.8151,3,0,Stable
ST0004,A0001,2024-04,42000,8,2024-04-01,2024,4,2,0.8660254037844387,-0.4999999999999998,0,0,1,35000.0,36000.0,25000.0,36333.333333333336,48166.66666666666,48666.66666666666,1527.5252316519427,0.7466,3,0,Stable
ST0004,A0001,2024-05,55000,9,2024-05-01,2024,5,2,0.4999999999999999,-0.8660254037844387,0,0,2,42000.0,38000.0,19000.0,38333.333333333336,43166.66666666666,50083.333333333336,3511.8845842842434,0.7654,3,0,Stable
ST0004,A0001,2024-06,26000,5,2024-06-01,2024,6,2,1.2246467991473532e-16,-1.0,0,0,2,55000.0,35000.0,55000.0,44000.0,41833.333333333336,53083.333333333336,10148.89156509222,0.8289,3,0,Stable
ST0004,A0001,2024-07,36000,6,2024-07-01,2024,7,3,-0.4999999999999997,-0.8660254037844388,0,0,2,26000.0,42000.0,79000.0,41000.0,38666.66666666666,50666.66666666666,14525.83904633395,0.8092,3,0,Stable
ST0004,A0001,2024-08,30000,6,2024-08-01,2024,8,3,-0.8660254037844385,-0.5000000000000004,0,0,3,36000.0,55000.0,63000.0,39000.0,38666.66666666666,47083.333333333336,14730.919862656236,0.8283,3,0,Stable
ST0004,A0001,2024-09,31000,7,2024-09-01,2024,9,3,-1.0,-1.8369701987210294e-16,0,0,3,30000.0,26000.0,54000.0,30666.666666666668,37333.333333333336,44333.333333333336,5033.222956847167,0.6917,3,0,Stable
ST0004,A0001,2024-10,41000,9,2024-10-01,2024,10,4,-0.8660254037844386,0.5000000000000001,0,1,3,31000.0,36000.0,72000.0,32333.33333333333,36666.66666666666,42416.66666666666,3214.550253664318,0.7623,3,0,Stable
ST0004,A0001,2024-11,32000,5,2024-11-01,2024,11,4,-0.5000000000000004,0.8660254037844384,0,1,3,41000.0,30000.0,63000.0,34000.0,36500.0,39833.333333333336,6082.762530298219,0.8535,3,0,Stable
ST0004,A0001,2024-12,34000,7,2024-12-01,2024,12,4,-2.4492935982947064e-16,1.0,0,1,0,32000.0,31000.0,45000.0,34666.666666666664,32666.666666666668,37250.0,5507.570547286101,0.9306,3,0,Stable
ST0004,A0001,2025-01,37000,5,2025-01-01,2025,1,1,0.4999999999999999,0.8660254037844387,1,0,0,34000.0,41000.0,36000.0,35666.666666666664,34000.0,36333.333333333336,4725.815626252607,0.9816,3,0,Stable
ST0004,A0001,2025-02,28000,7,2025-02-01,2025,2,1,0.8660254037844386,0.5000000000000001,1,0,0,37000.0,32000.0,38000.0,34333.333333333336,34166.666666666664,36416.66666666666,2516.611478423578,0.9428,3,0,Stable
ST0004,A0001,2025-03,39000,7,2025-03-01,2025,3,1,1.0,6.123233995736766e-17,1,0,1,28000.0,34000.0,35000.0,33000.0,33833.333333333336,35583.333333333336,4582.575694955837,0.9274,3,0,Stable
ST0004,A0001,2025-04,43000,9,2025-04-01,2025,4,2,0.8660254037844387,-0.4999999999999998,0,0,1,39000.0,37000.0,42000.0,34666.666666666664,35166.666666666664,35916.666666666664,5859.465277082313,0.9652,3,0,Stable
ST0004,A0001,2025-05,33000,6,2025-05-01,2025,5,2,0.4999999999999999,-0.8660254037844387,0,0,2,43000.0,28000.0,55000.0,36666.66666666666,35500.0,36000.0,7767.453465154028,1.0185,3,0,Stable
ST0004,A0001,2025-06,27000,5,2025-06-01,2025,6,2,1.2246467991473532e-16,-1.0,0,0,2,33000.0,39000.0,26000.0,38333.333333333336,35666.666666666664,34166.666666666664,5033.222956847168,1.1219,3,0,Stable
ST0004,A0001,2025-07,30000,6,2025-07-01,2025,7,3,-0.4999999999999997,-0.8660254037844388,0,0,2,27000.0,43000.0,36000.0,34333.333333333336,34500.0,34250.0,8082.903768654763,1.0024,3,0,Stable
ST0004,A0001,2025-08,26000,5,2025-08-01,2025,8,3,-0.8660254037844385,-0.5000000000000004,0,0,3,30000.0,33000.0,30000.0,30000.0,33333.333333333336,33750.0,3000.00000000001,0.8889,3,0,Stable
ST0004,A0001,2025-09,25000,5,2025-09-01,2025,9,3,-1.0,-1.8369701987210294e-16,0,0,3,26000.0,27000.0,31000.0,27666.666666666668,33000.0,33416.666666666664,2081.6659994661545,0.8279,3,0,Stable
ST0004,A0001,2025-10,20000,5,2025-10-01,2025,10,4,-0.8660254037844386,0.5000000000000001,0,1,3,25000.0,30000.0,41000.0,27000.0,30666.666666666668,32916.666666666664,2645.751311064609,0.8202,3,0,Stable
ST0004,A0001,2025-11,21000,5,2025-11-01,2025,11,4,-0.5000000000000004,0.8660254037844384,0,1,3,20000.0,26000.0,32000.0,23666.666666666668,26833.33333333333,31166.666666666668,3214.5502536643407,0.7593,3,0,Stable
ST0004,A0001,2025-12,15000,4,2025-12-01,2025,12,4,-2.4492935982947064e-16,1.0,0,1,0,21000.0,25000.0,34000.0,22000.0,24833.33333333333,30250.0,2645.7513110646223,0.7272,3,0,Stable
ST0006,A0001,2021-01,29000,7,2021-01-01,2021,1,1,0.4999999999999999,0.8660254037844387,1,0,0,35000.0,38000.0,27000.0,36666.66666666666,36166.66666666666,33000.0,1527.5252316519438,1.1111,5,0,Stable
ST0006,A0001,2021-02,28000,8,2021-02-01,2021,2,1,0.8660254037844386,0.5000000000000001,1,0,0,29000.0,37000.0,32000.0,33666.666666666664,34500.0,33166.666666666664,4163.331998932263,1.015,5,0,Stable
ST0006,A0001,2021-03,30000,10,2021-03-01,2021,3,1,1.0,6.123233995736766e-17,1,0,1,28000.0,35000.0,32000.0,30666.666666666668,34000.0,32833.333333333336,3785.938897200177,0.934,5,0,Stable
ST0006,A0001,2021-04,26000,6,2021-04-01,2021,4,2,0.8660254037844387,-0.4999999999999998,0,0,1,30000.0,29000.0,30000.0,29000.0,32833.333333333336,32666.666666666668,999.9999999999734,0.8877,5,0,Stable
ST0006,A0001,2021-05,19000,8,2021-05-01,2021,5,2,0.4999999999999999,-0.8660254037844387,0,0,2,26000.0,28000.0,28000.0,28000.0,30833.33333333333,32333.33333333333,1999.999999999984,0.866,5,0,Stable
ST0006,A0001,2021-06,26000,7,2021-06-01,2021,6,2,1.2246467991473532e-16,-1.0,0,0,2,19000.0,30000.0,30000.0,25000.0,27833.33333333333,31583.33333333333,5567.764362830013,0.7915,5,0,Stable
ST0006,A0001,2021-07,27000,10,2021-07-01,2021,7,3,-0.4999999999999997,-0.8660254037844388,0,0,2,26000.0,26000.0,39000.0,23666.666666666668,26333.33333333333,31250.0,4041.451884327366,0.7573,5,0,Stable
ST0006,A0001,2021-08,27000,9,2021-08-01,2021,8,3,-0.8660254037844385,-0.5000000000000004,0,0,3,27000.0,19000.0,31000.0,24000.0,26000.0,30250.0,4358.89894354066,0.7934,5,0,Stable
ST0006,A0001,2021-09,29000,10,2021-09-01,2021,9,3,-1.0,-1.8369701987210294e-16,0,0,3,27000.0,26000.0,37000.0,26666.666666666668,25833.33333333333,29916.666666666668,577.350269189554,0.8913,5,0,Stable
ST0006,A0001,2021-10,20000,6,2021-10-01,2021,10,4,-0.8660254037844386,0.5000000000000001,0,1,3,29000.0,27000.0,38000.0,27666.666666666668,25666.666666666668,29250.0,1154.7005383792227,0.9458,5,0,Stable
ST0006,A0001,2021-11,33000,9,2021-11-01,2021,11,4,-0.5000000000000004,0.8660254037844384,0,1,3,20000.0,27000.0,37000.0,25333.33333333333,24666.666666666668,27750.0,4725.815626252598,0.9129,5,0,Stable
ST0006,A0001,2021-12,25000,7,2021-12-01,2021,12,4,-2.4492935982947064e-16,1.0,0,1,0,33000.0,29000.0,35000.0,27333.33333333333,27000.0,27416.666666666668,6658.328118479388,0.9969,5,0,Stable
ST0006,A0001,2022-01,19000,7,2022-01-01,2022,1,1,0.4999999999999999,0.8660254037844387,1,0,0,25000.0,20000.0,29000.0,26000.0,26833.33333333333,26583.33333333333,6557.438524301994,0.978,5,0,Stable
ST0006,A0001,2022-02,24000,7,2022-02-01,2022,2,1,0.8660254037844386,0.5000000000000001,1,0,0,19000.0,33000.0,28000.0,25666.666666666668,25500.0,25750.0,7023.769168568485,0.9967,5,0,Stable
ST0006,A0001,2022-03,22000,7,2022-03-01,2022,3,1,1.0,6.123233995736766e-17,1,0,1,24000.0,25000.0,30000.0,22666.666666666668,25000.0,25416.666666666668,3214.550253664293,0.8918,5,0,Stable
ST0006,A0001,2022-04,20000,8,2022-04-01,2022,4,2,0.8660254037844387,-0.4999999999999998,0,0,1,22000.0,19000.0,26000.0,21666.666666666668,23833.33333333333,24750.0,2516.611478423548,0.8754,5,0,Stable
ST0006,A0001,2022-05,14000,5,2022-05-01,2022,5,2,0.4999999999999999,-0.8660254037844387,0,0,2,20000.0,24000.0,19000.0,22000.0,23833.33333333333,24250.0,1999.9999999999577,0.9072,5,0,Stable
ST0006,A0001,2022-06,25000,7,2022-06-01,2022,6,2,1.2246467991473532e-16,-1.0,0,0,2,14000.0,22000.0,26000.0,18666.666666666668,20666.666666666668,23833.33333333333,4163.331998932239,0.7832,5,0,Stable
ST0006,A0001,2022-07,26000,7,2022-07-01,2022,7,3,-0.4999999999999997,-0.8660254037844388,0,0,2,25000.0,20000.0,27000.0,19666.666666666668,20666.666666666668,23750.0,5507.570547286084,0.828,5,0,Stable
ST0006,A0001,2022-08,35000,8,2022-08-01,2022,8,3,-0.8660254037844385,-0.5000000000000004,0,0,3,26000.0,14000.0,27000.0,21666.666666666668,21833.33333333333,23666.666666666668,6658.3281184793805,0.9155,5,0,Stable
ST0006,A0001,2022-09,25000,6,2022-09-01,2022,9,3,-1.0,-1.8369701987210294e-16,0,0,3,35000.0,25000.0,29000.0,28666.666666666668,23666.666666666668,24333.33333333333,5507.570547286097,1.178,5,0,Stable
ST0006,A0001,2022-10,20000,4,2022-10-01,2022,10,4,-0.8660254037844386,0.5000000000000001,0,1,3,25000.0,26000.0,20000.0,28666.666666666668,24166.666666666668,24000.0,5507.570547286097,1.1944,5,0,Stable
ST0006,A0001,2022-11,20000,4,2022-11-01,2022,11,4,-0.5000000000000004,0.8660254037844384,0,1,3,20000.0,35000.0,33000.0,26666.666666666668,24166.666666666668,24000.0,7637.626158259728,1.1111,5,0,Stable
ST0006,A0001,2022-12,21000,5,2022-12-01,2022,12,4,-2.4492935982947064e-16,1.0,0,1,0,20000.0,25000.0,25000.0,21666.666666666668,25166.666666666668,22916.666666666668,2886.7513459481006,0.9454,5,0,Stable
ST0006,A0001,2023-01,25000,5,2023-01-01,2023,1,1,0.4999999999999999,0.8660254037844387,1,0,0,21000.0,20000.0,19000.0,20333.33333333333,24500.0,22583.33333333333,577.3502691894654,0.9003,5,0,Stable
ST0006,A0001,2023-02,20000,5,2023-02-01,2023,2,1,0.8660254037844386,0.5000000000000001,1,0,0,25000.0,20000.0,24000.0,22000.0,24333.33333333333,23083.33333333333,2645.75131106456,0.953,5,0,Stable
ST0006,A0001,2023-03,21000,5,2023-03-01,2023,3,1,1.0,6.123233995736766e-17,1,0,1,20000.0,21000.0,22000.0,22000.0,21833.33333333333,22750.0,2645.75131106456,0.967,5,0,Stable
ST0006,A0001,2023-04,21000,5,2023-04-01,2023,4,2,0.8660254037844387,-0.4999999999999998,0,0,1,21000.0,25000.0,20000.0,22000.0,21166.666666666668,22666.666666666668,2645.75131106456,0.9705,5,0,Stable
ST0006,A0001,2023-05,19000,3,2023-05-01,2023,5,2,0.4999999999999999,-0.8660254037844387,0,0,2,21000.0,20000.0,14000.0,20666.666666666668,21333.33333333333,22750.0,577.35026918947,0.9084,5,0,Stable
ST0006,A0001,2023-06,31000,6,2023-06-01,2023,6,2,1.2246467991473532e-16,-1.0,0,0,2,19000.0,21000.0,25000.0,20333.33333333333,21166.666666666668,23166.666666666668,1154.7005383791718,0.8777,5,0,Stable
ST0006,A0001,2023-07,26000,4,2023-07-01,2023,7,3,-0.4999999999999997,-0.8660254037844388,0,0,2,31000.0,21000.0,26000.0,23666.666666666668,22833.33333333333,23666.666666666668,6429.100507328627,1.0,5,0,Stable
ST0006,A0001,2023-08,36000,6,2023-08-01,2023,8,3,-0.8660254037844385,-0.5000000000000004,0,0,3,26000.0,19000.0,35000.0,25333.33333333333,23000.0,23666.666666666668,6027.713773341699,1.0704,5,0,Stable
ST0006,A0001,2023-09,23000,4,2023-09-01,2023,9,3,-1.0,-1.8369701987210294e-16,0,0,3,36000.0,31000.0,25000.0,31000.0,25666.666666666668,23750.0,4999.999999999998,1.3052,5,0,Stable
ST0006,A0001,2023-10,23000,6,2023-10-01,2023,10,4,-0.8660254037844386,0.5000000000000001,0,1,3,23000.0,26000.0,20000.0,28333.33333333333,26000.0,23583.33333333333,6806.859285554041,1.2014,5,0,Stable
ST0006,A0001,2023-11,27000,6,2023-11-01,2023,11,4,-0.5000000000000004,0.8660254037844384,0,1,3,23000.0,36000.0,20000.0,27333.33333333333,26333.33333333333,23833.33333333333,7505.55349946513,1.1468,5,0,Stable
ST0006,A0001,2023-12,20000,4,2023-12-01,2023,12,4,-2.4492935982947064e-16,1.0,0,1,0,27000.0,23000.0,21000.0,24333.33333333333,27666.666666666668,24416.666666666668,2309.4010767584764,0.9965,5,0,Stable
ST0006,A0001,2024-01,13000,3,2024-01-01,2024,1,1,0.4999999999999999,0.8660254037844387,1,0,0,20000.0,23000.0,25000.0,23333.33333333333,25833.33333333333,24333.33333333333,3511.8845842842265,0.9589,5,0,Stable
ST0006,A0001,2024-02,16000,4,2024-02-01,2024,2,1,0.8660254037844386,0.5000000000000001,1,0,0,13000.0,27000.0,20000.0,20000.0,23666.666666666668,23333.33333333333,6999.999999999987,0.8571,5,0,Stable
ST0006,A0001,2024-03,12000,3,2024-03-01,2024,3,1,1.0,6.123233995736766e-17,1,0,1,16000.0,20000.0,21000.0,16333.333333333334,20333.33333333333,23000.0,3511.884584284214,0.7101,5,0,Stable
ST0006,A0001,2024-04,12000,3,2024-04-01,2024,4,2,0.8660254037844387,-0.4999999999999998,0,0,1,12000.0,13000.0,21000.0,13666.666666666666,18500.0,22250.0,2081.665999466069,0.6142,5,0,Stable
ST0007,A0001,2021-05,8000,2,2021-05-01,2021,5,2,0.4999999999999999,-0.8660254037844387,0,0,2,10000.0,8000.0,9000.0,9000.0,9666.666666666666,9916.666666666666,999.999999999998,0.9075,6,0,Stable
ST0007,A0001,2021-06,7000,2,2021-06-01,2021,6,2,1.2246467991473532e-16,-1.0,0,0,2,8000.0,9000.0,10000.0,9000.0,9166.666666666666,9833.333333333334,999.999999999998,0.9152,6,0,Stable
ST0007,A0001,2021-07,10000,2,2021-07-01,2021,7,3,-0.4999999999999997,-0.8660254037844388,0,0,2,7000.0,10000.0,11000.0,8333.333333333334,9000.0,9583.333333333334,1527.5252316519454,0.8695,6,0,Stable
ST0007,A0001,2021-08,10000,2,2021-08-01,2021,8,3,-0.8660254037844385,-0.5000000000000004,0,0,3,10000.0,8000.0,8000.0,8333.333333333334,8666.666666666666,9500.0,1527.5252316519454,0.8771,6,0,Stable
ST0007,A0001,2021-09,5000,1,2021-09-01,2021,9,3,-1.0,-1.8369701987210294e-16,0,0,3,10000.0,7000.0,12000.0,9000.0,9000.0,9666.666666666666,1732.0508075688765,0.9309,6,0,Stable
ST0007,A0001,2021-10,15000,2,2021-10-01,2021,10,4,-0.8660254037844386,0.5000000000000001,0,1,3,5000.0,10000.0,11000.0,8333.333333333334,8333.333333333334,9083.333333333334,2886.7513459481283,0.9173,6,0,Stable
ST0007,A0001,2021-11,10000,2,2021-11-01,2021,11,4,-0.5000000000000004,0.8660254037844384,0,1,3,15000.0,10000.0,11000.0,10000.0,9166.666666666666,9416.666666666666,5000.0,1.0618,6,0,Stable
ST0007,A0001,2021-12,5000,1,2021-12-01,2021,12,4,-2.4492935982947064e-16,1.0,0,1,0,10000.0,5000.0,8000.0,10000.0,9500.0,9333.333333333334,5000.0,1.0713,6,0,Stable
ST0007,A0001,2022-01,10000,1,2022-01-01,2022,1,1,0.4999999999999999,0.8660254037844387,1,0,0,5000.0,15000.0,12000.0,10000.0,9166.666666666666,9083.333333333334,5000.0,1.1008,6,0,Stable
ST0007,A0001,2022-03,10000,1,2022-03-01,2022,3,1,1.0,6.123233995736766e-17,1,0,1,10000.0,10000.0,8000.0,8333.333333333334,9166.666666666666,8916.666666666666,2886.751345948128,0.9345,6,0,Stable
ST0007,A0001,2022-05,4000,1,2022-05-01,2022,5,2,0.4999999999999999,-0.8660254037844387,0,0,2,10000.0,5000.0,9000.0,8333.333333333334,9166.666666666666,9083.333333333334,2886.751345948128,0.9173,6,0,Stable
ST0007,A0001,2022-07,15000,1,2022-07-01,2022,7,3,-0.4999999999999997,-0.8660254037844388,0,0,2,4000.0,10000.0,10000.0,8000.0,9000.0,8666.666666666666,3464.101615137753,0.923,6,0,Stable
ST0007,A0001,2022-08,10000,1,2022-08-01,2022,8,3,-0.8660254037844385,-0.5000000000000004,0,0,3,15000.0,10000.0,8000.0,9666.666666666666,9000.0,9083.333333333334,5507.570547286102,1.0641,6,0,Stable
ST0007,A0001,2022-09,10000,1,2022-09-01,2022,9,3,-1.0,-1.8369701987210294e-16,0,0,3,10000.0,4000.0,7000.0,9666.666666666666,9000.0,9250.0,5507.570547286102,1.0449,6,0,Stable
ST0007,A0001,2022-10,10000,1,2022-10-01,2022,10,4,-0.8660254037844386,0.5000000000000001,0,1,3,10000.0,15000.0,10000.0,11666.666666666666,9833.333333333334,9500.0,2886.751345948128,1.2279,6,0,Stable
ST0007,A0001,2022-11,15000,1,2022-11-01,2022,11,4,-0.5000000000000004,0.8660254037844384,0,1,3,10000.0,10000.0,10000.0,10000.0,9833.333333333334,9500.0,0.0,1.0525,6,0,Stable
ST0007,A0001,2023-01,15000,1,2023-01-01,2023,1,1,0.4999999999999999,0.8660254037844387,1,0,0,15000.0,10000.0,5000.0,11666.666666666666,10666.666666666666,9916.666666666666,2886.751345948128,1.1764,6,0,Stable
ST0007,A0001,2023-03,10000,1,2023-03-01,2023,3,1,1.0,6.123233995736766e-17,1,0,1,15000.0,10000.0,15000.0,13333.333333333334,12500.0,10750.0,2886.751345948128,1.2402,6,0,Stable
ST0007,A0001,2023-04,10000,1,2023-04-01,2023,4,2,0.8660254037844387,-0.4999999999999998,0,0,1,10000.0,15000.0,10000.0,13333.333333333334,11666.666666666666,10333.333333333334,2886.751345948128,1.2902,6,0,Stable
ST0007,A0001,2023-05,20000,2,2023-05-01,2023,5,2,0.4999999999999999,-0.8660254037844387,0,0,2,10000.0,15000.0,5000.0,11666.666666666666,11666.666666666666,10333.333333333334,2886.751345948128,1.1289,6,0,Stable
ST0007,A0001,2023-06,5000,1,2023-06-01,2023,6,2,1.2246467991473532e-16,-1.0,0,0,2,20000.0,10000.0,10000.0,13333.333333333334,13333.333333333334,11583.333333333334,5773.502691896257,1.151,6,0,Stable
ST0007,A0001,2023-07,15000,1,2023-07-01,2023,7,3,-0.4999999999999997,-0.8660254037844388,0,0,2,5000.0,10000.0,10000.0,11666.666666666666,12500.0,11166.666666666666,7637.626158259733,1.0447,6,0,Stable
ST0007,A0001,2023-08,10000,1,2023-08-01,2023,8,3,-0.8660254037844385,-0.5000000000000004,0,0,3,15000.0,20000.0,4000.0,13333.333333333334,12500.0,11583.333333333334,7637.626158259733,1.151,6,0,Stable
ST0007,A0001,2023-09,10000,1,2023-09-01,2023,9,3,-1.0,-1.8369701987210294e-16,0,0,3,10000.0,5000.0,15000.0,10000.0,11666.666666666666,12083.333333333334,4999.999999999999,0.8275,6,0,Stable
ST0007,A0001,2023-10,10000,1,2023-10-01,2023,10,4,-0.8660254037844386,0.5000000000000001,0,1,3,10000.0,15000.0,10000.0,11666.666666666666,11666.666666666666,11666.666666666666,2886.7513459481265,0.9999,6,0,Stable
ST0007,A0001,2023-11,10000,1,2023-11-01,2023,11,4,-0.5000000000000004,0.8660254037844384,0,1,3,10000.0,10000.0,10000.0,10000.0,11666.666666666666,11666.666666666666,0.0,0.8571,6,0,Stable
ST0007,A0001,2024-02,10000,1,2024-02-01,2024,2,1,0.8660254037844386,0.5000000000000001,1,0,0,10000.0,10000.0,10000.0,10000.0,10000.0,11666.666666666666,0.0,0.8571,6,0,Stable
ST0007,A0001,2024-04,10000,1,2024-04-01,2024,4,2,0.8660254037844387,-0.4999999999999998,0,0,1,10000.0,10000.0,15000.0,10000.0,10833.333333333334,11666.666666666666,0.0,0.8571,6,0,Stable
ST0007,A0001,2024-05,10000,1,2024-05-01,2024,5,2,0.4999999999999999,-0.8660254037844387,0,0,2,10000.0,10000.0,15000.0,10000.0,10000.0,11250.0,0.0,0.8888,6,0,Stable
ST0007,A0001,2024-08,10000,1,2024-08-01,2024,8,3,-0.8660254037844385,-0.5000000000000004,0,0,3,10000.0,10000.0,10000.0,10000.0,10000.0,10833.333333333334,0.0,0.923,6,0,Stable
ST0007,A0001,2024-10,5000,1,2024-10-01,2024,10,4,-0.8660254037844386,0.5000000000000001,0,1,3,10000.0,10000.0,10000.0,10000.0,10000.0,10833.333333333334,0.0,0.923,6,0,Stable
ST0007,A0001,2024-11,2000,1,2024-11-01,2024,11,4,-0.5000000000000004,0.8660254037844384,0,1,3,5000.0,10000.0,20000.0,8333.333333333334,9166.666666666666,10416.666666666666,2886.7513459481265,0.7999,6,0,Stable
ST0007,A0001,2024-12,15000,2,2024-12-01,2024,12,4,-2.4492935982947064e-16,1.0,0,1,0,2000.0,10000.0,5000.0,5666.666666666667,7833.333333333333,8916.666666666666,4041.45188432738,0.6354,6,0,Stable
ST0007,A0001,2025-02,10000,1,2025-02-01,2025,2,1,0.8660254037844386,0.5000000000000001,1,0,0,15000.0,5000.0,15000.0,7333.333333333333,8666.666666666666,9750.0,6806.859285554045,0.7521,6,0,Stable
ST0007,A0001,2025-04,10000,2,2025-04-01,2025,4,2,0.8660254037844387,-0.4999999999999998,0,0,1,10000.0,2000.0,10000.0,9000.0,8666.666666666666,9333.333333333334,6557.438524302,0.9642,6,0,Stable
ST0007,A0001,2025-05,5000,1,2025-05-01,2025,5,2,0.4999999999999999,-0.8660254037844387,0,0,2,10000.0,15000.0,10000.0,11666.666666666666,8666.666666666666,9333.333333333334,2886.751345948126,1.2499,6,0,Stable
ST0007,A0001,2025-07,5000,1,2025-07-01,2025,7,3,-0.4999999999999997,-0.8660254037844388,0,0,2,5000.0,10000.0,10000.0,8333.333333333334,7833.333333333333,8916.666666666666,2886.751345948126,0.9345,6,0,Stable
ST0007,A0001,2025-08,5000,1,2025-08-01,2025,8,3,-0.8660254037844385,-0.5000000000000004,0,0,3,5000.0,10000.0,10000.0,6666.666666666667,7833.333333333333,8500.0,2886.7513459481265,0.7842,6,0,Stable
ST0007,A0001,2025-10,5000,1,2025-10-01,2025,10,4,-0.8660254037844386,0.5000000000000001,0,1,3,5000.0,5000.0,10000.0,5000.0,8333.333333333334,8083.333333333333,0.0,0.6185,6,0,Stable
ST0007,A0001,2025-11,8000,2,2025-11-01,2025,11,4,-0.5000000000000004,0.8660254037844384,0,1,3,5000.0,5000.0,10000.0,5000.0,6666.666666666667,7666.666666666667,0.0,0.6521,6,0,Stable
ST0007,A0001,2025-12,8180,2,2025-12-01,2025,12,4,-2.4492935982947064e-16,1.0,0,1,0,8000.0,5000.0,10000.0,6000.0,6333.333333333333,7500.0,1732.050807568873,0.7999,6,0,Stable
ST0009,A0002,2022-12,12000,3,2022-12-01,2022,12,4,-2.4492935982947064e-16,1.0,0,1,0,10000.0,31000.0,10000.0,19333.33333333333,29666.666666666668,19750.0,10692.676621563627,0.9789,8,1,Stable
ST0009,A0002,2023-01,16000,3,2023-01-01,2023,1,1,0.4999999999999999,0.8660254037844387,1,0,0,12000.0,17000.0,8000.0,13000.0,21833.33333333333,19916.666666666668,3605.551275463989,0.6527,8,1,Stable
ST0009,A0002,2023-02,5000,1,2023-02-01,2023,2,1,0.8660254037844386,0.5000000000000001,1,0,0,16000.0,10000.0,13000.0,12666.666666666666,19166.666666666668,20583.33333333333,3055.0504633038927,0.6154,8,1,Stable
ST0009,A0002,2023-03,11000,2,2023-03-01,2023,3,1,1.0,6.123233995736766e-17,1,0,1,5000.0,12000.0,9000.0,11000.0,15166.666666666666,19916.666666666668,5567.764362830021,0.5523,8,1,Stable
ST0009,A0002,2023-04,18000,3,2023-04-01,2023,4,2,0.8660254037844387,-0.4999999999999998,0,0,1,11000.0,16000.0,11000.0,10666.666666666666,11833.333333333334,20083.33333333333,5507.570547286101,0.5311,8,1,Stable
ST0009,A0002,2023-05,10000,1,2023-05-01,2023,5,2,0.4999999999999999,-0.8660254037844387,0,0,2,18000.0,5000.0,8000.0,11333.333333333334,12000.0,20666.666666666668,6506.407098647711,0.5484,8,1,Stable
ST0009,A0002,2023-06,5000,1,2023-06-01,2023,6,2,1.2246467991473532e-16,-1.0,0,0,2,10000.0,11000.0,59000.0,13000.0,12000.0,20833.33333333333,4358.898943540676,0.624,8,1,Stable
ST0009,A0002,2023-10,20000,1,2023-10-01,2023,10,4,-0.8660254037844386,0.5000000000000001,0,1,3,5000.0,18000.0,32000.0,11000.0,10833.333333333334,16333.333333333334,6557.438524302001,0.6734,8,1,Stable
ST0009,A0002,2023-12,15000,1,2023-12-01,2023,12,4,-2.4492935982947064e-16,1.0,0,1,0,20000.0,10000.0,29000.0,11666.666666666666,11500.0,15333.333333333334,7637.626158259734,0.7608,8,1,Stable
ST0009,A0002,2024-01,15000,2,2024-01-01,2024,1,1,0.4999999999999999,0.8660254037844387,1,0,0,15000.0,5000.0,31000.0,13333.333333333334,13166.666666666666,14166.666666666666,7637.626158259735,0.9411,8,1,Stable
ST0009,A0002,2024-02,15000,2,2024-02-01,2024,2,1,0.8660254037844386,0.5000000000000001,1,0,0,15000.0,20000.0,17000.0,16666.666666666668,13833.333333333334,12833.333333333334,2886.7513459481384,1.2986,8,1,Stable
ST0009,A0002,2024-03,15000,2,2024-03-01,2024,3,1,1.0,6.123233995736766e-17,1,0,1,15000.0,15000.0,10000.0,15000.0,13333.333333333334,12666.666666666666,0.0,1.1841,8,1,Stable
ST0009,A0002,2024-04,15000,1,2024-04-01,2024,4,2,0.8660254037844387,-0.4999999999999998,0,0,1,15000.0,15000.0,12000.0,15000.0,14166.666666666666,13083.333333333334,0.0,1.1464,8,1,Stable
ST0009,A0002,2024-05,30000,2,2024-05-01,2024,5,2,0.4999999999999999,-0.8660254037844387,0,0,2,15000.0,15000.0,16000.0,15000.0,15833.333333333334,13333.333333333334,0.0,1.1249,8,1,Stable
ST0009,A0002,2024-06,15000,2,2024-06-01,2024,6,2,1.2246467991473532e-16,-1.0,0,0,2,30000.0,15000.0,5000.0,20000.0,17500.0,14500.0,8660.254037844392,1.3792,8,1,Stable
ST0009,A0002,2024-07,20000,1,2024-07-01,2024,7,3,-0.4999999999999997,-0.8660254037844388,0,0,2,15000.0,15000.0,11000.0,20000.0,17500.0,15333.333333333334,8660.254037844392,1.3043,8,1,Stable
ST0009,A0002,2024-08,15000,1,2024-08-01,2024,8,3,-0.8660254037844385,-0.5000000000000004,0,0,3,20000.0,30000.0,18000.0,21666.666666666668,18333.33333333333,16083.333333333334,7637.62615825974,1.3471,8,1,Stable
ST0009,A0002,2024-09,15000,1,2024-09-01,2024,9,3,-1.0,-1.8369701987210294e-16,0,0,3,15000.0,15000.0,10000.0,16666.666666666668,18333.33333333333,15833.333333333334,2886.751345948133,1.0526,8,1,Stable
ST0009,A0002,2024-10,15000,1,2024-10-01,2024,10,4,-0.8660254037844386,0.5000000000000001,0,1,3,15000.0,20000.0,5000.0,16666.666666666668,18333.33333333333,16250.0,2886.751345948133,1.0256,8,1,Stable
ST0009,A0002,2024-12,15000,1,2024-12-01,2024,12,4,-2.4492935982947064e-16,1.0,0,1,0,15000.0,15000.0,20000.0,15000.0,18333.33333333333,17083.333333333332,0.0,0.878,8,1,Stable
ST0009,A0002,2025-01,15000,2,2025-01-01,2025,1,1,0.4999999999999999,0.8660254037844387,1,0,0,15000.0,15000.0,15000.0,15000.0,15833.333333333334,16666.666666666668,0.0,0.8999,8,1,Stable
ST0009,A0002,2025-02,23000,3,2025-02-01,2025,2,1,0.8660254037844386,0.5000000000000001,1,0,0,15000.0,15000.0,15000.0,15000.0,15833.333333333334,16666.666666666668,0.0,0.8999,8,1,Stable
ST0009,A0002,2025-03,12000,2,2025-03-01,2025,3,1,1.0,6.123233995736766e-17,1,0,1,23000.0,15000.0,15000.0,17666.666666666668,16333.333333333334,17333.333333333332,4618.80215351701,1.0192,8,1,Stable
ST0009,A0002,2025-04,20000,3,2025-04-01,2025,4,2,0.8660254037844387,-0.4999999999999998,0,0,1,12000.0,15000.0,15000.0,16666.666666666668,15833.333333333334,17083.333333333332,5686.240703077328,0.9756,8,1,Stable
ST0009,A0002,2025-05,20000,3,2025-05-01,2025,5,2,0.4999999999999999,-0.8660254037844387,0,0,2,20000.0,23000.0,15000.0,18333.33333333333,16666.666666666668,17500.0,5686.240703077331,1.0476,8,1,Stable
ST0009,A0002,2025-06,5000,1,2025-06-01,2025,6,2,1.2246467991473532e-16,-1.0,0,0,2,20000.0,12000.0,30000.0,17333.333333333332,17500.0,17916.666666666668,4618.802153517009,0.9674,8,1,Stable
ST0009,A0002,2025-07,25000,3,2025-07-01,2025,7,3,-0.4999999999999997,-0.8660254037844388,0,0,2,5000.0,20000.0,15000.0,15000.0,15833.333333333334,15833.333333333334,8660.254037844386,0.9473,8,1,Stable
ST0009,A0002,2025-11,10000,2,2025-11-01,2025,11,4,-0.5000000000000004,0.8660254037844384,0,1,3,25000.0,20000.0,20000.0,16666.666666666668,17500.0,16666.666666666668,10408.329997330664,0.9999,8,1,Stable
ST0009,A0002,2025-12,25000,4,2025-12-01,2025,12,4,-2.4492935982947064e-16,1.0,0,1,0,10000.0,5000.0,15000.0,13333.333333333334,15333.333333333334,15833.333333333334,10408.329997330662,0.8421,8,1,Stable
ST0010,A0001,2021-01,79000,6,2021-01-01,2021,1,1,0.4999999999999999,0.8660254037844387,1,0,0,121000.0,110000.0,70000.0,106333.33333333331,104333.33333333331,100333.33333333331,16802.77754817142,1.0598,9,0,Stable
ST0010,A0001,2021-02,78000,5,2021-02-01,2021,2,1,0.8660254037844386,0.5000000000000001,1,0,0,79000.0,88000.0,121000.0,96000.0,99166.66666666669,101083.33333333331,22113.344387495985,0.9497,9,0,Stable
ST0010,A0001,2021-03,76000,7,2021-03-01,2021,3,1,1.0,6.123233995736766e-17,1,0,1,78000.0,121000.0,151000.0,92666.66666666669,96833.33333333331,97500.0,24542.48017893329,0.9504,9,0,Stable
ST0010,A0001,2021-04,91000,8,2021-04-01,2021,4,2,0.8660254037844387,-0.4999999999999998,0,0,1,76000.0,79000.0,86000.0,77666.66666666667,92000.0,91250.0,1527.5252316520268,0.8511,9,0,Stable
ST0010,A0001,2021-05,78000,6,2021-05-01,2021,5,2,0.4999999999999999,-0.8660254037844387,0,0,2,91000.0,78000.0,77000.0,81666.66666666667,88833.33333333333,91666.66666666669,8144.527815247091,0.8909,9,0,Stable
ST0010,A0001,2021-06,71000,7,2021-06-01,2021,6,2,1.2246467991473532e-16,-1.0,0,0,2,78000.0,76000.0,73000.0,81666.66666666667,87166.66666666667,91750.0,8144.527815247091,0.8901,9,0,Stable
ST0010,A0001,2021-07,121000,7,2021-07-01,2021,7,3,-0.4999999999999997,-0.8660254037844388,0,0,2,71000.0,91000.0,110000.0,80000.0,78833.33333333333,91583.33333333331,10148.891565092228,0.8735,9,0,Stable
ST0010,A0001,2021-08,92000,8,2021-08-01,2021,8,3,-0.8660254037844385,-0.5000000000000004,0,0,3,121000.0,78000.0,92000.0,90000.0,85833.33333333333,92500.0,27073.972741361773,0.973,9,0,Stable
ST0010,A0001,2021-09,90000,9,2021-09-01,2021,9,3,-1.0,-1.8369701987210294e-16,0,0,3,92000.0,71000.0,105000.0,94666.66666666669,88166.66666666667,92500.0,25106.4400768674,1.0234,9,0,Stable
ST0010,A0001,2021-10,66000,6,2021-10-01,2021,10,4,-0.8660254037844386,0.5000000000000001,0,1,3,90000.0,121000.0,110000.0,101000.0,90500.0,91250.0,17349.351572897478,1.1068,9,0,Stable
ST0010,A0001,2021-11,99000,9,2021-11-01,2021,11,4,-0.5000000000000004,0.8660254037844384,0,1,3,66000.0,92000.0,88000.0,82666.66666666667,86333.33333333333,87583.33333333333,14468.35627614048,0.9439,9,0,Stable
ST0010,A0001,2021-12,102000,9,2021-12-01,2021,12,4,-2.4492935982947064e-16,1.0,0,1,0,99000.0,90000.0,121000.0,85000.0,89833.33333333333,88500.0,17058.72210923199,0.9604,9,0,Stable
ST0010,A0001,2022-01,67000,8,2022-01-01,2022,1,1,0.4999999999999999,0.8660254037844387,1,0,0,102000.0,66000.0,79000.0,89000.0,95000.0,86916.66666666667,19974.984355438188,1.024,9,0,Stable
ST0010,A0001,2022-02,92000,11,2022-02-01,2022,2,1,0.8660254037844386,0.5000000000000001,1,0,0,67000.0,99000.0,78000.0,89333.33333333333,86000.0,85916.66666666667,19399.312702601957,1.0398,9,0,Stable
ST0010,A0001,2022-03,101000,11,2022-03-01,2022,3,1,1.0,6.123233995736766e-17,1,0,1,92000.0,102000.0,76000.0,87000.0,86000.0,87083.33333333333,18027.75637731995,0.999,9,0,Stable
ST0010,A0001,2022-04,73000,6,2022-04-01,2022,4,2,0.8660254037844387,-0.4999999999999998,0,0,1,101000.0,67000.0,91000.0,86666.66666666667,87833.33333333333,89166.66666666667,17616.280348965087,0.972,9,0,Stable
ST0010,A0001,2022-05,84000,8,2022-05-01,2022,5,2,0.4999999999999999,-0.8660254037844387,0,0,2,73000.0,92000.0,78000.0,88666.66666666667,89000.0,87666.66666666667,14294.521094927715,1.0114,9,0,Stable
ST0010,A0001,2022-06,86000,10,2022-06-01,2022,6,2,1.2246467991473532e-16,-1.0,0,0,2,84000.0,101000.0,71000.0,86000.0,86500.0,88166.66666666667,14106.73597966589,0.9754,9,0,Stable
ST0010,A0001,2022-07,67000,7,2022-07-01,2022,7,3,-0.4999999999999997,-0.8660254037844388,0,0,2,86000.0,73000.0,121000.0,81000.0,83833.33333333333,89416.66666666667,7000.000000000011,0.9059,9,0,Stable
ST0010,A0001,2022-08,75000,10,2022-08-01,2022,8,3,-0.8660254037844385,-0.5000000000000004,0,0,3,67000.0,84000.0,92000.0,79000.0,83833.33333333333,84916.66666666667,10440.306508910557,0.9303,9,0,Stable
ST0010,A0001,2022-09,80000,10,2022-09-01,2022,9,3,-1.0,-1.8369701987210294e-16,0,0,3,75000.0,86000.0,90000.0,76000.0,81000.0,83500.0,9539.392014169463,0.9102,9,0,Stable
ST0010,A0001,2022-10,60000,6,2022-10-01,2022,10,4,-0.8660254037844386,0.5000000000000001,0,1,3,80000.0,67000.0,66000.0,74000.0,77500.0,82666.66666666667,6557.438524302012,0.8952,9,0,Stable
ST0010,A0001,2022-11,66000,9,2022-11-01,2022,11,4,-0.5000000000000004,0.8660254037844384,0,1,3,60000.0,75000.0,99000.0,71666.66666666667,75333.33333333333,82166.66666666667,10408.329997330671,0.8722,9,0,Stable
ST0010,A0001,2022-12,54000,7,2022-12-01,2022,12,4,-2.4492935982947064e-16,1.0,0,1,0,66000.0,80000.0,102000.0,68666.66666666667,72333.33333333333,79416.66666666667,10263.20287889378,0.8646,9,0,Stable
ST0010,A0001,2023-01,43000,10,2023-01-01,2023,1,1,0.4999999999999999,0.8660254037844387,1,0,0,54000.0,60000.0,67000.0,60000.0,67000.0,75416.66666666667,6000.00000000003,0.7956,9,0,Stable
ST0010,A0001,2023-02,52000,15,2023-02-01,2023,2,1,0.8660254037844386,0.5000000000000001,1,0,0,43000.0,66000.0,92000.0,54333.333333333336,63000.0,73416.66666666667,11503.622617824954,0.7401,9,0,Stable
ST0010,A0001,2023-03,54000,10,2023-03-01,2023,3,1,1.0,6.123233995736766e-17,1,0,1,52000.0,54000.0,101000.0,49666.66666666666,59166.66666666666,70083.33333333333,5859.46527708237,0.7087,9,0,Stable
ST0010,A0001,2023-04,43000,10,2023-04-01,2023,4,2,0.8660254037844387,-0.4999999999999998,0,0,1,54000.0,43000.0,73000.0,49666.66666666666,54833.333333333336,66166.66666666667,5859.46527708237,0.7506,9,0,Stable
ST0010,A0001,2023-05,52000,9,2023-05-01,2023,5,2,0.4999999999999999,-0.8660254037844387,0,0,2,43000.0,52000.0,84000.0,49666.66666666666,52000.0,63666.66666666666,5859.46527708237,0.7801,9,0,Stable
ST0010,A0001,2023-06,75000,8,2023-06-01,2023,6,2,1.2246467991473532e-16,-1.0,0,0,2,52000.0,54000.0,86000.0,49666.66666666666,49666.66666666666,61000.0,5859.46527708237,0.8142,9,0,Stable
ST0010,A0001,2023-07,91000,12,2023-07-01,2023,7,3,-0.4999999999999997,-0.8660254037844388,0,0,2,75000.0,43000.0,67000.0,56666.66666666666,53166.66666666666,60083.333333333336,16502.52505931543,0.9431,9,0,Stable
ST0010,A0001,2023-08,99000,10,2023-08-01,2023,8,3,-0.8660254037844385,-0.5000000000000004,0,0,3,91000.0,52000.0,75000.0,72666.66666666667,61166.66666666666,62083.333333333336,19604.421270043484,1.1705,9,0,Stable
ST0010,A0001,2023-09,76000,10,2023-09-01,2023,9,3,-1.0,-1.8369701987210294e-16,0,0,3,99000.0,75000.0,80000.0,88333.33333333333,69000.0,64083.333333333336,12220.201853215573,1.3784,9,0,Stable
ST0010,A0001,2023-10,77000,9,2023-10-01,2023,10,4,-0.8660254037844386,0.5000000000000001,0,1,3,76000.0,91000.0,60000.0,88666.66666666667,72666.66666666667,63750.0,11676.186592091331,1.3908,9,0,Stable
ST0010,A0001,2023-11,72000,9,2023-11-01,2023,11,4,-0.5000000000000004,0.8660254037844384,0,1,3,77000.0,99000.0,66000.0,84000.0,78333.33333333333,65166.66666666666,13000.000000000002,1.289,9,0,Stable
ST0010,A0001,2023-12,74000,10,2023-12-01,2023,12,4,-2.4492935982947064e-16,1.0,0,1,0,72000.0,76000.0,54000.0,75000.0,81666.66666666667,65666.66666666667,2645.751311064602,1.1421,9,0,Stable
ST0010,A0001,2024-01,56000,8,2024-01-01,2024,1,1,0.4999999999999999,0.8660254037844387,1,0,0,74000.0,77000.0,43000.0,74333.33333333333,81500.0,67333.33333333333,2516.6114784235947,1.1039,9,0,Stable
ST0010,A0001,2024-02,64000,9,2024-02-01,2024,2,1,0.8660254037844386,0.5000000000000001,1,0,0,56000.0,72000.0,52000.0,67333.33333333333,75666.66666666667,68416.66666666667,9865.765724632494,0.9842,9,0,Stable
ST0010,A0001,2024-03,63000,10,2024-03-01,2024,3,1,1.0,6.123233995736766e-17,1,0,1,64000.0,74000.0,54000.0,64666.66666666666,69833.33333333333,69416.66666666667,9018.499505645786,0.9316,9,0,Stable
ST0010,A0001,2024-04,57000,9,2024-04-01,2024,4,2,0.8660254037844387,-0.4999999999999998,0,0,1,63000.0,56000.0,43000.0,61000.0,67666.66666666667,70166.66666666667,4358.898943540668,0.8693,9,0,Stable
ST0010,A0001,2024-05,72000,9,2024-05-01,2024,5,2,0.4999999999999999,-0.8660254037844387,0,0,2,57000.0,64000.0,52000.0,61333.333333333336,64333.333333333336,71333.33333333333,3785.9388972001766,0.8598,9,0,Stable
ST0010,A0001,2024-06,48000,7,2024-06-01,2024,6,2,1.2246467991473532e-16,-1.0,0,0,2,72000.0,63000.0,75000.0,64000.0,64333.333333333336,73000.0,7549.834435270747,0.8767,9,0,Stable
ST0010,A0001,2024-07,80000,12,2024-07-01,2024,7,3,-0.4999999999999997,-0.8660254037844388,0,0,2,48000.0,57000.0,91000.0,59000.0,60000.0,70750.0,12124.35565298214,0.8339,9,0,Stable
ST0010,A0001,2024-08,56000,7,2024-08-01,2024,8,3,-0.8660254037844385,-0.5000000000000004,0,0,3,80000.0,72000.0,99000.0,66666.66666666667,64000.0,69833.33333333333,16653.327995729058,0.9546,9,0,Stable
ST0010,A0001,2024-09,64000,12,2024-09-01,2024,9,3,-1.0,-1.8369701987210294e-16,0,0,3,56000.0,48000.0,76000.0,61333.333333333336,62666.66666666666,66250.0,16653.32799572906,0.9258,9,0,Stable
ST0010,A0001,2024-10,71000,14,2024-10-01,2024,10,4,-0.8660254037844386,0.5000000000000001,0,1,3,64000.0,80000.0,77000.0,66666.66666666667,62833.333333333336,65250.0,12220.20185321557,1.0217,9,0,Stable
ST0010,A0001,2024-11,56000,10,2024-11-01,2024,11,4,-0.5000000000000004,0.8660254037844384,0,1,3,71000.0,56000.0,72000.0,63666.66666666666,65166.66666666666,64750.0,7505.553499465134,0.9833,9,0,Stable
ST0010,A0001,2024-12,52000,11,2024-12-01,2024,12,4,-2.4492935982947064e-16,1.0,0,1,0,56000.0,64000.0,74000.0,63666.66666666666,62500.0,63416.66666666666,7505.5534994651325,1.0039,9,0,Stable
ST0010,A0001,2025-01,45000,7,2025-01-01,2025,1,1,0.4999999999999999,0.8660254037844387,1,0,0,52000.0,71000.0,56000.0,59666.66666666666,63166.66666666666,61583.333333333336,10016.65280087781,0.9689,9,0,Stable
ST0010,A0001,2025-02,38000,9,2025-02-01,2025,2,1,0.8660254037844386,0.5000000000000001,1,0,0,45000.0,56000.0,64000.0,51000.0,57333.333333333336,60666.66666666666,5567.764362830016,0.8406,9,0,Stable
ST0010,A0001,2025-03,33000,8,2025-03-01,2025,3,1,1.0,6.123233995736766e-17,1,0,1,38000.0,52000.0,63000.0,45000.0,54333.333333333336,58500.0,6999.9999999999945,0.7692,9,0,Stable
ST0010,A0001,2025-04,50000,8,2025-04-01,2025,4,2,0.8660254037844387,-0.4999999999999998,0,0,1,33000.0,45000.0,57000.0,38666.66666666666,49166.66666666666,56000.0,6027.713773341701,0.6905,9,0,Stable
ST0010,A0001,2025-05,46000,8,2025-05-01,2025,5,2,0.4999999999999999,-0.8660254037844387,0,0,2,50000.0,38000.0,72000.0,40333.333333333336,45666.66666666666,55416.66666666666,8736.894948054098,0.7278,9,0,Stable
ST0010,A0001,2025-06,38000,8,2025-06-01,2025,6,2,1.2246467991473532e-16,-1.0,0,0,2,46000.0,33000.0,48000.0,43000.0,44000.0,53250.0,8888.194417315583,0.8075,9,0,Stable
ST0010,A0001,2025-07,48000,10,2025-07-01,2025,7,3,-0.4999999999999997,-0.8660254037844388,0,0,2,38000.0,50000.0,80000.0,44666.66666666666,41666.66666666666,52416.66666666666,6110.100926607776,0.8521,9,0,Stable
ST0010,A0001,2025-08,49000,9,2025-08-01,2025,8,3,-0.8660254037844385,-0.5000000000000004,0,0,3,48000.0,46000.0,56000.0,44000.0,42166.66666666666,49750.0,5291.502622129168,0.8844,9,0,Stable
ST0010,A0001,2025-09,47000,10,2025-09-01,2025,9,3,-1.0,-1.8369701987210294e-16,0,0,3,49000.0,38000.0,64000.0,45000.0,44000.0,49166.66666666666,6082.762530298208,0.9152,9,0,Stable
ST0010,A0001,2025-10,53000,12,2025-10-01,2025,10,4,-0.8660254037844386,0.5000000000000001,0,1,3,47000.0,48000.0,71000.0,48000.0,46333.333333333336,47750.0,999.9999999999292,1.0052,9,0,Stable
ST0010,A0001,2025-11,48000,9,2025-11-01,2025,11,4,-0.5000000000000004,0.8660254037844384,0,1,3,53000.0,49000.0,56000.0,49666.66666666666,46833.333333333336,46250.0,3055.0504633038718,1.0739,9,0,Stable
ST0010,A0001,2025-12,58000,11,2025-12-01,2025,12,4,-2.4492935982947064e-16,1.0,0,1,0,48000.0,47000.0,52000.0,49333.333333333336,47166.66666666666,45583.333333333336,3214.550253664298,1.0822,9,0,Stable
ST0011,A0001,2021-01,91000,7,2021-01-01,2021,1,1,0.4999999999999999,0.8660254037844387,1,0,0,162000.0,166000.0,164000.0,155333.33333333334,168666.66666666666,177000.0,15143.755588800794,0.8776,10,0,Stable
ST0011,A0001,2021-02,91000,8,2021-02-01,2021,2,1,0.8660254037844386,0.5000000000000001,1,0,0,91000.0,138000.0,246000.0,130333.33333333331,148333.33333333334,170916.66666666666,36115.55528208497,0.7626,10,0,Stable
ST0011,A0001,2021-03,108000,10,2021-03-01,2021,3,1,1.0,6.123233995736766e-17,1,0,1,91000.0,162000.0,239000.0,114666.66666666669,137500.0,158000.0,40991.86911246346,0.7257,10,0,Stable
ST0011,A0001,2021-04,110000,8,2021-04-01,2021,4,2,0.8660254037844387,-0.4999999999999998,0,0,1,108000.0,91000.0,170000.0,96666.66666666669,126000.0,147083.33333333334,9814.954576223758,0.6572,10,0,Stable
ST0011,A0001,2021-05,101000,9,2021-05-01,2021,5,2,0.4999999999999999,-0.8660254037844387,0,0,2,110000.0,91000.0,147000.0,103000.0,116666.66666666669,142083.33333333334,10440.306508910662,0.7249,10,0,Stable
ST0011,A0001,2021-06,97000,10,2021-06-01,2021,6,2,1.2246467991473532e-16,-1.0,0,0,2,101000.0,108000.0,146000.0,106333.33333333331,110500.0,138250.0,4725.815626252852,0.7691,10,0,Stable
ST0011,A0001,2021-07,136000,11,2021-07-01,2021,7,3,-0.4999999999999997,-0.8660254037844388,0,0,2,97000.0,110000.0,213000.0,102666.66666666669,99666.66666666669,134166.66666666666,6658.328118479567,0.7652,10,0,Stable
ST0011,A0001,2021-08,166000,12,2021-08-01,2021,8,3,-0.8660254037844385,-0.5000000000000004,0,0,3,136000.0,101000.0,156000.0,111333.33333333331,107166.66666666669,127750.0,21455.380055672184,0.8715,10,0,Stable
ST0011,A0001,2021-09,122000,13,2021-09-01,2021,9,3,-1.0,-1.8369701987210294e-16,0,0,3,166000.0,97000.0,177000.0,133000.0,119666.66666666669,128583.33333333331,34597.68778401242,1.0343,10,0,Stable
ST0011,A0001,2021-10,77000,9,2021-10-01,2021,10,4,-0.8660254037844386,0.5000000000000001,0,1,3,122000.0,136000.0,166000.0,141333.33333333334,122000.0,124000.0,22479.620400116542,1.1398,10,0,Stable
ST0011,A0001,2021-11,110000,10,2021-11-01,2021,11,4,-0.5000000000000004,0.8660254037844384,0,1,3,77000.0,166000.0,138000.0,121666.66666666669,116500.0,116583.33333333331,44500.93631973754,1.0436,10,0,Stable
ST0011,A0001,2021-12,120000,12,2021-12-01,2021,12,4,-2.4492935982947064e-16,1.0,0,1,0,110000.0,122000.0,162000.0,103000.0,118000.0,114250.0,23302.360395462143,0.9015,10,0,Stable
ST0011,A0001,2022-01,89000,11,2022-01-01,2022,1,1,0.4999999999999999,0.8660254037844387,1,0,0,120000.0,77000.0,91000.0,102333.33333333331,121833.33333333331,110750.0,22501.851775650288,0.924,10,0,Stable
ST0011,A0001,2022-02,108000,12,2022-02-01,2022,2,1,0.8660254037844386,0.5000000000000001,1,0,0,89000.0,110000.0,91000.0,106333.33333333331,114000.0,110583.33333333331,15821.925715074509,0.9616,10,0,Stable
ST0011,A0001,2022-03,100000,14,2022-03-01,2022,3,1,1.0,6.123233995736766e-17,1,0,1,108000.0,120000.0,108000.0,105666.66666666669,104333.33333333331,112000.0,15631.165450257891,0.9434,10,0,Stable
ST0011,A0001,2022-04,82000,8,2022-04-01,2022,4,2,0.8660254037844387,-0.4999999999999998,0,0,1,100000.0,89000.0,110000.0,99000.0,100666.66666666669,111333.33333333331,9539.392014169598,0.8892,10,0,Stable
ST0011,A0001,2022-05,102000,12,2022-05-01,2022,5,2,0.4999999999999999,-0.8660254037844387,0,0,2,82000.0,108000.0,101000.0,96666.66666666669,101500.0,109000.0,13316.65623695889,0.8868,10,0,Stable
ST0011,A0001,2022-06,104000,13,2022-06-01,2022,6,2,1.2246467991473532e-16,-1.0,0,0,2,102000.0,100000.0,97000.0,94666.66666666669,100166.66666666669,109083.33333333331,11015.14109457233,0.8678,10,0,Stable
ST0011,A0001,2022-07,98000,12,2022-07-01,2022,7,3,-0.4999999999999997,-0.8660254037844388,0,0,2,104000.0,82000.0,136000.0,96000.0,97500.0,109666.66666666669,12165.525060596554,0.8754,10,0,Stable
ST0011,A0001,2022-08,101000,10,2022-08-01,2022,8,3,-0.8660254037844385,-0.5000000000000004,0,0,3,98000.0,102000.0,166000.0,101333.33333333331,99000.0,106500.0,3055.0504633043447,0.9515,10,0,Stable
ST0011,A0001,2022-09,95000,14,2022-09-01,2022,9,3,-1.0,-1.8369701987210294e-16,0,0,3,101000.0,104000.0,122000.0,101000.0,97833.33333333331,101083.33333333331,3000.0000000004597,0.9992,10,0,Stable
ST0011,A0001,2022-10,78000,10,2022-10-01,2022,10,4,-0.8660254037844386,0.5000000000000001,0,1,3,95000.0,98000.0,77000.0,98000.0,97000.0,98833.33333333331,3000.0000000004597,0.9916,10,0,Stable
ST0011,A0001,2022-11,76000,12,2022-11-01,2022,11,4,-0.5000000000000004,0.8660254037844384,0,1,3,78000.0,101000.0,110000.0,91333.33333333331,96333.33333333331,98916.66666666669,11930.353445448967,0.9233,10,0,Stable
ST0011,A0001,2022-12,60000,8,2022-12-01,2022,12,4,-2.4492935982947064e-16,1.0,0,1,0,76000.0,95000.0,120000.0,83000.0,92000.0,96083.33333333331,10440.30650891068,0.8638,10,0,Stable
ST0011,A0001,2023-01,68000,11,2023-01-01,2023,1,1,0.4999999999999999,0.8660254037844387,1,0,0,60000.0,78000.0,89000.0,71333.33333333333,84666.66666666667,91083.33333333331,9865.765724632627,0.7832,10,0,Stable
ST0011,A0001,2023-02,66000,9,2023-02-01,2023,2,1,0.8660254037844386,0.5000000000000001,1,0,0,68000.0,76000.0,108000.0,68000.0,79666.66666666667,89333.33333333333,8000.000000000164,0.7612,10,0,Stable
ST0011,A0001,2023-03,74000,11,2023-03-01,2023,3,1,1.0,6.123233995736766e-17,1,0,1,66000.0,60000.0,100000.0,64666.66666666666,73833.33333333333,85833.33333333333,4163.331998932581,0.7534,10,0,Stable
ST0011,A0001,2023-04,32000,2,2023-04-01,2023,4,2,0.8660254037844387,-0.4999999999999998,0,0,1,74000.0,68000.0,82000.0,69333.33333333333,70333.33333333333,83666.66666666667,4163.331998932584,0.8287,10,0,Stable
ST0011,A0001,2023-05,53000,4,2023-05-01,2023,5,2,0.4999999999999999,-0.8660254037844387,0,0,2,32000.0,66000.0,102000.0,57333.333333333336,62666.66666666666,79500.0,22300.97157823704,0.7212,10,0,Stable
ST0011,A0001,2023-06,67000,5,2023-06-01,2023,6,2,1.2246467991473532e-16,-1.0,0,0,2,53000.0,74000.0,104000.0,53000.0,58833.333333333336,75416.66666666667,21000.000000000065,0.7028,10,0,Stable
ST0011,A0001,2023-07,177000,12,2023-07-01,2023,7,3,-0.4999999999999997,-0.8660254037844388,0,0,2,67000.0,32000.0,98000.0,50666.66666666666,60000.0,72333.33333333333,17616.280348965163,0.7005,10,0,Stable
ST0011,A0001,2023-08,165000,9,2023-08-01,2023,8,3,-0.8660254037844385,-0.5000000000000004,0,0,3,177000.0,53000.0,101000.0,99000.0,78166.66666666667,78916.66666666667,67911.70738539861,1.2545,10,0,Stable
ST0011,A0001,2023-09,112000,8,2023-09-01,2023,9,3,-1.0,-1.8369701987210294e-16,0,0,3,165000.0,67000.0,95000.0,136333.33333333334,94666.66666666669,84250.0,60343.46139668602,1.6182,10,0,Stable
ST0011,A0001,2023-10,116000,9,2023-10-01,2023,10,4,-0.8660254037844386,0.5000000000000001,0,1,3,112000.0,177000.0,78000.0,151333.33333333334,101000.0,85666.66666666667,34588.051886935405,1.7665,10,0,Stable
ST0011,A0001,2023-11,90000,9,2023-11-01,2023,11,4,-0.5000000000000004,0.8660254037844384,0,1,3,116000.0,165000.0,76000.0,131000.0,115000.0,88833.33333333333,29512.709126747453,1.4747,10,0,Stable
ST0011,A0001,2023-12,83000,7,2023-12-01,2023,12,4,-2.4492935982947064e-16,1.0,0,1,0,90000.0,112000.0,60000.0,106000.0,121166.66666666669,90000.0,14000.00000000009,1.1778,10,0,Stable
ST0011,A0001,2024-01,78000,7,2024-01-01,2024,1,1,0.4999999999999999,0.8660254037844387,1,0,0,83000.0,116000.0,68000.0,96333.33333333331,123833.33333333331,91916.66666666669,17387.735140993373,1.048,10,0,Stable
ST0011,A0001,2024-02,84000,5,2024-02-01,2024,2,1,0.8660254037844386,0.5000000000000001,1,0,0,78000.0,90000.0,66000.0,83666.66666666667,107333.33333333331,92750.0,6027.713773341903,0.9021,10,0,Stable
ST0011,A0001,2024-03,75000,6,2024-03-01,2024,3,1,1.0,6.123233995736766e-17,1,0,1,84000.0,83000.0,74000.0,81666.66666666667,93833.33333333331,94250.0,3214.550253664686,0.8665,10,0,Stable
ST0011,A0001,2024-04,77000,8,2024-04-01,2024,4,2,0.8660254037844387,-0.4999999999999998,0,0,1,75000.0,78000.0,32000.0,79000.0,87666.66666666667,94333.33333333331,4582.575694956098,0.8374,10,0,Stable
ST0011,A0001,2024-05,62000,4,2024-05-01,2024,5,2,0.4999999999999999,-0.8660254037844387,0,0,2,77000.0,84000.0,53000.0,78666.66666666667,81166.66666666667,98083.33333333331,4725.81562625286,0.802,10,0,Stable
ST0011,A0001,2024-06,45000,4,2024-06-01,2024,6,2,1.2246467991473532e-16,-1.0,0,0,2,62000.0,75000.0,67000.0,71333.33333333333,76500.0,98833.33333333331,8144.527815247223,0.7217,10,0,Stable
ST0011,A0001,2024-07,60000,4,2024-07-01,2024,7,3,-0.4999999999999997,-0.8660254037844388,0,0,2,45000.0,77000.0,177000.0,61333.333333333336,70166.66666666667,97000.0,16010.413278030512,0.6323,10,0,Stable
ST0011,A0001,2024-08,45000,3,2024-08-01,2024,8,3,-0.8660254037844385,-0.5000000000000004,0,0,3,60000.0,62000.0,165000.0,55666.66666666666,67166.66666666667,87250.0,9291.5732431777,0.638,10,0,Stable
ST0011,A0001,2024-09,73000,5,2024-09-01,2024,9,3,-1.0,-1.8369701987210294e-16,0,0,3,45000.0,45000.0,112000.0,50000.0,60666.66666666666,77250.0,8660.254037844526,0.6472,10,0,Stable
ST0011,A0001,2024-10,50000,5,2024-10-01,2024,10,4,-0.8660254037844386,0.5000000000000001,0,1,3,73000.0,60000.0,116000.0,59333.333333333336,60333.333333333336,74000.0,14011.899704655889,0.8018,10,0,Stable
ST0011,A0001,2024-11,60000,5,2024-11-01,2024,11,4,-0.5000000000000004,0.8660254037844384,0,1,3,50000.0,45000.0,90000.0,56000.0,55833.333333333336,68500.0,14933.18452306816,0.8175,10,0,Stable
ST0011,A0001,2024-12,61000,6,2024-12-01,2024,12,4,-2.4492935982947064e-16,1.0,0,1,0,60000.0,73000.0,83000.0,61000.0,55500.0,66000.0,11532.5625946709,0.9242,10,0,Stable
ST0011,A0001,2025-01,59000,7,2025-01-01,2025,1,1,0.4999999999999999,0.8660254037844387,1,0,0,61000.0,50000.0,78000.0,57000.0,58166.66666666666,64166.66666666666,6082.762530298416,0.8883,10,0,Stable
ST0011,A0001,2025-02,30000,3,2025-02-01,2025,2,1,0.8660254037844386,0.5000000000000001,1,0,0,59000.0,60000.0,84000.0,60000.0,58000.0,62583.333333333336,1000.000000001192,0.9587,10,0,Stable
ST0011,A0001,2025-03,55000,5,2025-03-01,2025,3,1,1.0,6.123233995736766e-17,1,0,1,30000.0,61000.0,75000.0,50000.0,55500.0,58083.333333333336,17349.35157289754,0.8608,10,0,Stable
ST0011,A0001,2025-04,52000,5,2025-04-01,2025,4,2,0.8660254037844387,-0.4999999999999998,0,0,1,55000.0,59000.0,77000.0,48000.0,52500.0,56416.66666666666,15716.233645501788,0.8508,10,0,Stable
ST0011,A0001,2025-05,60000,6,2025-05-01,2025,5,2,0.4999999999999999,-0.8660254037844387,0,0,2,52000.0,30000.0,62000.0,45666.66666666666,52833.333333333336,54333.333333333336,13650.396819628935,0.8405,10,0,Stable
ST0011,A0001,2025-06,50000,5,2025-06-01,2025,6,2,1.2246467991473532e-16,-1.0,0,0,2,60000.0,55000.0,45000.0,55666.66666666666,52833.333333333336,54166.66666666666,4041.45188432768,1.0277,10,0,Stable
ST0011,A0001,2025-07,52000,5,2025-07-01,2025,7,3,-0.4999999999999997,-0.8660254037844388,0,0,2,50000.0,52000.0,60000.0,54000.0,51000.0,54583.333333333336,5291.50262212941,0.9893,10,0,Stable
ST0011,A0001,2025-08,60000,7,2025-08-01,2025,8,3,-0.8660254037844385,-0.5000000000000004,0,0,3,52000.0,60000.0,45000.0,54000.0,49833.333333333336,53916.66666666666,5291.50262212941,1.0015,10,0,Stable
ST0011,A0001,2025-09,65000,6,2025-09-01,2025,9,3,-1.0,-1.8369701987210294e-16,0,0,3,60000.0,50000.0,73000.0,54000.0,54833.333333333336,55166.66666666666,5291.50262212941,0.9788,10,0,Stable
ST0011,A0001,2025-10,68000,9,2025-10-01,2025,10,4,-0.8660254037844386,0.5000000000000001,0,1,3,65000.0,52000.0,50000.0,59000.0,56500.0,54500.0,6557.438524302185,1.0825,10,0,Stable
ST0011,A0001,2025-11,50000,4,2025-11-01,2025,11,4,-0.5000000000000004,0.8660254037844384,0,1,3,68000.0,60000.0,60000.0,64333.333333333336,59166.66666666666,56000.0,4041.451884327679,1.1488,10,0,Stable
ST0011,A0001,2025-12,75000,8,2025-12-01,2025,12,4,-2.4492935982947064e-16,1.0,0,1,0,50000.0,65000.0,61000.0,61000.0,57500.0,55166.66666666666,9643.65076099308,1.1057,10,0,Stable
ST0015,A0001,2023-11,30000,3,2023-11-01,2023,11,4,-0.5000000000000004,0.8660254037844384,0,1,3,15000.0,15000.0,18000.0,15000.0,16666.666666666668,14750.0,0.0,1.0169,14,0,Stable
ST0015,A0001,2023-12,15000,1,2023-12-01,2023,12,4,-2.4492935982947064e-16,1.0,0,1,0,30000.0,15000.0,10000.0,20000.0,20000.0,15750.0,8660.254037844386,1.2698,14,0,Stable
ST0015,A0001,2024-01,15000,1,2024-01-01,2024,1,1,0.4999999999999999,0.8660254037844387,1,0,0,15000.0,15000.0,5000.0,20000.0,17500.0,16166.666666666666,8660.254037844386,1.237,14,0,Stable
ST0015,A0001,2024-02,15000,1,2024-02-01,2024,2,1,0.8660254037844386,0.5000000000000001,1,0,0,15000.0,30000.0,15000.0,20000.0,17500.0,17000.0,8660.254037844386,1.1764,14,0,Stable
ST0015,A0001,2024-06,15000,1,2024-06-01,2024,6,2,1.2246467991473532e-16,-1.0,0,0,2,15000.0,15000.0,15000.0,15000.0,17500.0,17000.0,0.0,0.8823,14,0,Stable
ST0015,A0001,2024-07,10000,1,2024-07-01,2024,7,3,-0.4999999999999997,-0.8660254037844388,0,0,2,15000.0,15000.0,14000.0,15000.0,17500.0,17000.0,0.0,0.8823,14,0,Stable
ST0015,A0001,2024-08,20000,3,2024-08-01,2024,8,3,-0.8660254037844385,-0.5000000000000004,0,0,3,10000.0,15000.0,10000.0,13333.333333333334,16666.666666666668,16666.666666666668,2886.7513459481293,0.8,14,0,Stable
ST0015,A0001,2024-09,30000,3,2024-09-01,2024,9,3,-1.0,-1.8369701987210294e-16,0,0,3,20000.0,15000.0,30000.0,15000.0,15000.0,17500.0,5000.0,0.8571,14,0,Stable
ST0015,A0001,2024-10,15000,2,2024-10-01,2024,10,4,-0.8660254037844386,0.5000000000000001,0,1,3,30000.0,10000.0,15000.0,20000.0,17500.0,17500.0,10000.0,1.1428,14,0,Stable
ST0015,A0001,2024-11,20000,3,2024-11-01,2024,11,4,-0.5000000000000004,0.8660254037844384,0,1,3,15000.0,20000.0,15000.0,21666.666666666668,17500.0,17500.0,7637.626158259734,1.238,14,0,Stable
ST0015,A0001,2024-12,30000,3,2024-12-01,2024,12,4,-2.4492935982947064e-16,1.0,0,1,0,20000.0,30000.0,15000.0,21666.666666666668,18333.33333333333,17916.666666666668,7637.626158259734,1.2092,14,0,Stable
ST0015,A0001,2025-01,20000,3,2025-01-01,2025,1,1,0.4999999999999999,0.8660254037844387,1,0,0,30000.0,15000.0,15000.0,21666.666666666668,20833.33333333333,19166.666666666668,7637.626158259734,1.1304,14,0,Stable
ST0015,A0001,2025-02,20000,3,2025-02-01,2025,2,1,0.8660254037844386,0.5000000000000001,1,0,0,20000.0,20000.0,30000.0,23333.33333333333,22500.0,19583.33333333333,5773.502691896258,1.1914,14,0,Stable
ST0015,A0001,2025-03,20000,3,2025-03-01,2025,3,1,1.0,6.123233995736766e-17,1,0,1,20000.0,30000.0,15000.0,23333.33333333333,22500.0,18750.0,5773.502691896258,1.2444,14,0,Stable
ST0015,A0001,2025-04,31000,3,2025-04-01,2025,4,2,0.8660254037844387,-0.4999999999999998,0,0,1,20000.0,20000.0,15000.0,20000.0,20833.33333333333,19166.666666666668,0.0,1.0434,14,0,Stable
ST0015,A0001,2025-05,21000,3,2025-05-01,2025,5,2,0.4999999999999999,-0.8660254037844387,0,0,2,31000.0,20000.0,15000.0,23666.666666666668,23500.0,20500.0,6350.852961085883,1.1544,14,0,Stable
ST0015,A0001,2025-06,18000,2,2025-06-01,2025,6,2,1.2246467991473532e-16,-1.0,0,0,2,21000.0,20000.0,15000.0,24000.0,23666.666666666668,21000.0,6082.762530298219,1.1428,14,0,Stable
ST0015,A0001,2025-07,27000,3,2025-07-01,2025,7,3,-0.4999999999999997,-0.8660254037844388,0,0,2,18000.0,31000.0,10000.0,23333.33333333333,21666.666666666668,21250.0,6806.859285554045,1.098,14,0,Stable
ST0015,A0001,2025-08,18000,2,2025-08-01,2025,8,3,-0.8660254037844385,-0.5000000000000004,0,0,3,27000.0,21000.0,20000.0,22000.0,22833.33333333333,22666.666666666668,4582.575694955837,0.9705,14,0,Stable
ST0015,A0001,2025-09,16000,2,2025-09-01,2025,9,3,-1.0,-1.8369701987210294e-16,0,0,3,18000.0,18000.0,30000.0,21000.0,22500.0,22500.0,5196.152422706629,0.9333,14,0,Stable
ST0015,A0001,2025-10,22000,4,2025-10-01,2025,10,4,-0.8660254037844386,0.5000000000000001,0,1,3,16000.0,27000.0,15000.0,20333.33333333333,21833.33333333333,21333.33333333333,5859.465277082313,0.9531,14,0,Stable
ST0015,A0001,2025-11,15000,3,2025-11-01,2025,11,4,-0.5000000000000004,0.8660254037844384,0,1,3,22000.0,18000.0,20000.0,18666.666666666668,20333.33333333333,21916.666666666668,3055.050463303887,0.8517,14,0,Stable
ST0015,A0001,2025-12,38000,6,2025-12-01,2025,12,4,-2.4492935982947064e-16,1.0,0,1,0,15000.0,16000.0,30000.0,17666.666666666668,19333.33333333333,21500.0,3785.938897200178,0.8217,14,0,Stable
ST0015,A0002,2024-01,15000,1,2024-01-01,2024,1,1,0.4999999999999999,0.8660254037844387,1,0,0,15000.0,15000.0,18000.0,15000.0,16666.666666666668,20250.0,0.0,0.7407,14,1,Stable
ST0015,A0002,2024-03,15000,2,2024-03-01,2024,3,1,1.0,6.123233995736766e-17,1,0,1,15000.0,15000.0,25000.0,15000.0,14166.666666666666,20000.0,0.0,0.75,14,1,Stable
ST0015,A0002,2024-06,10000,1,2024-06-01,2024,6,2,1.2246467991473532e-16,-1.0,0,0,2,15000.0,15000.0,20000.0,15000.0,15000.0,19166.666666666668,0.0,0.7826,14,1,Stable
ST0015,A0002,2024-07,10000,1,2024-07-01,2024,7,3,-0.4999999999999997,-0.8660254037844388,0,0,2,10000.0,15000.0,20000.0,13333.333333333334,14166.666666666666,18333.33333333333,2886.751345948123,0.7272,14,1,Stable
ST0015,A0002,2024-08,10000,1,2024-08-01,2024,8,3,-0.8660254037844385,-0.5000000000000004,0,0,3,10000.0,15000.0,40000.0,11666.666666666666,13333.333333333334,17500.0,2886.7513459481206,0.6666,14,1,Stable
ST0015,A0002,2024-10,20000,2,2024-10-01,2024,10,4,-0.8660254037844386,0.5000000000000001,0,1,3,10000.0,10000.0,20000.0,10000.0,12500.0,15000.0,0.0,0.6666,14,1,Stable
ST0015,A0002,2024-11,10000,1,2024-11-01,2024,11,4,-0.5000000000000004,0.8660254037844384,0,1,3,20000.0,10000.0,30000.0,13333.333333333334,13333.333333333334,15000.0,5773.502691896255,0.8888,14,1,Stable
ST0015,A0002,2024-12,10000,2,2024-12-01,2024,12,4,-2.4492935982947064e-16,1.0,0,1,0,10000.0,10000.0,10000.0,13333.333333333334,12500.0,13333.333333333334,5773.502691896255,0.9999,14,1,Stable
ST0015,A0002,2025-02,10000,1,2025-02-01,2025,2,1,0.8660254037844386,0.5000000000000001,1,0,0,10000.0,20000.0,15000.0,13333.333333333334,11666.666666666666,13333.333333333334,5773.502691896255,0.9999,14,1,Stable
ST0015,A0002,2025-03,20000,3,2025-03-01,2025,3,1,1.0,6.123233995736766e-17,1,0,1,10000.0,10000.0,15000.0,10000.0,11666.666666666666,12916.666666666666,0.0,0.7741,14,1,Stable
ST0015,A0002,2025-04,10000,1,2025-04-01,2025,4,2,0.8660254037844387,-0.4999999999999998,0,0,1,20000.0,10000.0,15000.0,13333.333333333334,13333.333333333334,13333.333333333334,5773.502691896255,0.9999,14,1,Stable
ST0015,A0002,2025-05,17000,2,2025-05-01,2025,5,2,0.4999999999999999,-0.8660254037844387,0,0,2,10000.0,10000.0,15000.0,13333.333333333334,13333.333333333334,12916.666666666666,5773.502691896255,1.0322,14,1,Stable
ST0015,A0002,2025-06,7000,2,2025-06-01,2025,6,2,1.2246467991473532e-16,-1.0,0,0,2,17000.0,20000.0,15000.0,15666.666666666666,12833.333333333334,13083.333333333334,5131.601439446883,1.1974,14,1,Stable
ST0015,A0002,2025-07,14000,2,2025-07-01,2025,7,3,-0.4999999999999997,-0.8660254037844388,0,0,2,7000.0,10000.0,15000.0,11333.333333333334,12333.333333333334,12416.666666666666,5131.601439446879,0.9127,14,1,Stable
ST0015,A0002,2025-08,14000,2,2025-08-01,2025,8,3,-0.8660254037844385,-0.5000000000000004,0,0,3,14000.0,17000.0,10000.0,12666.666666666666,13000.0,12333.333333333334,5131.601439446881,1.0269,14,1,Stable
ST0015,A0002,2025-09,7000,1,2025-09-01,2025,9,3,-1.0,-1.8369701987210294e-16,0,0,3,14000.0,7000.0,10000.0,11666.666666666666,13666.666666666666,12666.666666666666,4041.451884327375,0.921,14,1,Stable
ST0015,A0002,2025-10,15000,3,2025-10-01,2025,10,4,-0.8660254037844386,0.5000000000000001,0,1,3,7000.0,14000.0,10000.0,11666.666666666666,11500.0,12416.666666666666,4041.451884327375,0.9395,14,1,Stable
ST0015,A0002,2025-11,13000,2,2025-11-01,2025,11,4,-0.5000000000000004,0.8660254037844384,0,1,3,15000.0,14000.0,20000.0,12000.0,12333.333333333334,12833.333333333334,4358.898943540669,0.935,14,1,Stable
ST0015,A0002,2025-12,15000,3,2025-12-01,2025,12,4,-2.4492935982947064e-16,1.0,0,1,0,13000.0,7000.0,10000.0,11666.666666666666,11666.666666666666,12250.0,4163.331998932261,0.9523,14,1,Stable
ST0016,A0001,2021-01,40000,4,2021-01-01,2021,1,1,0.4999999999999999,0.8660254037844387,1,0,0,52000.0,50000.0,39000.0,47333.333333333336,50666.66666666666,54250.0,6429.100507328639,0.8725,15,0,Stable
ST0016,A0001,2021-02,22000,3,2021-02-01,2021,2,1,0.8660254037844386,0.5000000000000001,1,0,0,40000.0,40000.0,80000.0,44000.0,46333.333333333336,54333.333333333336,6928.203230275512,0.8098,15,0,Stable
ST0016,A0001,2021-03,44000,5,2021-03-01,2021,3,1,1.0,6.123233995736766e-17,1,0,1,22000.0,52000.0,111000.0,38000.0,41666.66666666666,49500.0,15099.6688705415,0.7677,15,0,Stable
ST0016,A0001,2021-04,40000,5,2021-04-01,2021,4,2,0.8660254037844387,-0.4999999999999998,0,0,1,44000.0,40000.0,45000.0,35333.333333333336,41333.333333333336,43916.66666666666,11718.930554164632,0.8045,15,0,Stable
ST0016,A0001,2021-05,38000,5,2021-05-01,2021,5,2,0.4999999999999999,-0.8660254037844387,0,0,2,40000.0,22000.0,36000.0,35333.333333333336,39666.66666666666,43500.0,11718.930554164632,0.8122,15,0,Stable
ST0016,A0001,2021-06,44000,5,2021-06-01,2021,6,2,1.2246467991473532e-16,-1.0,0,0,2,38000.0,44000.0,36000.0,40666.66666666666,39333.333333333336,43666.66666666666,3055.05046330389,0.9313,15,0,Stable
ST0016,A0001,2021-07,34000,5,2021-07-01,2021,7,3,-0.4999999999999997,-0.8660254037844388,0,0,2,44000.0,40000.0,66000.0,40666.66666666666,38000.0,44333.333333333336,3055.05046330389,0.9173,15,0,Stable
ST0016,A0001,2021-08,48000,5,2021-08-01,2021,8,3,-0.8660254037844385,-0.5000000000000004,0,0,3,34000.0,38000.0,50000.0,38666.66666666666,37000.0,41666.66666666666,5033.222956847164,0.928,15,0,Stable
ST0016,A0001,2021-09,40000,4,2021-09-01,2021,9,3,-1.0,-1.8369701987210294e-16,0,0,3,48000.0,44000.0,46000.0,42000.0,41333.333333333336,41500.0,7211.102550927976,1.012,15,0,Stable
ST0016,A0001,2021-10,22000,2,2021-10-01,2021,10,4,-0.8660254037844386,0.5000000000000001,0,1,3,40000.0,34000.0,50000.0,40666.66666666666,40666.66666666666,41000.0,7023.76916856849,0.9918,15,0,Stable
ST0016,A0001,2021-11,74000,9,2021-11-01,2021,11,4,-0.5000000000000004,0.8660254037844384,0,1,3,22000.0,48000.0,40000.0,36666.66666666666,37666.66666666666,38666.66666666666,13316.656236958785,0.9483,15,0,Stable
ST0016,A0001,2021-12,44000,5,2021-12-01,2021,12,4,-2.4492935982947064e-16,1.0,0,1,0,74000.0,40000.0,52000.0,45333.333333333336,43666.66666666666,41500.0,26407.069760451148,1.0923,15,0,Stable
ST0016,A0001,2022-01,46000,4,2022-01-01,2022,1,1,0.4999999999999999,0.8660254037844387,1,0,0,44000.0,22000.0,40000.0,46666.66666666666,43666.66666666666,40833.333333333336,26102.36260060253,1.1428,15,0,Stable
ST0016,A0001,2022-02,54000,6,2022-02-01,2022,2,1,0.8660254037844386,0.5000000000000001,1,0,0,46000.0,74000.0,22000.0,54666.66666666666,45666.66666666666,41333.333333333336,16772.99416721217,1.3225,15,0,Stable
ST0016,A0001,2022-03,56000,8,2022-03-01,2022,3,1,1.0,6.123233995736766e-17,1,0,1,54000.0,44000.0,44000.0,48000.0,46666.66666666666,44000.0,5291.502622129193,1.0909,15,0,Stable
ST0016,A0001,2022-04,37000,5,2022-04-01,2022,4,2,0.8660254037844387,-0.4999999999999998,0,0,1,56000.0,46000.0,40000.0,52000.0,49333.333333333336,45000.0,5291.502622129193,1.1555,15,0,Stable
ST0016,A0001,2022-05,34000,4,2022-05-01,2022,5,2,0.4999999999999999,-0.8660254037844387,0,0,2,37000.0,54000.0,38000.0,49000.0,51833.333333333336,44750.0,10440.306508910557,1.0949,15,0,Stable
ST0016,A0001,2022-06,59000,7,2022-06-01,2022,6,2,1.2246467991473532e-16,-1.0,0,0,2,34000.0,56000.0,44000.0,42333.333333333336,45166.66666666666,44416.66666666666,11930.35344544886,0.9531,15,0,Stable
ST0016,A0001,2022-07,52000,5,2022-07-01,2022,7,3,-0.4999999999999997,-0.8660254037844388,0,0,2,59000.0,37000.0,34000.0,43333.333333333336,47666.66666666666,45666.66666666666,13650.396819628852,0.9489,15,0,Stable
ST0016,A0001,2022-08,81000,7,2022-08-01,2022,8,3,-0.8660254037844385,-0.5000000000000004,0,0,3,52000.0,34000.0,48000.0,48333.333333333336,48666.66666666666,47166.66666666666,12897.028081435406,1.0247,15,0,Stable
ST0016,A0001,2022-09,55000,5,2022-09-01,2022,9,3,-1.0,-1.8369701987210294e-16,0,0,3,81000.0,59000.0,40000.0,64000.0,53166.66666666666,49916.66666666666,15132.74595042156,1.2821,15,0,Stable
ST0016,A0001,2022-10,42000,4,2022-10-01,2022,10,4,-0.8660254037844386,0.5000000000000001,0,1,3,55000.0,52000.0,22000.0,62666.66666666666,53000.0,51166.66666666666,15947.831618540917,1.2247,15,0,Stable
ST0016,A0001,2022-11,58000,7,2022-11-01,2022,11,4,-0.5000000000000004,0.8660254037844384,0,1,3,42000.0,81000.0,74000.0,59333.333333333336,53833.333333333336,52833.333333333336,19857.82801147531,1.123,15,0,Stable
ST0016,A0001,2022-12,59000,7,2022-12-01,2022,12,4,-2.4492935982947064e-16,1.0,0,1,0,58000.0,55000.0,44000.0,51666.66666666666,57833.333333333336,51500.0,8504.90054811539,1.0032,15,0,Stable
ST0016,A0001,2023-01,56000,8,2023-01-01,2023,1,1,0.4999999999999999,0.8660254037844387,1,0,0,59000.0,42000.0,46000.0,53000.0,57833.333333333336,52750.0,9539.392014169463,1.0047,15,0,Stable
ST0016,A0001,2023-02,41000,5,2023-02-01,2023,2,1,0.8660254037844386,0.5000000000000001,1,0,0,56000.0,58000.0,54000.0,57666.66666666666,58500.0,53583.333333333336,1527.5252316519848,1.0762,15,0,Stable
ST0016,A0001,2023-03,43000,6,2023-03-01,2023,3,1,1.0,6.123233995736766e-17,1,0,1,41000.0,59000.0,56000.0,52000.0,51833.333333333336,52500.0,9643.65076099296,0.9905,15,0,Stable
ST0016,A0001,2023-04,38000,5,2023-04-01,2023,4,2,0.8660254037844387,-0.4999999999999998,0,0,1,43000.0,56000.0,37000.0,46666.66666666666,49833.333333333336,51416.66666666666,8144.527815247085,0.9076,15,0,Stable
ST0016,A0001,2023-05,57000,5,2023-05-01,2023,5,2,0.4999999999999999,-0.8660254037844387,0,0,2,38000.0,41000.0,34000.0,40666.66666666666,49166.66666666666,51500.0,2516.611478423601,0.7896,15,0,Stable
ST0016,A0001,2023-06,115000,8,2023-06-01,2023,6,2,1.2246467991473532e-16,-1.0,0,0,2,57000.0,43000.0,59000.0,46000.0,49000.0,53416.66666666666,9848.85780179611,0.8611,15,0,Stable
ST0016,A0001,2023-07,119000,7,2023-07-01,2023,7,3,-0.4999999999999997,-0.8660254037844388,0,0,2,115000.0,38000.0,52000.0,70000.0,58333.333333333336,58083.333333333336,40112.34224026316,1.2051,15,0,Stable
ST0016,A0001,2023-08,93000,8,2023-08-01,2023,8,3,-0.8660254037844385,-0.5000000000000004,0,0,3,119000.0,57000.0,81000.0,97000.0,68833.33333333333,63666.66666666666,34698.70314579494,1.5235,15,0,Stable
ST0016,A0001,2023-09,64000,4,2023-09-01,2023,9,3,-1.0,-1.8369701987210294e-16,0,0,3,93000.0,115000.0,55000.0,109000.0,77500.0,64666.66666666666,14000.0,1.6855,15,0,Stable
ST0016,A0001,2023-10,79000,5,2023-10-01,2023,10,4,-0.8660254037844386,0.5000000000000001,0,1,3,64000.0,119000.0,42000.0,92000.0,81000.0,65416.66666666666,27513.632984395208,1.4063,15,0,Stable
ST0016,A0001,2023-11,60000,7,2023-11-01,2023,11,4,-0.5000000000000004,0.8660254037844384,0,1,3,79000.0,93000.0,58000.0,78666.66666666667,87833.33333333333,68500.0,14502.873278538062,1.1484,15,0,Stable
ST0016,A0001,2023-12,60000,4,2023-12-01,2023,12,4,-2.4492935982947064e-16,1.0,0,1,0,60000.0,64000.0,59000.0,67666.66666666667,88333.33333333333,68666.66666666667,10016.652800877817,0.9854,15,0,Stable
ST0016,A0001,2024-01,49000,3,2024-01-01,2024,1,1,0.4999999999999999,0.8660254037844387,1,0,0,60000.0,79000.0,56000.0,66333.33333333333,79166.66666666667,68750.0,10969.655114602892,0.9648,15,0,Stable
ST0016,A0001,2024-02,49000,3,2024-02-01,2024,2,1,0.8660254037844386,0.5000000000000001,1,0,0,49000.0,60000.0,41000.0,56333.333333333336,67500.0,68166.66666666667,6350.852961085876,0.8264,15,0,Stable
ST0016,A0001,2024-03,45000,3,2024-03-01,2024,3,1,1.0,6.123233995736766e-17,1,0,1,49000.0,60000.0,43000.0,52666.66666666666,60166.66666666666,68833.33333333333,6350.852961085872,0.7651,15,0,Stable
ST0016,A0001,2024-04,64000,5,2024-04-01,2024,4,2,0.8660254037844387,-0.4999999999999998,0,0,1,45000.0,49000.0,38000.0,47666.66666666666,57000.0,69000.0,2309.4010767584696,0.6908,15,0,Stable
ST0016,A0001,2024-05,49000,4,2024-05-01,2024,5,2,0.4999999999999999,-0.8660254037844387,0,0,2,64000.0,49000.0,57000.0,52666.66666666666,54500.0,71166.66666666667,10016.652800877806,0.74,15,0,Stable
ST0016,A0001,2024-06,50000,4,2024-06-01,2024,6,2,1.2246467991473532e-16,-1.0,0,0,2,49000.0,45000.0,115000.0,52666.66666666666,52666.66666666666,70500.0,10016.652800877806,0.747,15,0,Stable
ST0016,A0001,2024-07,50000,3,2024-07-01,2024,7,3,-0.4999999999999997,-0.8660254037844388,0,0,2,50000.0,64000.0,119000.0,54333.333333333336,51000.0,65083.333333333336,8386.497083606075,0.8348,15,0,Stable
ST0016,A0001,2024-08,51000,4,2024-08-01,2024,8,3,-0.8660254037844385,-0.5000000000000004,0,0,3,50000.0,49000.0,93000.0,49666.66666666666,51166.66666666666,59333.333333333336,577.350269189536,0.8371,15,0,Stable
ST0016,A0001,2024-09,60000,5,2024-09-01,2024,9,3,-1.0,-1.8369701987210294e-16,0,0,3,51000.0,50000.0,64000.0,50333.333333333336,51500.0,55833.333333333336,577.350269189536,0.9015,15,0,Stable
ST0016,A0001,2024-10,48000,3,2024-10-01,2024,10,4,-0.8660254037844386,0.5000000000000001,0,1,3,60000.0,50000.0,79000.0,53666.66666666666,54000.0,55500.0,5507.570547286094,0.9669,15,0,Stable
ST0016,A0001,2024-11,30000,4,2024-11-01,2024,11,4,-0.5000000000000004,0.8660254037844384,0,1,3,48000.0,51000.0,60000.0,53000.0,51333.333333333336,52916.66666666666,6244.997998398391,1.0016,15,0,Stable
ST0016,A0001,2024-12,60000,4,2024-12-01,2024,12,4,-2.4492935982947064e-16,1.0,0,1,0,30000.0,60000.0,60000.0,46000.0,48166.66666666666,50416.66666666666,15099.668870541496,0.9124,15,0,Stable
ST0016,A0001,2025-01,55000,5,2025-01-01,2025,1,1,0.4999999999999999,0.8660254037844387,1,0,0,60000.0,48000.0,49000.0,46000.0,49833.333333333336,50416.66666666666,15099.668870541496,0.9124,15,0,Stable
ST0016,A0001,2025-02,45000,4,2025-02-01,2025,2,1,0.8660254037844386,0.5000000000000001,1,0,0,55000.0,30000.0,49000.0,48333.333333333336,50666.66666666666,50916.66666666666,16072.751268321588,0.9492,15,0,Stable
ST0016,A0001,2025-03,45000,5,2025-03-01,2025,3,1,1.0,6.123233995736766e-17,1,0,1,45000.0,60000.0,45000.0,53333.333333333336,49666.66666666666,50583.333333333336,7637.626158259724,1.0543,15,0,Stable
ST0016,A0001,2025-04,45000,4,2025-04-01,2025,4,2,0.8660254037844387,-0.4999999999999998,0,0,1,45000.0,55000.0,64000.0,48333.333333333336,47166.66666666666,50583.333333333336,5773.502691896248,0.9555,15,0,Stable
ST0016,A0001,2025-05,51000,5,2025-05-01,2025,5,2,0.4999999999999999,-0.8660254037844387,0,0,2,45000.0,45000.0,49000.0,45000.0,46666.66666666666,49000.0,0.0,0.9183,15,0,Stable
ST0016,A0001,2025-06,47000,5,2025-06-01,2025,6,2,1.2246467991473532e-16,-1.0,0,0,2,51000.0,45000.0,50000.0,47000.0,50166.66666666666,49166.66666666666,3464.1016151377403,0.9559,15,0,Stable
ST0016,A0001,2025-07,50000,6,2025-07-01,2025,7,3,-0.4999999999999997,-0.8660254037844388,0,0,2,47000.0,45000.0,50000.0,47666.66666666666,48000.0,48916.66666666666,3055.0504633038768,0.9744,15,0,Stable
ST0016,A0001,2025-08,43000,6,2025-08-01,2025,8,3,-0.8660254037844385,-0.5000000000000004,0,0,3,50000.0,51000.0,51000.0,49333.333333333336,47166.66666666666,48916.66666666666,2081.665999466109,1.0085,15,0,Stable
ST0016,A0001,2025-09,42000,5,2025-09-01,2025,9,3,-1.0,-1.8369701987210294e-16,0,0,3,43000.0,47000.0,60000.0,46666.66666666666,46833.333333333336,48250.0,3511.884584284232,0.9672,15,0,Stable
ST0016,A0001,2025-10,58000,7,2025-10-01,2025,10,4,-0.8660254037844386,0.5000000000000001,0,1,3,42000.0,50000.0,48000.0,45000.0,46333.333333333336,46750.0,4358.898943540662,0.9625,15,0,Stable
ST0016,A0001,2025-11,46000,6,2025-11-01,2025,11,4,-0.5000000000000004,0.8660254037844384,0,1,3,58000.0,43000.0,30000.0,47666.66666666666,48500.0,47583.333333333336,8962.886439832497,1.0017,15,0,Stable
ST0016,A0001,2025-12,55000,7,2025-12-01,2025,12,4,-2.4492935982947064e-16,1.0,0,1,0,46000.0,42000.0,60000.0,48666.66666666666,47666.66666666666,48916.66666666666,8326.663997864525,0.9949,15,0,Stable
ST0017,A0001,2023-11,8000,1,2023-11-01,2023,11,4,-0.5000000000000004,0.8660254037844384,0,1,3,9000.0,8000.0,5000.0,8333.333333333334,10333.333333333334,8416.666666666666,577.3502691896255,0.99,16,0,Stable
ST0017,A0001,2024-01,8000,1,2024-01-01,2024,1,1,0.4999999999999999,0.8660254037844387,1,0,0,8000.0,8000.0,5000.0,8333.333333333334,10666.666666666666,8666.666666666666,577.3502691896255,0.9614,16,0,Stable
ST0017,A0001,2024-02,8000,1,2024-02-01,2024,2,1,0.8660254037844386,0.5000000000000001,1,0,0,8000.0,9000.0,9000.0,8333.333333333334,8166.666666666667,8916.666666666666,577.3502691896255,0.9345,16,0,Stable
ST0017,A0001,2024-03,8000,1,2024-03-01,2024,3,1,1.0,6.123233995736766e-17,1,0,1,8000.0,8000.0,5000.0,8000.0,8166.666666666667,8833.333333333334,0.0,0.9056,16,0,Stable
ST0017,A0001,2024-04,8000,1,2024-04-01,2024,4,2,0.8660254037844387,-0.4999999999999998,0,0,1,8000.0,8000.0,5000.0,8000.0,8166.666666666667,9083.333333333334,0.0,0.8806,16,0,Stable
ST0017,A0001,2024-05,8000,1,2024-05-01,2024,5,2,0.4999999999999999,-0.8660254037844387,0,0,2,8000.0,8000.0,10000.0,8000.0,8166.666666666667,9333.333333333334,0.0,0.8571,16,0,Stable
ST0017,A0001,2024-06,8000,1,2024-06-01,2024,6,2,1.2246467991473532e-16,-1.0,0,0,2,8000.0,8000.0,6000.0,8000.0,8000.0,9166.666666666666,0.0,0.8726,16,0,Stable
ST0017,A0001,2024-07,8000,1,2024-07-01,2024,7,3,-0.4999999999999997,-0.8660254037844388,0,0,2,8000.0,8000.0,23000.0,8000.0,8000.0,9333.333333333334,0.0,0.8571,16,0,Stable
ST0017,A0001,2024-08,8000,1,2024-08-01,2024,8,3,-0.8660254037844385,-0.5000000000000004,0,0,3,8000.0,8000.0,8000.0,8000.0,8000.0,8083.333333333333,0.0,0.9896,16,0,Stable
ST0017,A0001,2024-09,8000,1,2024-09-01,2024,9,3,-1.0,-1.8369701987210294e-16,0,0,3,8000.0,8000.0,8000.0,8000.0,8000.0,8083.333333333333,0.0,0.9896,16,0,Stable
ST0017,A0001,2024-10,5000,1,2024-10-01,2024,10,4,-0.8660254037844386,0.5000000000000001,0,1,3,8000.0,8000.0,8000.0,8000.0,8000.0,8083.333333333333,0.0,0.9896,16,0,Stable
ST0017,A0001,2024-11,5000,1,2024-11-01,2024,11,4,-0.5000000000000004,0.8660254037844384,0,1,3,5000.0,8000.0,9000.0,7000.0,7500.0,7833.333333333333,1732.0508075688783,0.8935,16,0,Stable
ST0017,A0001,2024-12,5000,1,2024-12-01,2024,12,4,-2.4492935982947064e-16,1.0,0,1,0,5000.0,8000.0,8000.0,6000.0,7000.0,7500.0,1732.0508075688797,0.7999,16,0,Stable
ST0017,A0001,2025-02,5000,1,2025-02-01,2025,2,1,0.8660254037844386,0.5000000000000001,1,0,0,5000.0,5000.0,8000.0,5000.0,6500.0,7250.0,0.0,0.6896,16,0,Stable
ST0017,A0001,2025-03,10000,2,2025-03-01,2025,3,1,1.0,6.123233995736766e-17,1,0,1,5000.0,5000.0,8000.0,5000.0,6000.0,7000.0,0.0,0.7142,16,0,Stable
ST0017,A0001,2025-04,5000,1,2025-04-01,2025,4,2,0.8660254037844387,-0.4999999999999998,0,0,1,10000.0,5000.0,8000.0,6666.666666666667,6333.333333333333,7166.666666666667,2886.7513459481297,0.9301,16,0,Stable
ST0017,A0001,2025-05,10000,2,2025-05-01,2025,5,2,0.4999999999999999,-0.8660254037844387,0,0,2,5000.0,5000.0,8000.0,6666.666666666667,5833.333333333333,6916.666666666667,2886.7513459481297,0.9637,16,0,Stable
ST0017,A0001,2025-06,5000,2,2025-06-01,2025,6,2,1.2246467991473532e-16,-1.0,0,0,2,10000.0,10000.0,8000.0,8333.333333333334,6666.666666666667,7083.333333333333,2886.751345948129,1.1763,16,0,Stable
ST0017,A0001,2025-07,5000,1,2025-07-01,2025,7,3,-0.4999999999999997,-0.8660254037844388,0,0,2,5000.0,5000.0,8000.0,6666.666666666667,6666.666666666667,6833.333333333333,2886.7513459481293,0.9755,16,0,Stable
ST0017,A0001,2025-08,5000,1,2025-08-01,2025,8,3,-0.8660254037844385,-0.5000000000000004,0,0,3,5000.0,10000.0,8000.0,6666.666666666667,6666.666666666667,6583.333333333333,2886.7513459481293,1.0125,16,0,Stable
ST0017,A0001,2025-09,5000,1,2025-09-01,2025,9,3,-1.0,-1.8369701987210294e-16,0,0,3,5000.0,5000.0,8000.0,5000.0,6666.666666666667,6333.333333333333,0.0,0.7893,16,0,Stable
ST0017,A0001,2025-10,10000,2,2025-10-01,2025,10,4,-0.8660254037844386,0.5000000000000001,0,1,3,5000.0,5000.0,8000.0,5000.0,5833.333333333333,6083.333333333333,0.0,0.8218,16,0,Stable
ST0017,A0001,2025-12,10000,2,2025-12-01,2025,12,4,-2.4492935982947064e-16,1.0,0,1,0,10000.0,5000.0,5000.0,6666.666666666667,6666.666666666667,6250.0,2886.7513459481293,1.0665,16,0,Stable
ST0017,A0002,2023-07,35000,3,2023-07-01,2023,7,3,-0.4999999999999997,-0.8660254037844388,0,0,2,72000.0,64000.0,65000.0,59333.333333333336,47500.0,49500.0,15534.906930308058,1.1986,16,1,Stable
ST0017,A0002,2023-08,44000,4,2023-08-01,2023,8,3,-0.8660254037844385,-0.5000000000000004,0,0,3,35000.0,42000.0,49000.0,49666.66666666666,50833.333333333336,47000.0,19655.36398374076,1.0567,16,1,Stable
ST0017,A0002,2023-09,30000,3,2023-09-01,2023,9,3,-1.0,-1.8369701987210294e-16,0,0,3,44000.0,72000.0,44000.0,50333.333333333336,49833.333333333336,46583.333333333336,19295.940851208405,1.0805,16,1,Stable
ST0017,A0002,2023-10,49000,5,2023-10-01,2023,10,4,-0.8660254037844386,0.5000000000000001,0,1,3,30000.0,35000.0,47000.0,36333.333333333336,47833.333333333336,45416.66666666666,7094.598884597593,0.8,16,1,Stable
ST0017,A0002,2023-11,68000,6,2023-11-01,2023,11,4,-0.5000000000000004,0.8660254037844384,0,1,3,49000.0,44000.0,66000.0,41000.0,45333.333333333336,45583.333333333336,9848.857801796108,0.8994,16,1,Stable
ST0017,A0002,2023-12,49000,5,2023-12-01,2023,12,4,-2.4492935982947064e-16,1.0,0,1,0,68000.0,30000.0,38000.0,49000.0,49666.66666666666,45750.0,19000.0,1.071,16,1,Stable
ST0017,A0002,2024-01,41000,3,2024-01-01,2024,1,1,0.4999999999999999,0.8660254037844387,1,0,0,49000.0,49000.0,15000.0,55333.333333333336,45833.333333333336,46666.66666666666,10969.655114602892,1.1857,16,1,Stable
ST0017,A0002,2024-02,94000,6,2024-02-01,2024,2,1,0.8660254037844386,0.5000000000000001,1,0,0,41000.0,68000.0,50000.0,52666.66666666666,46833.333333333336,48833.333333333336,13868.429375143149,1.0785,16,1,Stable
ST0017,A0002,2024-03,62000,5,2024-03-01,2024,3,1,1.0,6.123233995736766e-17,1,0,1,94000.0,49000.0,42000.0,61333.333333333336,55166.66666666666,52500.0,28571.547618799603,1.1682,16,1,Stable
ST0017,A0002,2024-04,54000,6,2024-04-01,2024,4,2,0.8660254037844387,-0.4999999999999998,0,0,1,62000.0,41000.0,64000.0,65666.66666666667,60500.0,54166.66666666666,26689.573494781314,1.2123,16,1,Stable
ST0017,A0002,2024-05,34000,4,2024-05-01,2024,5,2,0.4999999999999999,-0.8660254037844387,0,0,2,54000.0,94000.0,42000.0,70000.0,61333.333333333336,53333.333333333336,21166.01048851672,1.3125,16,1,Stable
ST0017,A0002,2024-06,48000,5,2024-06-01,2024,6,2,1.2246467991473532e-16,-1.0,0,0,2,34000.0,62000.0,72000.0,50000.0,55666.66666666666,52666.66666666666,14422.20510185595,0.9493,16,1,Stable
ST0017,A0002,2024-07,51000,6,2024-07-01,2024,7,3,-0.4999999999999997,-0.8660254037844388,0,0,2,48000.0,54000.0,35000.0,45333.333333333336,55500.0,50666.66666666666,10263.20287889376,0.8947,16,1,Stable
ST0017,A0002,2024-08,60000,6,2024-08-01,2024,8,3,-0.8660254037844385,-0.5000000000000004,0,0,3,51000.0,34000.0,44000.0,44333.333333333336,57166.66666666666,52000.0,9073.771725877456,0.8525,16,1,Stable
ST0017,A0002,2024-09,57000,6,2024-09-01,2024,9,3,-1.0,-1.8369701987210294e-16,0,0,3,60000.0,48000.0,30000.0,53000.0,51500.0,53333.333333333336,6244.997998398381,0.9937,16,1,Stable
ST0017,A0002,2024-10,48000,5,2024-10-01,2024,10,4,-0.8660254037844386,0.5000000000000001,0,1,3,57000.0,51000.0,49000.0,56000.0,50666.66666666666,55583.333333333336,4582.575694955817,1.0075,16,1,Stable
ST0017,A0002,2024-11,28000,3,2024-11-01,2024,11,4,-0.5000000000000004,0.8660254037844384,0,1,3,48000.0,60000.0,68000.0,55000.0,49666.66666666666,55500.0,6244.997998398381,0.991,16,1,Stable
ST0017,A0002,2024-12,38000,4,2024-12-01,2024,12,4,-2.4492935982947064e-16,1.0,0,1,0,28000.0,57000.0,49000.0,44333.333333333336,48666.66666666666,52166.66666666666,14843.629385474873,0.8498,16,1,Stable
ST0017,A0002,2025-01,37000,4,2025-01-01,2025,1,1,0.4999999999999999,0.8660254037844387,1,0,0,38000.0,48000.0,41000.0,38000.0,47000.0,51250.0,9999.999999999993,0.7414,16,1,Stable
ST0017,A0002,2025-02,26000,3,2025-02-01,2025,2,1,0.8660254037844386,0.5000000000000001,1,0,0,37000.0,28000.0,94000.0,34333.333333333336,44666.66666666666,50916.66666666666,5507.570547286088,0.6743,16,1,Stable
ST0017,A0002,2025-03,17000,2,2025-03-01,2025,3,1,1.0,6.123233995736766e-17,1,0,1,26000.0,38000.0,62000.0,33666.666666666664,39000.0,45250.0,6658.32811847938,0.744,16,1,Stable
ST0017,A0002,2025-04,48000,4,2025-04-01,2025,4,2,0.8660254037844387,-0.4999999999999998,0,0,1,17000.0,37000.0,54000.0,26666.666666666668,32333.33333333333,41500.0,10016.652800877802,0.6426,16,1,Stable
ST0017,A0002,2025-05,21000,2,2025-05-01,2025,5,2,0.4999999999999999,-0.8660254037844387,0,0,2,48000.0,26000.0,34000.0,30333.33333333333,32333.33333333333,41000.0,15947.83161854091,0.7398,16,1,Stable
ST0017,A0002,2025-06,29000,4,2025-06-01,2025,6,2,1.2246467991473532e-16,-1.0,0,0,2,21000.0,17000.0,48000.0,28666.666666666668,31166.666666666668,39916.66666666666,16862.186493255645,0.7181,16,1,Stable
ST0017,A0002,2025-07,46000,6,2025-07-01,2025,7,3,-0.4999999999999997,-0.8660254037844388,0,0,2,29000.0,48000.0,51000.0,32666.666666666668,29666.666666666668,38333.333333333336,13868.42937514314,0.8522,16,1,Stable
ST0017,A0002,2025-08,34000,5,2025-08-01,2025,8,3,-0.8660254037844385,-0.5000000000000004,0,0,3,46000.0,21000.0,60000.0,32000.0,31166.666666666668,37916.66666666666,12767.145334803698,0.8439,16,1,Stable
ST0017,A0002,2025-09,21000,4,2025-09-01,2025,9,3,-1.0,-1.8369701987210294e-16,0,0,3,34000.0,29000.0,57000.0,36333.333333333336,32500.0,35750.0,8736.894948054098,1.0163,16,1,Stable
ST0017,A0002,2025-10,36000,5,2025-10-01,2025,10,4,-0.8660254037844386,0.5000000000000001,0,1,3,21000.0,46000.0,48000.0,33666.666666666664,33166.666666666664,32750.0,12503.332889007364,1.028,16,1,Stable
ST0017,A0002,2025-11,16000,3,2025-11-01,2025,11,4,-0.5000000000000004,0.8660254037844384,0,1,3,36000.0,34000.0,28000.0,30333.33333333333,31166.666666666668,31750.0,8144.527815247067,0.9554,16,1,Stable
ST0017,A0002,2025-12,36000,5,2025-12-01,2025,12,4,-2.4492935982947064e-16,1.0,0,1,0,16000.0,21000.0,38000.0,24333.33333333333,30333.33333333333,30750.0,10408.329997330657,0.7913,16,1,Stable
ST0019,A0001,2024-08,10000,1,2024-08-01,2024,8,3,-0.8660254037844385,-0.5000000000000004,0,0,3,20000.0,30000.0,60000.0,20000.0,15000.0,23750.0,10000.000000000002,0.8421,18,0,Stable
ST0019,A0001,2024-09,10000,1,2024-09-01,2024,9,3,-1.0,-1.8369701987210294e-16,0,0,3,10000.0,10000.0,45000.0,13333.333333333334,15000.0,19583.33333333333,5773.502691896262,0.6808,18,0,Stable
ST0019,A0001,2024-10,10000,2,2024-10-01,2024,10,4,-0.8660254037844386,0.5000000000000001,0,1,3,10000.0,20000.0,40000.0,13333.333333333334,15000.0,16666.666666666668,5773.502691896262,0.8,18,0,Stable
ST0019,A0001,2024-11,10000,1,2024-11-01,2024,11,4,-0.5000000000000004,0.8660254037844384,0,1,3,10000.0,10000.0,20000.0,10000.0,15000.0,14166.666666666666,0.0,0.7058,18,0,Stable
ST0019,A0001,2024-12,10000,2,2024-12-01,2024,12,4,-2.4492935982947064e-16,1.0,0,1,0,10000.0,10000.0,20000.0,10000.0,11666.666666666666,13333.333333333334,0.0,0.7499,18,0,Stable
ST0019,A0001,2025-01,10000,2,2025-01-01,2025,1,1,0.4999999999999999,0.8660254037844387,1,0,0,10000.0,10000.0,10000.0,10000.0,11666.666666666666,12500.0,0.0,0.7999,18,0,Stable
ST0019,A0001,2025-02,5000,1,2025-02-01,2025,2,1,0.8660254037844386,0.5000000000000001,1,0,0,10000.0,10000.0,10000.0,10000.0,10000.0,12500.0,0.0,0.7999,18,0,Stable
ST0019,A0001,2025-03,10000,2,2025-03-01,2025,3,1,1.0,6.123233995736766e-17,1,0,1,5000.0,10000.0,10000.0,8333.333333333334,9166.666666666666,12083.333333333334,2886.751345948137,0.6896,18,0,Stable
ST0019,A0001,2025-04,5000,1,2025-04-01,2025,4,2,0.8660254037844387,-0.4999999999999998,0,0,1,10000.0,10000.0,10000.0,8333.333333333334,9166.666666666666,12083.333333333334,2886.751345948137,0.6896,18,0,Stable
ST0019,A0001,2025-05,10000,2,2025-05-01,2025,5,2,0.4999999999999999,-0.8660254037844387,0,0,2,5000.0,5000.0,30000.0,6666.666666666667,8333.333333333334,11666.666666666666,2886.751345948138,0.5714,18,0,Stable
ST0019,A0001,2025-06,5000,1,2025-06-01,2025,6,2,1.2246467991473532e-16,-1.0,0,0,2,10000.0,10000.0,10000.0,8333.333333333334,8333.333333333334,10000.0,2886.751345948137,0.8333,18,0,Stable
ST0019,A0001,2025-07,5000,1,2025-07-01,2025,7,3,-0.4999999999999997,-0.8660254037844388,0,0,2,5000.0,5000.0,20000.0,6666.666666666667,7500.0,9583.333333333334,2886.751345948138,0.6956,18,0,Stable
ST0019,A0001,2025-08,5000,1,2025-08-01,2025,8,3,-0.8660254037844385,-0.5000000000000004,0,0,3,5000.0,10000.0,10000.0,6666.666666666667,6666.666666666667,8333.333333333334,2886.751345948138,0.7999,18,0,Stable
ST0019,A0001,2025-09,5000,1,2025-09-01,2025,9,3,-1.0,-1.8369701987210294e-16,0,0,3,5000.0,5000.0,10000.0,5000.0,6666.666666666667,7916.666666666667,0.0,0.6315,18,0,Stable
ST0019,A0001,2025-10,5000,1,2025-10-01,2025,10,4,-0.8660254037844386,0.5000000000000001,0,1,3,5000.0,5000.0,10000.0,5000.0,5833.333333333333,7500.0,0.0,0.6666,18,0,Stable
ST0019,A0001,2025-11,5000,1,2025-11-01,2025,11,4,-0.5000000000000004,0.8660254037844384,0,1,3,5000.0,5000.0,10000.0,5000.0,5833.333333333333,7083.333333333333,0.0,0.7058,18,0,Stable
ST0019,A0001,2025-12,5000,1,2025-12-01,2025,12,4,-2.4492935982947064e-16,1.0,0,1,0,5000.0,5000.0,10000.0,5000.0,5000.0,6666.666666666667,0.0,0.7499,18,0,Stable
ST0019,A0002,2024-10,5000,1,2024-10-01,2024,10,4,-0.8660254037844386,0.5000000000000001,0,1,3,10000.0,10000.0,10000.0,10000.0,8333.333333333334,7500.0,0.0,1.3332,18,1,Stable
ST0019,A0002,2024-11,10000,2,2024-11-01,2024,11,4,-0.5000000000000004,0.8660254037844384,0,1,3,5000.0,10000.0,10000.0,8333.333333333334,8333.333333333334,7083.333333333333,2886.7513459481293,1.1763,18,1,Stable
ST0019,A0002,2024-12,10000,2,2024-12-01,2024,12,4,-2.4492935982947064e-16,1.0,0,1,0,10000.0,10000.0,5000.0,8333.333333333334,9166.666666666666,7083.333333333333,2886.7513459481293,1.1763,18,1,Stable
ST0019,A0002,2025-01,5000,1,2025-01-01,2025,1,1,0.4999999999999999,0.8660254037844387,1,0,0,10000.0,5000.0,5000.0,8333.333333333334,9166.666666666666,7500.0,2886.7513459481293,1.111,18,1,Stable
ST0019,A0002,2025-02,10000,2,2025-02-01,2025,2,1,0.8660254037844386,0.5000000000000001,1,0,0,5000.0,10000.0,5000.0,8333.333333333334,8333.333333333334,7500.0,2886.7513459481293,1.111,18,1,Stable
ST0019,A0002,2025-03,5000,1,2025-03-01,2025,3,1,1.0,6.123233995736766e-17,1,0,1,10000.0,10000.0,5000.0,8333.333333333334,8333.333333333334,7916.666666666667,2886.7513459481293,1.0525,18,1,Stable
ST0019,A0002,2025-04,10000,2,2025-04-01,2025,4,2,0.8660254037844387,-0.4999999999999998,0,0,1,5000.0,5000.0,5000.0,6666.666666666667,7500.0,7916.666666666667,2886.7513459481297,0.842,18,1,Stable
ST0019,A0002,2025-05,5000,1,2025-05-01,2025,5,2,0.4999999999999999,-0.8660254037844387,0,0,2,10000.0,10000.0,5000.0,8333.333333333334,8333.333333333334,8333.333333333334,2886.7513459481293,0.9999,18,1,Stable
ST0019,A0002,2025-06,5000,1,2025-06-01,2025,6,2,1.2246467991473532e-16,-1.0,0,0,2,5000.0,5000.0,10000.0,6666.666666666667,7500.0,8333.333333333334,2886.7513459481297,0.7999,18,1,Stable
ST0019,A0002,2025-07,5000,1,2025-07-01,2025,7,3,-0.4999999999999997,-0.8660254037844388,0,0,2,5000.0,10000.0,10000.0,6666.666666666667,6666.666666666667,7916.666666666667,2886.7513459481297,0.842,18,1,Stable
ST0019,A0002,2025-08,5000,1,2025-08-01,2025,8,3,-0.8660254037844385,-0.5000000000000004,0,0,3,5000.0,5000.0,10000.0,5000.0,6666.666666666667,7500.0,0.0,0.6666,18,1,Stable
ST0019,A0002,2025-09,5000,1,2025-09-01,2025,9,3,-1.0,-1.8369701987210294e-16,0,0,3,5000.0,5000.0,10000.0,5000.0,5833.333333333333,7083.333333333333,0.0,0.7058,18,1,Stable
ST0019,A0002,2025-10,5000,1,2025-10-01,2025,10,4,-0.8660254037844386,0.5000000000000001,0,1,3,5000.0,5000.0,5000.0,5000.0,5833.333333333333,6666.666666666667,0.0,0.7499,18,1,Stable
ST0019,A0002,2025-11,10000,2,2025-11-01,2025,11,4,-0.5000000000000004,0.8660254037844384,0,1,3,5000.0,5000.0,10000.0,5000.0,5000.0,6666.666666666667,0.0,0.7499,18,1,Stable
ST0019,A0002,2025-12,5000,1,2025-12-01,2025,12,4,-2.4492935982947064e-16,1.0,0,1,0,10000.0,5000.0,10000.0,6666.666666666667,5833.333333333333,6666.666666666667,2886.7513459481297,0.9999,18,1,Stable
ST0020,A0001,2021-02,32000,8,2021-02-01,2021,2,1,0.8660254037844386,0.5000000000000001,1,0,0,36000.0,46000.0,3000.0,42666.66666666666,44166.66666666666,34750.0,5773.502691896252,1.2278,19,0,Stable
ST0020,A0001,2021-03,36000,9,2021-03-01,2021,3,1,1.0,6.123233995736766e-17,1,0,1,32000.0,46000.0,10000.0,38000.0,42166.66666666666,37166.66666666666,7211.102550927973,1.0224,19,0,Stable
ST0020,A0001,2021-04,34000,8,2021-04-01,2021,4,2,0.8660254037844387,-0.4999999999999998,0,0,1,36000.0,36000.0,22000.0,34666.666666666664,40833.333333333336,39333.333333333336,2309.4010767584878,0.8813,19,0,Stable
ST0020,A0001,2021-05,28000,6,2021-05-01,2021,5,2,0.4999999999999999,-0.8660254037844387,0,0,2,34000.0,32000.0,34000.0,34000.0,38333.333333333336,40333.333333333336,1999.9999999999811,0.843,19,0,Stable
ST0020,A0001,2021-06,30000,8,2021-06-01,2021,6,2,1.2246467991473532e-16,-1.0,0,0,2,28000.0,36000.0,36000.0,32666.666666666668,35333.333333333336,39833.333333333336,4163.331998932257,0.8201,19,0,Stable
ST0020,A0001,2021-07,31000,11,2021-07-01,2021,7,3,-0.4999999999999997,-0.8660254037844388,0,0,2,30000.0,34000.0,47000.0,30666.666666666668,32666.666666666668,39333.333333333336,3055.050463303882,0.7796,19,0,Stable
ST0020,A0001,2021-08,43000,11,2021-08-01,2021,8,3,-0.8660254037844385,-0.5000000000000004,0,0,3,31000.0,28000.0,44000.0,29666.666666666668,31833.33333333333,38000.0,1527.525231651925,0.7807,19,0,Stable
ST0020,A0001,2021-09,37000,12,2021-09-01,2021,9,3,-1.0,-1.8369701987210294e-16,0,0,3,43000.0,30000.0,44000.0,34666.666666666664,33666.666666666664,37916.66666666666,7234.178138070231,0.9143,19,0,Stable
ST0020,A0001,2021-10,31000,10,2021-10-01,2021,10,4,-0.8660254037844386,0.5000000000000001,0,1,3,37000.0,31000.0,49000.0,37000.0,33833.333333333336,37333.333333333336,5999.999999999996,0.991,19,0,Stable
ST0020,A0001,2021-11,52000,16,2021-11-01,2021,11,4,-0.5000000000000004,0.8660254037844384,0,1,3,31000.0,43000.0,46000.0,37000.0,33333.333333333336,35833.333333333336,5999.999999999996,1.0325,19,0,Stable
ST0020,A0001,2021-12,43000,12,2021-12-01,2021,12,4,-2.4492935982947064e-16,1.0,0,1,0,52000.0,37000.0,46000.0,40000.0,37333.333333333336,36333.333333333336,10816.653826391968,1.1009,19,0,Stable
ST0020,A0001,2022-01,33000,10,2022-01-01,2022,1,1,0.4999999999999999,0.8660254037844387,1,0,0,43000.0,31000.0,36000.0,42000.0,39500.0,36083.333333333336,10535.653752852735,1.1639,19,0,Stable
ST0020,A0001,2022-02,38000,12,2022-02-01,2022,2,1,0.8660254037844386,0.5000000000000001,1,0,0,33000.0,52000.0,32000.0,42666.66666666666,39833.333333333336,35833.333333333336,9504.384952922166,1.1907,19,0,Stable
ST0020,A0001,2022-03,29000,10,2022-03-01,2022,3,1,1.0,6.123233995736766e-17,1,0,1,38000.0,43000.0,36000.0,38000.0,39000.0,36333.333333333336,4999.999999999992,1.0458,19,0,Stable
ST0020,A0001,2022-04,27000,8,2022-04-01,2022,4,2,0.8660254037844387,-0.4999999999999998,0,0,1,29000.0,33000.0,34000.0,33333.333333333336,37666.66666666666,35750.0,4509.249752822886,0.9324,19,0,Stable
ST0020,A0001,2022-05,26000,8,2022-05-01,2022,5,2,0.4999999999999999,-0.8660254037844387,0,0,2,27000.0,38000.0,28000.0,31333.33333333333,37000.0,35166.666666666664,5859.4652770823095,0.891,19,0,Stable
ST0020,A0001,2022-06,29000,10,2022-06-01,2022,6,2,1.2246467991473532e-16,-1.0,0,0,2,26000.0,29000.0,30000.0,27333.33333333333,32666.666666666668,35000.0,1527.5252316519206,0.7809,19,0,Stable
ST0020,A0001,2022-07,20000,6,2022-07-01,2022,7,3,-0.4999999999999997,-0.8660254037844388,0,0,2,29000.0,27000.0,31000.0,27333.33333333333,30333.33333333333,34916.666666666664,1527.5252316519206,0.7828,19,0,Stable
ST0020,A0001,2022-08,19000,6,2022-08-01,2022,8,3,-0.8660254037844385,-0.5000000000000004,0,0,3,20000.0,26000.0,43000.0,25000.0,28166.666666666668,34000.0,4582.575694955832,0.7353,19,0,Stable
ST0020,A0001,2022-09,24000,8,2022-09-01,2022,9,3,-1.0,-1.8369701987210294e-16,0,0,3,19000.0,29000.0,37000.0,22666.666666666668,25000.0,32000.0,5507.570547286096,0.7083,19,0,Stable
ST0020,A0001,2022-10,14000,5,2022-10-01,2022,10,4,-0.8660254037844386,0.5000000000000001,0,1,3,24000.0,20000.0,31000.0,21000.0,24166.666666666668,30916.666666666668,2645.7513110645773,0.6792,19,0,Stable
ST0020,A0001,2022-11,17000,5,2022-11-01,2022,11,4,-0.5000000000000004,0.8660254037844384,0,1,3,14000.0,19000.0,52000.0,19000.0,22000.0,29500.0,4999.999999999993,0.644,19,0,Stable
ST0020,A0001,2022-12,14000,4,2022-12-01,2022,12,4,-2.4492935982947064e-16,1.0,0,1,0,17000.0,24000.0,43000.0,18333.33333333333,20500.0,26583.33333333333,5131.6014394468775,0.6896,19,0,Stable
ST0020,A0001,2023-01,16000,5,2023-01-01,2023,1,1,0.4999999999999999,0.8660254037844387,1,0,0,14000.0,14000.0,33000.0,15000.0,18000.0,24166.666666666668,1732.0508075688529,0.6207,19,0,Stable
ST0020,A0001,2023-02,10000,3,2023-02-01,2023,2,1,0.8660254037844386,0.5000000000000001,1,0,0,16000.0,17000.0,38000.0,15666.666666666666,17333.333333333332,22750.0,1527.5252316519204,0.6886,19,0,Stable
ST0020,A0001,2023-03,12000,4,2023-03-01,2023,3,1,1.0,6.123233995736766e-17,1,0,1,10000.0,14000.0,29000.0,13333.333333333334,15833.333333333334,20416.666666666668,3055.050463303877,0.653,19,0,Stable
ST0021,A0001,2024-04,45000,3,2024-04-01,2024,4,2,0.8660254037844387,-0.4999999999999998,0,0,1,30000.0,45000.0,16000.0,40000.0,47500.0,50833.333333333336,8660.254037844343,0.7869,20,0,Stable
ST0021,A0001,2024-05,45000,3,2024-05-01,2024,5,2,0.4999999999999999,-0.8660254037844387,0,0,2,45000.0,45000.0,23000.0,40000.0,45000.0,53250.0,8660.254037844343,0.7512,20,0,Stable
ST0021,A0001,2024-06,45000,4,2024-06-01,2024,6,2,1.2246467991473532e-16,-1.0,0,0,2,45000.0,30000.0,78000.0,40000.0,45000.0,55083.333333333336,8660.254037844343,0.7262,20,0,Stable
ST0021,A0001,2024-07,45000,4,2024-07-01,2024,7,3,-0.4999999999999997,-0.8660254037844388,0,0,2,45000.0,45000.0,99000.0,45000.0,42500.0,52333.333333333336,0.0,0.8599,20,0,Stable
ST0021,A0001,2024-08,42000,5,2024-08-01,2024,8,3,-0.8660254037844385,-0.5000000000000004,0,0,3,45000.0,45000.0,79000.0,45000.0,42500.0,47833.333333333336,0.0,0.9407,20,0,Stable
ST0021,A0001,2024-09,40000,6,2024-09-01,2024,9,3,-1.0,-1.8369701987210294e-16,0,0,3,42000.0,45000.0,30000.0,44000.0,42000.0,44750.0,1732.0508075686937,0.9832,20,0,Stable
ST0021,A0001,2024-10,42000,7,2024-10-01,2024,10,4,-0.8660254037844386,0.5000000000000001,0,1,3,40000.0,45000.0,60000.0,42333.333333333336,43666.66666666666,45583.333333333336,2516.611478423447,0.9287,20,0,Stable
ST0021,A0001,2024-11,38000,6,2024-11-01,2024,11,4,-0.5000000000000004,0.8660254037844384,0,1,3,42000.0,42000.0,45000.0,41333.333333333336,43166.66666666666,44083.333333333336,1154.70053837894,0.9376,20,0,Stable
ST0021,A0001,2024-12,36000,6,2024-12-01,2024,12,4,-2.4492935982947064e-16,1.0,0,1,0,38000.0,40000.0,60000.0,40000.0,42000.0,43500.0,1999.999999999811,0.9195,20,0,Stable
ST0021,A0001,2025-01,22000,4,2025-01-01,2025,1,1,0.4999999999999999,0.8660254037844387,1,0,0,36000.0,42000.0,45000.0,38666.66666666666,40500.0,41500.0,3055.050463303763,0.9317,20,0,Stable
ST0021,A0001,2025-02,24000,5,2025-02-01,2025,2,1,0.8660254037844386,0.5000000000000001,1,0,0,22000.0,38000.0,45000.0,32000.0,36666.66666666666,39583.333333333336,8717.79788708129,0.8084,20,0,Stable
ST0021,A0001,2025-03,20000,5,2025-03-01,2025,3,1,1.0,6.123233995736766e-17,1,0,1,24000.0,36000.0,30000.0,27333.33333333333,33666.666666666664,37833.333333333336,7571.87779440029,0.7224,20,0,Stable
ST0021,A0001,2025-04,25000,5,2025-04-01,2025,4,2,0.8660254037844387,-0.4999999999999998,0,0,1,20000.0,22000.0,45000.0,22000.0,30333.33333333333,37000.0,1999.9999999996796,0.5946,20,0,Stable
ST0021,A0001,2025-05,26000,5,2025-05-01,2025,5,2,0.4999999999999999,-0.8660254037844387,0,0,2,25000.0,24000.0,45000.0,23000.0,27500.0,35333.333333333336,2645.751311064354,0.6509,20,0,Stable
ST0021,A0001,2025-06,15000,3,2025-06-01,2025,6,2,1.2246467991473532e-16,-1.0,0,0,2,26000.0,20000.0,45000.0,23666.666666666668,25500.0,33750.0,3214.5502536641266,0.7012,20,0,Stable
ST0021,A0001,2025-07,28000,5,2025-07-01,2025,7,3,-0.4999999999999997,-0.8660254037844388,0,0,2,15000.0,25000.0,45000.0,22000.0,22000.0,31250.0,6082.762530298113,0.704,20,0,Stable
ST0021,A0001,2025-08,30000,5,2025-08-01,2025,8,3,-0.8660254037844385,-0.5000000000000004,0,0,3,28000.0,26000.0,42000.0,23000.0,23000.0,29833.33333333333,6999.99999999991,0.7709,20,0,Stable
ST0021,A0001,2025-09,30000,7,2025-09-01,2025,9,3,-1.0,-1.8369701987210294e-16,0,0,3,30000.0,15000.0,40000.0,24333.33333333333,24000.0,28833.33333333333,8144.527815247002,0.8439,20,0,Stable
ST0021,A0001,2025-10,37000,11,2025-10-01,2025,10,4,-0.8660254037844386,0.5000000000000001,0,1,3,30000.0,28000.0,42000.0,29333.33333333333,25666.666666666668,28000.0,1154.7005383787748,1.0476,20,0,Stable
ST0021,A0001,2025-11,26000,8,2025-11-01,2025,11,4,-0.5000000000000004,0.8660254037844384,0,1,3,37000.0,30000.0,38000.0,32333.33333333333,27666.666666666668,27583.33333333333,4041.4518843272544,1.1722,20,0,Stable
ST0021,A0001,2025-12,30000,6,2025-12-01,2025,12,4,-2.4492935982947064e-16,1.0,0,1,0,26000.0,30000.0,36000.0,31000.0,27666.666666666668,26583.33333333333,5567.764362829927,1.1661,20,0,Stable
ST0026,A0001,2021-01,85000,6,2021-01-01,2021,1,1,0.4999999999999999,0.8660254037844387,1,0,0,149000.0,140000.0,123000.0,133000.0,139166.66666666666,143666.66666666666,20420.57785666216,0.9257,25,0,Stable
ST0026,A0001,2021-02,85000,10,2021-02-01,2021,2,1,0.8660254037844386,0.5000000000000001,1,0,0,85000.0,110000.0,204000.0,114666.66666666669,126500.0,140500.0,32254.198693090108,0.8161,25,0,Stable
ST0026,A0001,2021-03,107000,12,2021-03-01,2021,3,1,1.0,6.123233995736766e-17,1,0,1,85000.0,149000.0,207000.0,106333.33333333331,118000.0,130583.33333333331,36950.417228136095,0.8143,25,0,Stable
ST0026,A0001,2021-04,91000,9,2021-04-01,2021,4,2,0.8660254037844387,-0.4999999999999998,0,0,1,107000.0,85000.0,126000.0,92333.33333333331,112666.66666666669,122250.0,12701.70592217196,0.7553,25,0,Stable
ST0026,A0001,2021-05,82000,7,2021-05-01,2021,5,2,0.4999999999999999,-0.8660254037844387,0,0,2,91000.0,85000.0,121000.0,94333.33333333331,104500.0,119333.33333333331,11372.481406154857,0.7905,25,0,Stable
ST0026,A0001,2021-06,89000,11,2021-06-01,2021,6,2,1.2246467991473532e-16,-1.0,0,0,2,82000.0,107000.0,108000.0,93333.33333333331,99833.33333333331,116083.33333333331,12662.279942148574,0.804,25,0,Stable
ST0026,A0001,2021-07,94000,8,2021-07-01,2021,7,3,-0.4999999999999997,-0.8660254037844388,0,0,2,89000.0,91000.0,161000.0,87333.33333333333,89833.33333333333,114500.0,4725.815626253185,0.7627,25,0,Stable
ST0026,A0001,2021-08,93000,11,2021-08-01,2021,8,3,-0.8660254037844385,-0.5000000000000004,0,0,3,94000.0,82000.0,136000.0,88333.33333333333,91333.33333333331,108916.66666666669,6027.713773342151,0.811,25,0,Stable
ST0026,A0001,2021-09,112000,11,2021-09-01,2021,9,3,-1.0,-1.8369701987210294e-16,0,0,3,93000.0,89000.0,139000.0,92000.0,92666.66666666669,105333.33333333331,2645.751311065517,0.8734,25,0,Stable
ST0026,A0001,2021-10,66000,7,2021-10-01,2021,10,4,-0.8660254037844386,0.5000000000000001,0,1,3,112000.0,94000.0,140000.0,99666.66666666669,93500.0,103083.33333333331,10692.676621563814,0.9668,25,0,Stable
ST0026,A0001,2021-11,110000,11,2021-11-01,2021,11,4,-0.5000000000000004,0.8660254037844384,0,1,3,66000.0,93000.0,110000.0,90333.33333333331,89333.33333333333,96916.66666666669,23115.651263447857,0.9321,25,0,Stable
ST0026,A0001,2021-12,120000,10,2021-12-01,2021,12,4,-2.4492935982947064e-16,1.0,0,1,0,110000.0,112000.0,149000.0,96000.0,94000.0,96916.66666666669,26000.000000000084,0.9905,25,0,Stable
ST0026,A0001,2022-01,85000,6,2022-01-01,2022,1,1,0.4999999999999999,0.8660254037844387,1,0,0,120000.0,66000.0,85000.0,98666.66666666669,99166.66666666669,94500.0,28728.6152352204,1.0441,25,0,Stable
ST0026,A0001,2022-02,119000,9,2022-02-01,2022,2,1,0.8660254037844386,0.5000000000000001,1,0,0,85000.0,110000.0,85000.0,105000.0,97666.66666666669,94500.0,18027.75637732005,1.1111,25,0,Stable
ST0026,A0001,2022-03,92000,10,2022-03-01,2022,3,1,1.0,6.123233995736766e-17,1,0,1,119000.0,120000.0,107000.0,108000.0,102000.0,97333.33333333331,19924.858845171355,1.1096,25,0,Stable
ST0026,A0001,2022-04,95000,8,2022-04-01,2022,4,2,0.8660254037844387,-0.4999999999999998,0,0,1,92000.0,85000.0,91000.0,98666.66666666669,98666.66666666669,96083.33333333331,17953.64401266043,1.0269,25,0,Stable
ST0026,A0001,2022-05,89000,9,2022-05-01,2022,5,2,0.4999999999999999,-0.8660254037844387,0,0,2,95000.0,119000.0,82000.0,102000.0,103500.0,96416.66666666669,14798.648586948875,1.0579,25,0,Stable
ST0026,A0001,2022-06,87000,7,2022-06-01,2022,6,2,1.2246467991473532e-16,-1.0,0,0,2,89000.0,92000.0,89000.0,92000.0,100000.0,97000.0,3000.0000000008604,0.9484,25,0,Stable
ST0026,A0001,2022-07,68000,5,2022-07-01,2022,7,3,-0.4999999999999997,-0.8660254037844388,0,0,2,87000.0,95000.0,94000.0,90333.33333333331,94500.0,96833.33333333331,4163.331998932909,0.9329,25,0,Stable
ST0026,A0001,2022-08,78000,5,2022-08-01,2022,8,3,-0.8660254037844385,-0.5000000000000004,0,0,3,68000.0,89000.0,93000.0,81333.33333333333,91666.66666666669,94666.66666666669,11590.225767142749,0.8591,25,0,Stable
ST0026,A0001,2022-09,74000,7,2022-09-01,2022,9,3,-1.0,-1.8369701987210294e-16,0,0,3,78000.0,87000.0,112000.0,77666.66666666667,84833.33333333333,93416.66666666669,9504.384952922526,0.8314,25,0,Stable
ST0026,A0001,2022-10,60000,9,2022-10-01,2022,10,4,-0.8660254037844386,0.5000000000000001,0,1,3,74000.0,68000.0,66000.0,73333.33333333333,81833.33333333333,90250.0,5033.22295684789,0.8125,25,0,Stable
ST0026,A0001,2022-11,52000,5,2022-11-01,2022,11,4,-0.5000000000000004,0.8660254037844384,0,1,3,60000.0,78000.0,110000.0,70666.66666666667,76000.0,89750.0,9451.631252505616,0.7874,25,0,Stable
ST0026,A0001,2022-12,70000,5,2022-12-01,2022,12,4,-2.4492935982947064e-16,1.0,0,1,0,52000.0,74000.0,120000.0,62000.0,69833.33333333333,84916.66666666667,11135.528725660426,0.7301,25,0,Stable
ST0026,A0001,2023-01,28000,3,2023-01-01,2023,1,1,0.4999999999999999,0.8660254037844387,1,0,0,70000.0,60000.0,85000.0,60666.66666666666,67000.0,80750.0,9018.499505646269,0.7513,25,0,Stable
ST0026,A0001,2023-02,59000,5,2023-02-01,2023,2,1,0.8660254037844386,0.5000000000000001,1,0,0,28000.0,52000.0,119000.0,50000.0,60333.333333333336,76000.0,21071.30750570571,0.6579,25,0,Stable
ST0026,A0001,2023-03,69000,6,2023-03-01,2023,3,1,1.0,6.123233995736766e-17,1,0,1,59000.0,70000.0,92000.0,52333.333333333336,57166.66666666666,71000.0,21779.1949652264,0.7371,25,0,Stable
ST0026,A0001,2023-04,50000,5,2023-04-01,2023,4,2,0.8660254037844387,-0.4999999999999998,0,0,1,69000.0,28000.0,95000.0,52000.0,56333.333333333336,69083.33333333333,21377.558326432176,0.7527,25,0,Stable
ST0026,A0001,2023-05,45000,3,2023-05-01,2023,5,2,0.4999999999999999,-0.8660254037844387,0,0,2,50000.0,59000.0,89000.0,59333.333333333336,54666.66666666666,65333.333333333336,9504.384952922634,0.9081,25,0,Stable
ST0026,A0001,2023-06,123000,8,2023-06-01,2023,6,2,1.2246467991473532e-16,-1.0,0,0,2,45000.0,69000.0,87000.0,54666.66666666666,53500.0,61666.66666666666,12662.279942148758,0.8865,25,0,Stable
ST0026,A0001,2023-07,153000,10,2023-07-01,2023,7,3,-0.4999999999999997,-0.8660254037844388,0,0,2,123000.0,50000.0,68000.0,72666.66666666667,62333.333333333336,64666.66666666666,43661.57731156011,1.1237,25,0,Stable
ST0026,A0001,2023-08,132000,10,2023-08-01,2023,8,3,-0.8660254037844385,-0.5000000000000004,0,0,3,153000.0,45000.0,78000.0,107000.0,83166.66666666667,71750.0,55749.43945906545,1.4913,25,0,Stable
ST0026,A0001,2023-09,104000,7,2023-09-01,2023,9,3,-1.0,-1.8369701987210294e-16,0,0,3,132000.0,123000.0,74000.0,136000.0,95333.33333333331,76250.0,15394.804318340644,1.7836,25,0,Stable
ST0026,A0001,2023-10,92000,7,2023-10-01,2023,10,4,-0.8660254037844386,0.5000000000000001,0,1,3,104000.0,153000.0,60000.0,129666.66666666669,101166.66666666669,78750.0,24583.19208998973,1.6465,25,0,Stable
ST0026,A0001,2023-11,93000,4,2023-11-01,2023,11,4,-0.5000000000000004,0.8660254037844384,0,1,3,92000.0,132000.0,52000.0,109333.33333333331,108166.66666666669,81416.66666666667,20526.405757787605,1.3429,25,0,Stable
ST0026,A0001,2023-12,81000,5,2023-12-01,2023,12,4,-2.4492935982947064e-16,1.0,0,1,0,93000.0,104000.0,70000.0,96333.33333333331,116166.66666666669,84833.33333333333,6658.328118479717,1.1355,25,0,Stable
ST0026,A0001,2024-01,72000,7,2024-01-01,2024,1,1,0.4999999999999999,0.8660254037844387,1,0,0,81000.0,92000.0,28000.0,88666.66666666667,109166.66666666669,85750.0,6658.328118479782,1.034,25,0,Stable
ST0026,A0001,2024-02,42000,3,2024-02-01,2024,2,1,0.8660254037844386,0.5000000000000001,1,0,0,72000.0,93000.0,59000.0,82000.0,95666.66666666669,89416.66666666667,10535.653752853024,0.917,25,0,Stable
ST0026,A0001,2024-03,63000,5,2024-03-01,2024,3,1,1.0,6.123233995736766e-17,1,0,1,42000.0,81000.0,69000.0,65000.0,80666.66666666667,88000.0,20420.57785666233,0.7386,25,0,Stable
ST0026,A0001,2024-04,60000,5,2024-04-01,2024,4,2,0.8660254037844387,-0.4999999999999998,0,0,1,63000.0,72000.0,50000.0,59000.0,73833.33333333333,87500.0,15394.804318340934,0.6743,25,0,Stable
ST0026,A0001,2024-05,75000,5,2024-05-01,2024,5,2,0.4999999999999999,-0.8660254037844387,0,0,2,60000.0,42000.0,45000.0,55000.0,68500.0,88333.33333333333,11357.816691600949,0.6226,25,0,Stable
ST0026,A0001,2024-06,53000,3,2024-06-01,2024,6,2,1.2246467991473532e-16,-1.0,0,0,2,75000.0,63000.0,123000.0,66000.0,65500.0,90833.33333333331,7937.253933194263,0.7266,25,0,Stable
ST0026,A0001,2024-07,93000,6,2024-07-01,2024,7,3,-0.4999999999999997,-0.8660254037844388,0,0,2,53000.0,60000.0,153000.0,62666.66666666666,60833.333333333336,85000.0,11239.810200058608,0.7372,25,0,Stable
ST0026,A0001,2024-08,61000,5,2024-08-01,2024,8,3,-0.8660254037844385,-0.5000000000000004,0,0,3,93000.0,75000.0,132000.0,73666.66666666667,64333.333333333336,80000.0,20033.3056017558,0.9208,25,0,Stable
ST0026,A0001,2024-09,60000,5,2024-09-01,2024,9,3,-1.0,-1.8369701987210294e-16,0,0,3,61000.0,53000.0,104000.0,69000.0,67500.0,74083.33333333333,21166.010488516906,0.9314,25,0,Stable
ST0026,A0001,2024-10,69000,4,2024-10-01,2024,10,4,-0.8660254037844386,0.5000000000000001,0,1,3,60000.0,93000.0,92000.0,71333.33333333333,67000.0,70416.66666666667,18770.54430040164,1.013,25,0,Stable
ST0026,A0001,2024-11,73000,5,2024-11-01,2024,11,4,-0.5000000000000004,0.8660254037844384,0,1,3,69000.0,61000.0,93000.0,63333.333333333336,68500.0,68500.0,4932.8828623170775,0.9246,25,0,Stable
ST0026,A0001,2024-12,52000,6,2024-12-01,2024,12,4,-2.4492935982947064e-16,1.0,0,1,0,73000.0,60000.0,81000.0,67333.33333333333,68166.66666666667,66833.33333333333,6658.328118479973,1.0075,25,0,Stable
ST0026,A0001,2025-01,66000,5,2025-01-01,2025,1,1,0.4999999999999999,0.8660254037844387,1,0,0,52000.0,69000.0,72000.0,64666.66666666666,68000.0,64416.66666666666,11150.48578911885,1.0039,25,0,Stable
ST0026,A0001,2025-02,45000,5,2025-02-01,2025,2,1,0.8660254037844386,0.5000000000000001,1,0,0,66000.0,73000.0,42000.0,63666.66666666666,63500.0,63916.66666666666,10692.67662156401,0.9961,25,0,Stable
ST0026,A0001,2025-03,29000,3,2025-03-01,2025,3,1,1.0,6.123233995736766e-17,1,0,1,45000.0,52000.0,63000.0,54333.333333333336,60833.333333333336,64166.66666666666,10692.67662156406,0.8467,25,0,Stable
ST0026,A0001,2025-04,45000,6,2025-04-01,2025,4,2,0.8660254037844387,-0.4999999999999998,0,0,1,29000.0,66000.0,60000.0,46666.66666666666,55666.66666666666,61333.333333333336,18556.220879622648,0.7609,25,0,Stable
ST0026,A0001,2025-05,41000,5,2025-05-01,2025,5,2,0.4999999999999999,-0.8660254037844387,0,0,2,45000.0,45000.0,75000.0,39666.66666666666,51666.66666666666,60083.333333333336,9237.604307034608,0.6602,25,0,Stable
ST0026,A0001,2025-06,44000,4,2025-06-01,2025,6,2,1.2246467991473532e-16,-1.0,0,0,2,41000.0,29000.0,53000.0,38333.333333333336,46333.333333333336,57250.0,8326.663997865202,0.6696,25,0,Stable
ST0026,A0001,2025-07,50000,6,2025-07-01,2025,7,3,-0.4999999999999997,-0.8660254037844388,0,0,2,44000.0,45000.0,93000.0,43333.333333333336,45000.0,56500.0,2081.665999468676,0.7669,25,0,Stable
ST0026,A0001,2025-08,41000,6,2025-08-01,2025,8,3,-0.8660254037844385,-0.5000000000000004,0,0,3,50000.0,41000.0,61000.0,45000.0,42333.333333333336,52916.66666666666,4582.575694956975,0.8504,25,0,Stable
ST0026,A0001,2025-09,43000,6,2025-09-01,2025,9,3,-1.0,-1.8369701987210294e-16,0,0,3,41000.0,44000.0,60000.0,45000.0,41666.66666666666,51250.0,4582.575694956975,0.878,25,0,Stable
ST0026,A0001,2025-10,54000,7,2025-10-01,2025,10,4,-0.8660254037844386,0.5000000000000001,0,1,3,43000.0,50000.0,69000.0,44666.66666666666,44000.0,49833.333333333336,4725.815626253713,0.8963,25,0,Stable
ST0026,A0001,2025-11,31000,4,2025-11-01,2025,11,4,-0.5000000000000004,0.8660254037844384,0,1,3,54000.0,41000.0,73000.0,46000.0,45500.0,48583.333333333336,7000.000000000737,0.9468,25,0,Stable
ST0026,A0001,2025-12,52000,4,2025-12-01,2025,12,4,-2.4492935982947064e-16,1.0,0,1,0,31000.0,43000.0,52000.0,42666.66666666666,43833.333333333336,45083.333333333336,11503.622617825398,0.9464,25,0,Stable
ST0026,A0002,2021-01,17000,4,2021-01-01,2021,1,1,0.4999999999999999,0.8660254037844387,1,0,0,37000.0,30000.0,16000.0,30000.0,25500.0,21833.33333333333,7000.000000000001,1.374,25,1,Stable
ST0026,A0002,2021-02,21000,9,2021-02-01,2021,2,1,0.8660254037844386,0.5000000000000001,1,0,0,17000.0,23000.0,17000.0,25666.666666666668,25000.0,21916.666666666668,10263.20287889377,1.171,25,1,Stable
ST0026,A0002,2021-03,27000,10,2021-03-01,2021,3,1,1.0,6.123233995736766e-17,1,0,1,21000.0,37000.0,20000.0,25000.0,25166.666666666668,22250.0,10583.005244258364,1.1235,25,1,Stable
ST0026,A0002,2021-04,22000,7,2021-04-01,2021,4,2,0.8660254037844387,-0.4999999999999998,0,0,1,27000.0,17000.0,21000.0,21666.666666666668,25833.33333333333,22833.33333333333,5033.222956847169,0.9489,25,1,Stable
ST0026,A0002,2021-05,21000,7,2021-05-01,2021,5,2,0.4999999999999999,-0.8660254037844387,0,0,2,22000.0,21000.0,18000.0,23333.33333333333,24500.0,22916.666666666668,3214.550253664321,1.0181,25,1,Stable
ST0026,A0002,2021-06,21000,6,2021-06-01,2021,6,2,1.2246467991473532e-16,-1.0,0,0,2,21000.0,27000.0,17000.0,23333.33333333333,24166.666666666668,23166.666666666668,3214.550253664321,1.0072,25,1,Stable
ST0026,A0002,2021-07,23000,6,2021-07-01,2021,7,3,-0.4999999999999997,-0.8660254037844388,0,0,2,21000.0,22000.0,20000.0,21333.33333333333,21500.0,23500.0,577.35026918964,0.9078,25,1,Stable
ST0026,A0002,2021-08,28000,9,2021-08-01,2021,8,3,-0.8660254037844385,-0.5000000000000004,0,0,3,23000.0,21000.0,20000.0,21666.666666666668,22500.0,23750.0,1154.7005383792578,0.9122,25,1,Stable
ST0026,A0002,2021-09,27000,9,2021-09-01,2021,9,3,-1.0,-1.8369701987210294e-16,0,0,3,28000.0,21000.0,23000.0,24000.0,23666.666666666668,24416.666666666668,3605.5512754639913,0.9829,25,1,Stable
ST0026,A0002,2021-10,15000,4,2021-10-01,2021,10,4,-0.8660254037844386,0.5000000000000001,0,1,3,27000.0,23000.0,30000.0,26000.0,23666.666666666668,24750.0,2645.751311064593,1.0505,25,1,Stable
ST0026,A0002,2021-11,29000,6,2021-11-01,2021,11,4,-0.5000000000000004,0.8660254037844384,0,1,3,15000.0,28000.0,23000.0,23333.33333333333,22500.0,23500.0,7234.178138070236,0.9929,25,1,Stable
ST0026,A0002,2021-12,34000,8,2021-12-01,2021,12,4,-2.4492935982947064e-16,1.0,0,1,0,29000.0,27000.0,37000.0,23666.666666666668,23833.33333333333,24000.0,7571.877794400365,0.9861,25,1,Stable
ST0026,A0002,2022-01,21000,5,2022-01-01,2022,1,1,0.4999999999999999,0.8660254037844387,1,0,0,34000.0,15000.0,17000.0,26000.0,26000.0,23750.0,9848.857801796104,1.0947,25,1,Stable
ST0026,A0002,2022-02,29000,5,2022-02-01,2022,2,1,0.8660254037844386,0.5000000000000001,1,0,0,21000.0,29000.0,21000.0,28000.0,25666.666666666668,24083.33333333333,6557.438524302001,1.1626,25,1,Stable
ST0026,A0002,2022-03,6000,3,2022-03-01,2022,3,1,1.0,6.123233995736766e-17,1,0,1,29000.0,34000.0,27000.0,28000.0,25833.33333333333,24750.0,6557.438524302001,1.1313,25,1,Stable
ST0026,A0002,2022-04,23000,2,2022-04-01,2022,4,2,0.8660254037844387,-0.4999999999999998,0,0,1,6000.0,21000.0,22000.0,18666.666666666668,22333.33333333333,23000.0,11676.18659209133,0.8116,25,1,Stable
ST0026,A0002,2022-05,26000,5,2022-05-01,2022,5,2,0.4999999999999999,-0.8660254037844387,0,0,2,23000.0,29000.0,21000.0,19333.33333333333,23666.666666666668,23083.33333333333,11930.353445448854,0.8375,25,1,Stable
ST0026,A0002,2022-06,45000,5,2022-06-01,2022,6,2,1.2246467991473532e-16,-1.0,0,0,2,26000.0,6000.0,21000.0,18333.33333333333,23166.666666666668,23500.0,10785.793124908958,0.7801,25,1,Stable
ST0026,A0002,2022-07,20000,4,2022-07-01,2022,7,3,-0.4999999999999997,-0.8660254037844388,0,0,2,45000.0,23000.0,23000.0,31333.33333333333,25000.0,25500.0,11930.353445448854,1.2287,25,1,Stable
ST0026,A0002,2022-08,27000,5,2022-08-01,2022,8,3,-0.8660254037844385,-0.5000000000000004,0,0,3,20000.0,26000.0,28000.0,30333.33333333333,24833.33333333333,25250.0,13051.181300301265,1.2013,25,1,Stable
ST0026,A0002,2022-09,25000,6,2022-09-01,2022,9,3,-1.0,-1.8369701987210294e-16,0,0,3,27000.0,45000.0,27000.0,30666.666666666668,24500.0,25166.666666666668,12897.028081435405,1.2185,25,1,Stable
ST0026,A0002,2022-10,25000,5,2022-10-01,2022,10,4,-0.8660254037844386,0.5000000000000001,0,1,3,25000.0,20000.0,15000.0,24000.0,27666.666666666668,25000.0,3605.5512754639976,0.96,25,1,Stable
ST0026,A0002,2022-11,20000,3,2022-11-01,2022,11,4,-0.5000000000000004,0.8660254037844384,0,1,3,25000.0,27000.0,29000.0,25666.666666666668,28000.0,25833.33333333333,1154.7005383792775,0.9935,25,1,Stable
ST0026,A0002,2022-12,25000,5,2022-12-01,2022,12,4,-2.4492935982947064e-16,1.0,0,1,0,20000.0,25000.0,34000.0,23333.33333333333,27000.0,25083.33333333333,2886.751345948139,0.9302,25,1,Stable
ST0026,A0002,2023-01,19000,3,2023-01-01,2023,1,1,0.4999999999999999,0.8660254037844387,1,0,0,25000.0,25000.0,21000.0,23333.33333333333,23666.666666666668,24333.33333333333,2886.751345948139,0.9589,25,1,Stable
ST0026,A0002,2023-02,16000,4,2023-02-01,2023,2,1,0.8660254037844386,0.5000000000000001,1,0,0,19000.0,20000.0,29000.0,21333.33333333333,23500.0,24166.666666666668,3214.550253664326,0.8827,25,1,Stable
ST0026,A0002,2023-03,31000,6,2023-03-01,2023,3,1,1.0,6.123233995736766e-17,1,0,1,16000.0,25000.0,6000.0,20000.0,21666.666666666668,23083.33333333333,4582.575694955846,0.8664,25,1,Stable
ST0026,A0002,2023-04,17000,4,2023-04-01,2023,4,2,0.8660254037844387,-0.4999999999999998,0,0,1,31000.0,19000.0,23000.0,22000.0,22666.666666666668,25166.666666666668,7937.253933193775,0.8741,25,1,Stable
ST0026,A0002,2023-05,15000,3,2023-05-01,2023,5,2,0.4999999999999999,-0.8660254037844387,0,0,2,17000.0,16000.0,26000.0,21333.33333333333,21333.33333333333,24666.666666666668,8386.497083606086,0.8648,25,1,Stable
ST0026,A0002,2023-06,14000,4,2023-06-01,2023,6,2,1.2246467991473532e-16,-1.0,0,0,2,15000.0,31000.0,45000.0,21000.0,20500.0,23750.0,8717.797887081351,0.8842,25,1,Stable
ST0026,A0002,2023-07,24000,4,2023-07-01,2023,7,3,-0.4999999999999997,-0.8660254037844388,0,0,2,14000.0,17000.0,20000.0,15333.333333333334,18666.666666666668,21166.666666666668,1527.5252316519664,0.7244,25,1,Stable
ST0026,A0002,2023-08,16000,2,2023-08-01,2023,8,3,-0.8660254037844385,-0.5000000000000004,0,0,3,24000.0,15000.0,27000.0,17666.666666666668,19500.0,21500.0,5507.570547286107,0.8217,25,1,Stable
ST0026,A0002,2023-09,16000,2,2023-09-01,2023,9,3,-1.0,-1.8369701987210294e-16,0,0,3,16000.0,14000.0,25000.0,18000.0,19500.0,20583.33333333333,5291.502622129186,0.8745,25,1,Stable
ST0026,A0002,2023-10,16000,2,2023-10-01,2023,10,4,-0.8660254037844386,0.5000000000000001,0,1,3,16000.0,24000.0,25000.0,18666.666666666668,17000.0,19833.33333333333,4618.802153517012,0.9411,25,1,Stable
ST0026,A0002,2023-11,19000,2,2023-11-01,2023,11,4,-0.5000000000000004,0.8660254037844384,0,1,3,16000.0,16000.0,20000.0,16000.0,16833.333333333332,19083.33333333333,0.0,0.8384,25,1,Stable
ST0026,A0002,2023-12,20000,3,2023-12-01,2023,12,4,-2.4492935982947064e-16,1.0,0,1,0,19000.0,16000.0,25000.0,17000.0,17500.0,19000.0,1732.0508075688929,0.8947,25,1,Stable
ST0026,A0002,2024-01,12000,2,2024-01-01,2024,1,1,0.4999999999999999,0.8660254037844387,1,0,0,20000.0,16000.0,19000.0,18333.33333333333,18500.0,18583.33333333333,2081.665999466141,0.9865,25,1,Stable
ST0026,A0002,2024-02,24000,4,2024-02-01,2024,2,1,0.8660254037844386,0.5000000000000001,1,0,0,12000.0,19000.0,16000.0,17000.0,16500.0,18000.0,4358.898943540679,0.9444,25,1,Stable
ST0026,A0002,2024-03,8000,1,2024-03-01,2024,3,1,1.0,6.123233995736766e-17,1,0,1,24000.0,20000.0,31000.0,18666.666666666668,17833.333333333332,18666.666666666668,6110.100926607789,0.9999,25,1,Stable
ST0026,A0002,2024-05,16000,2,2024-05-01,2024,5,2,0.4999999999999999,-0.8660254037844387,0,0,2,8000.0,12000.0,17000.0,14666.666666666666,16500.0,16750.0,8326.663997864536,0.8756,25,1,Stable
ST0026,A0002,2024-06,16000,2,2024-06-01,2024,6,2,1.2246467991473532e-16,-1.0,0,0,2,16000.0,24000.0,15000.0,16000.0,16500.0,16666.666666666668,8000.000000000005,0.9599,25,1,Stable
ST0026,A0002,2024-07,16000,3,2024-07-01,2024,7,3,-0.4999999999999997,-0.8660254037844388,0,0,2,16000.0,8000.0,14000.0,13333.333333333334,16000.0,16750.0,4618.802153517017,0.796,25,1,Stable
ST0026,A0002,2024-08,16000,2,2024-08-01,2024,8,3,-0.8660254037844385,-0.5000000000000004,0,0,3,16000.0,16000.0,24000.0,16000.0,15333.333333333334,16916.666666666668,0.0,0.9458,25,1,Stable
ST0026,A0002,2024-09,16000,3,2024-09-01,2024,9,3,-1.0,-1.8369701987210294e-16,0,0,3,16000.0,16000.0,16000.0,16000.0,16000.0,16250.0,0.0,0.9846,25,1,Stable
ST0026,A0002,2024-10,13000,2,2024-10-01,2024,10,4,-0.8660254037844386,0.5000000000000001,0,1,3,16000.0,16000.0,16000.0,16000.0,14666.666666666666,16250.0,0.0,0.9846,25,1,Stable
ST0026,A0002,2024-11,20000,4,2024-11-01,2024,11,4,-0.5000000000000004,0.8660254037844384,0,1,3,13000.0,16000.0,16000.0,15000.0,15500.0,16000.0,1732.0508075689022,0.9374,25,1,Stable
ST0026,A0002,2024-12,20000,5,2024-12-01,2024,12,4,-2.4492935982947064e-16,1.0,0,1,0,20000.0,16000.0,19000.0,16333.333333333334,16166.666666666666,16333.333333333334,3511.884584284256,0.9999,25,1,Stable
ST0026,A0002,2025-01,17000,3,2025-01-01,2025,1,1,0.4999999999999999,0.8660254037844387,1,0,0,20000.0,13000.0,20000.0,17666.666666666668,16833.333333333332,16416.666666666668,4041.451884327387,1.0761,25,1,Stable
ST0026,A0002,2025-02,14000,5,2025-02-01,2025,2,1,0.8660254037844386,0.5000000000000001,1,0,0,17000.0,20000.0,12000.0,19000.0,17000.0,16166.666666666666,1732.0508075688858,1.1752,25,1,Stable
ST0026,A0002,2025-03,16000,3,2025-03-01,2025,3,1,1.0,6.123233995736766e-17,1,0,1,14000.0,20000.0,24000.0,17000.0,16666.666666666668,16333.333333333334,3000.000000000009,1.0408,25,1,Stable
ST0026,A0002,2025-04,10000,2,2025-04-01,2025,4,2,0.8660254037844387,-0.4999999999999998,0,0,1,16000.0,17000.0,8000.0,15666.666666666666,16666.666666666668,15666.666666666666,1527.52523165197,0.9999,25,1,Stable
ST0026,A0002,2025-05,15000,4,2025-05-01,2025,5,2,0.4999999999999999,-0.8660254037844387,0,0,2,10000.0,14000.0,16000.0,13333.333333333334,16166.666666666666,15833.333333333334,3055.050463303908,0.8421,25,1,Stable
ST0026,A0002,2025-06,10000,3,2025-06-01,2025,6,2,1.2246467991473532e-16,-1.0,0,0,2,15000.0,16000.0,16000.0,13666.666666666666,15333.333333333334,15750.0,3214.550253664332,0.8677,25,1,Stable
ST0026,A0002,2025-07,15000,4,2025-07-01,2025,7,3,-0.4999999999999997,-0.8660254037844388,0,0,2,10000.0,10000.0,16000.0,11666.666666666666,13666.666666666666,15250.0,2886.7513459481465,0.765,25,1,Stable
ST0026,A0002,2025-08,20000,5,2025-08-01,2025,8,3,-0.8660254037844385,-0.5000000000000004,0,0,3,15000.0,15000.0,16000.0,13333.333333333334,13333.333333333334,15166.666666666666,2886.7513459481443,0.8791,25,1,Stable
ST0026,A0002,2025-09,15000,4,2025-09-01,2025,9,3,-1.0,-1.8369701987210294e-16,0,0,3,20000.0,10000.0,16000.0,15000.0,14333.333333333334,15500.0,5000.000000000008,0.9677,25,1,Stable
ST0026,A0002,2025-10,13000,2,2025-10-01,2025,10,4,-0.8660254037844386,0.5000000000000001,0,1,3,15000.0,15000.0,13000.0,16666.666666666668,14166.666666666666,15416.666666666666,2886.751345948141,1.081,25,1,Stable
ST0026,A0002,2025-11,15000,4,2025-11-01,2025,11,4,-0.5000000000000004,0.8660254037844384,0,1,3,13000.0,20000.0,20000.0,16000.0,14666.666666666666,15416.666666666666,3605.551275463999,1.0378,25,1,Stable
ST0026,A0002,2025-12,21000,4,2025-12-01,2025,12,4,-2.4492935982947064e-16,1.0,0,1,0,15000.0,15000.0,20000.0,14333.333333333334,14666.666666666666,15000.0,1154.700538379282,0.9555,25,1,Stable
ST0029,A0001,2023-11,77000,8,2023-11-01,2023,11,4,-0.5000000000000004,0.8660254037844384,0,1,3,95000.0,99000.0,24000.0,94666.66666666669,90000.0,65000.0,4509.249752822877,1.4564,28,0,Stable
ST0029,A0001,2023-12,82000,6,2023-12-01,2023,12,4,-2.4492935982947064e-16,1.0,0,1,0,77000.0,90000.0,40000.0,87333.33333333333,93833.33333333331,69416.66666666667,9291.57324317756,1.2581,28,0,Stable
ST0029,A0001,2024-01,63000,5,2024-01-01,2024,1,1,0.4999999999999999,0.8660254037844387,1,0,0,82000.0,95000.0,38000.0,84666.66666666667,89166.66666666667,72916.66666666667,9291.57324317756,1.1611,28,0,Stable
ST0029,A0001,2024-02,69000,5,2024-02-01,2024,2,1,0.8660254037844386,0.5000000000000001,1,0,0,63000.0,77000.0,44000.0,74000.0,84333.33333333333,75000.0,9848.857801796095,0.9867,28,0,Stable
ST0029,A0001,2024-03,62000,4,2024-03-01,2024,3,1,1.0,6.123233995736766e-17,1,0,1,69000.0,82000.0,55000.0,71333.33333333333,79333.33333333333,77083.33333333333,9712.534856222304,0.9254,28,0,Stable
ST0029,A0001,2024-04,90000,6,2024-04-01,2024,4,2,0.8660254037844387,-0.4999999999999998,0,0,1,62000.0,63000.0,39000.0,64666.66666666666,74666.66666666667,77666.66666666667,3785.938897200158,0.8326,28,0,Stable
ST0029,A0001,2024-05,82000,6,2024-05-01,2024,5,2,0.4999999999999999,-0.8660254037844387,0,0,2,90000.0,69000.0,54000.0,73666.66666666667,73833.33333333333,81916.66666666667,14571.66199626292,0.8993,28,0,Stable
ST0029,A0001,2024-06,75000,5,2024-06-01,2024,6,2,1.2246467991473532e-16,-1.0,0,0,2,82000.0,62000.0,110000.0,78000.0,74666.66666666667,84250.0,14422.205101855949,0.9258,28,0,Stable
ST0029,A0001,2024-07,81000,8,2024-07-01,2024,7,3,-0.4999999999999997,-0.8660254037844388,0,0,2,75000.0,90000.0,92000.0,82333.33333333333,73500.0,81333.33333333333,7505.553499465117,1.0123,28,0,Stable
ST0029,A0001,2024-08,77000,7,2024-08-01,2024,8,3,-0.8660254037844385,-0.5000000000000004,0,0,3,81000.0,82000.0,99000.0,79333.33333333333,76500.0,80416.66666666667,3785.9388972001448,0.9865,28,0,Stable
ST0029,A0001,2024-09,75000,7,2024-09-01,2024,9,3,-1.0,-1.8369701987210294e-16,0,0,3,77000.0,75000.0,90000.0,77666.66666666667,77833.33333333333,78583.33333333333,3055.0504633038454,0.9883,28,0,Stable
ST0029,A0001,2024-10,72000,6,2024-10-01,2024,10,4,-0.8660254037844386,0.5000000000000001,0,1,3,75000.0,81000.0,95000.0,77666.66666666667,80000.0,77333.33333333333,3055.0504633038454,1.0043,28,0,Stable
ST0029,A0001,2024-11,74000,9,2024-11-01,2024,11,4,-0.5000000000000004,0.8660254037844384,0,1,3,72000.0,77000.0,77000.0,74666.66666666667,77000.0,75416.66666666667,2516.6114784235297,0.99,28,0,Stable
ST0029,A0001,2024-12,58000,8,2024-12-01,2024,12,4,-2.4492935982947064e-16,1.0,0,1,0,74000.0,75000.0,82000.0,73666.66666666667,75666.66666666667,75166.66666666667,1527.5252316518608,0.98,28,0,Stable
ST0029,A0001,2025-01,71000,6,2025-01-01,2025,1,1,0.4999999999999999,0.8660254037844387,1,0,0,58000.0,72000.0,63000.0,68000.0,72833.33333333333,73166.66666666667,8717.797887081333,0.9294,28,0,Stable
ST0029,A0001,2025-02,49000,6,2025-02-01,2025,2,1,0.8660254037844386,0.5000000000000001,1,0,0,71000.0,74000.0,69000.0,67666.66666666667,71166.66666666667,73833.33333333333,8504.900548115367,0.9165,28,0,Stable
ST0029,A0001,2025-03,59000,6,2025-03-01,2025,3,1,1.0,6.123233995736766e-17,1,0,1,49000.0,58000.0,62000.0,59333.333333333336,66500.0,72166.66666666667,11060.440015358032,0.8222,28,0,Stable
ST0029,A0001,2025-04,76000,6,2025-04-01,2025,4,2,0.8660254037844387,-0.4999999999999998,0,0,1,59000.0,71000.0,90000.0,59666.66666666666,63833.333333333336,71916.66666666667,11015.141094572196,0.8297,28,0,Stable
ST0029,A0001,2025-05,54000,5,2025-05-01,2025,5,2,0.4999999999999999,-0.8660254037844387,0,0,2,76000.0,49000.0,82000.0,61333.333333333336,64500.0,70750.0,13650.39681962884,0.8669,28,0,Stable
ST0029,A0001,2025-06,63000,7,2025-06-01,2025,6,2,1.2246467991473532e-16,-1.0,0,0,2,54000.0,59000.0,75000.0,63000.0,61166.66666666666,68416.66666666667,11532.562594670786,0.9208,28,0,Stable
ST0029,A0001,2025-07,67000,8,2025-07-01,2025,7,3,-0.4999999999999997,-0.8660254037844388,0,0,2,63000.0,76000.0,81000.0,64333.333333333336,62000.0,67416.66666666667,11060.440015358028,0.9543,28,0,Stable
ST0029,A0001,2025-08,58000,7,2025-08-01,2025,8,3,-0.8660254037844385,-0.5000000000000004,0,0,3,67000.0,54000.0,77000.0,61333.333333333336,61333.333333333336,66250.0,6658.328118479377,0.9258,28,0,Stable
ST0029,A0001,2025-09,62000,5,2025-09-01,2025,9,3,-1.0,-1.8369701987210294e-16,0,0,3,58000.0,63000.0,75000.0,62666.66666666666,62833.333333333336,64666.66666666666,4509.249752822869,0.9691,28,0,Stable
ST0029,A0001,2025-10,64000,8,2025-10-01,2025,10,4,-0.8660254037844386,0.5000000000000001,0,1,3,62000.0,67000.0,72000.0,62333.333333333336,63333.333333333336,63583.333333333336,4509.249752822869,0.9803,28,0,Stable
ST0029,A0001,2025-11,60000,7,2025-11-01,2025,11,4,-0.5000000000000004,0.8660254037844384,0,1,3,64000.0,58000.0,74000.0,61333.333333333336,61333.333333333336,62916.66666666666,3055.050463303856,0.9748,28,0,Stable
ST0029,A0001,2025-12,68000,6,2025-12-01,2025,12,4,-2.4492935982947064e-16,1.0,0,1,0,60000.0,62000.0,58000.0,62000.0,62333.333333333336,61750.0,1999.999999999941,1.004,28,0,Stable
ST0029,A0002,2023-11,30000,2,2023-11-01,2023,11,4,-0.5000000000000004,0.8660254037844384,0,1,3,15000.0,30000.0,14000.0,25000.0,26833.33333333333,23333.33333333333,8660.254037844386,1.0714,28,1,Stable
ST0029,A0002,2023-12,31000,3,2023-12-01,2023,12,4,-2.4492935982947064e-16,1.0,0,1,0,30000.0,30000.0,15000.0,25000.0,28166.666666666668,24666.666666666668,8660.254037844386,1.0135,28,1,Stable
ST0029,A0002,2024-01,45000,4,2024-01-01,2024,1,1,0.4999999999999999,0.8660254037844387,1,0,0,31000.0,15000.0,20000.0,25333.33333333333,30166.666666666668,26000.0,8962.8864398325,0.9743,28,1,Stable
ST0029,A0002,2024-02,30000,3,2024-02-01,2024,2,1,0.8660254037844386,0.5000000000000001,1,0,0,45000.0,30000.0,20000.0,35333.333333333336,30166.666666666668,28083.33333333333,8386.497083606082,1.2581,28,1,Stable
ST0029,A0002,2024-03,47000,4,2024-03-01,2024,3,1,1.0,6.123233995736766e-17,1,0,1,30000.0,31000.0,19000.0,35333.333333333336,30166.666666666668,28916.666666666668,8386.497083606082,1.2219,28,1,Stable
ST0029,A0002,2024-04,30000,2,2024-04-01,2024,4,2,0.8660254037844387,-0.4999999999999998,0,0,1,47000.0,45000.0,31000.0,40666.66666666666,33000.0,31250.0,9291.573243177569,1.3013,28,1,Stable
ST0029,A0002,2024-05,45000,4,2024-05-01,2024,5,2,0.4999999999999999,-0.8660254037844387,0,0,2,30000.0,30000.0,22000.0,35666.666666666664,35500.0,31166.666666666668,9814.954576223636,1.1443,28,1,Stable
ST0029,A0002,2024-06,45000,3,2024-06-01,2024,6,2,1.2246467991473532e-16,-1.0,0,0,2,45000.0,47000.0,19000.0,40666.66666666666,38000.0,33083.333333333336,9291.573243177569,1.2292,28,1,Stable
ST0029,A0002,2024-07,45000,4,2024-07-01,2024,7,3,-0.4999999999999997,-0.8660254037844388,0,0,2,45000.0,30000.0,45000.0,40000.0,40333.333333333336,35250.0,8660.254037844385,1.1347,28,1,Stable
ST0029,A0002,2024-08,48000,3,2024-08-01,2024,8,3,-0.8660254037844385,-0.5000000000000004,0,0,3,45000.0,45000.0,30000.0,45000.0,40333.333333333336,35250.0,0.0,1.2766,28,1,Stable
ST0029,A0002,2024-09,30000,3,2024-09-01,2024,9,3,-1.0,-1.8369701987210294e-16,0,0,3,48000.0,45000.0,30000.0,46000.0,43333.333333333336,36750.0,1732.0508075688688,1.2517,28,1,Stable
ST0029,A0002,2024-10,45000,6,2024-10-01,2024,10,4,-0.8660254037844386,0.5000000000000001,0,1,3,30000.0,45000.0,15000.0,41000.0,40500.0,36750.0,9643.650760992954,1.1156,28,1,Stable
ST0029,A0002,2024-11,25000,3,2024-11-01,2024,11,4,-0.5000000000000004,0.8660254037844384,0,1,3,45000.0,48000.0,30000.0,41000.0,43000.0,39250.0,9643.650760992954,1.0446,28,1,Stable
ST0029,A0002,2024-12,30000,5,2024-12-01,2024,12,4,-2.4492935982947064e-16,1.0,0,1,0,25000.0,30000.0,31000.0,33333.333333333336,39666.66666666666,38833.333333333336,10408.329997330662,0.8583,28,1,Stable
ST0029,A0002,2025-01,50000,5,2025-01-01,2025,1,1,0.4999999999999999,0.8660254037844387,1,0,0,30000.0,45000.0,45000.0,33333.333333333336,37166.66666666666,38750.0,10408.329997330662,0.8602,28,1,Stable
ST0029,A0002,2025-02,32000,4,2025-02-01,2025,2,1,0.8660254037844386,0.5000000000000001,1,0,0,50000.0,25000.0,30000.0,35000.0,38000.0,39166.66666666666,13228.756555322952,0.8936,28,1,Stable
ST0029,A0002,2025-03,32000,4,2025-03-01,2025,3,1,1.0,6.123233995736766e-17,1,0,1,32000.0,30000.0,47000.0,37333.333333333336,35333.333333333336,39333.333333333336,11015.141094572204,0.9491,28,1,Stable
ST0029,A0002,2025-04,30000,3,2025-04-01,2025,4,2,0.8660254037844387,-0.4999999999999998,0,0,1,32000.0,50000.0,30000.0,38000.0,35666.666666666664,38083.333333333336,10392.304845413264,0.9978,28,1,Stable
ST0029,A0002,2025-05,40000,4,2025-05-01,2025,5,2,0.4999999999999999,-0.8660254037844387,0,0,2,30000.0,32000.0,45000.0,31333.33333333333,33166.666666666664,38083.333333333336,1154.700538379251,0.8227,28,1,Stable
ST0029,A0002,2025-06,30000,4,2025-06-01,2025,6,2,1.2246467991473532e-16,-1.0,0,0,2,40000.0,32000.0,45000.0,34000.0,35666.666666666664,37666.66666666666,5291.502622129181,0.9026,28,1,Stable
ST0029,A0002,2025-07,56000,7,2025-07-01,2025,7,3,-0.4999999999999997,-0.8660254037844388,0,0,2,30000.0,30000.0,45000.0,33333.333333333336,35666.666666666664,36416.66666666666,5773.5026918962585,0.9153,28,1,Stable
ST0029,A0002,2025-08,44000,4,2025-08-01,2025,8,3,-0.8660254037844385,-0.5000000000000004,0,0,3,56000.0,40000.0,48000.0,42000.0,36666.66666666666,37333.333333333336,13114.877048604,1.125,28,1,Stable
ST0029,A0002,2025-09,42000,6,2025-09-01,2025,9,3,-1.0,-1.8369701987210294e-16,0,0,3,44000.0,30000.0,30000.0,43333.333333333336,38666.66666666666,37000.0,13012.814197295424,1.1711,28,1,Stable
ST0029,A0002,2025-10,41000,4,2025-10-01,2025,10,4,-0.8660254037844386,0.5000000000000001,0,1,3,42000.0,56000.0,45000.0,47333.333333333336,40333.333333333336,38000.0,7571.877794400364,1.2456,28,1,Stable
ST0029,A0002,2025-11,35000,5,2025-11-01,2025,11,4,-0.5000000000000004,0.8660254037844384,0,1,3,41000.0,44000.0,25000.0,42333.333333333336,42166.66666666666,37666.66666666666,1527.52523165195,1.1239,28,1,Stable
ST0029,A0002,2025-12,52000,8,2025-12-01,2025,12,4,-2.4492935982947064e-16,1.0,0,1,0,35000.0,42000.0,30000.0,39333.333333333336,41333.333333333336,38500.0,3785.938897200185,1.0216,28,1,Stable
ST0031,A0001,2024-06,59000,4,2024-06-01,2024,6,2,1.2246467991473532e-16,-1.0,0,0,2,106000.0,65000.0,100000.0,83666.66666666667,83500.0,87833.33333333333,20744.477176668814,0.9526,30,0,Stable
ST0031,A0001,2024-07,89000,6,2024-07-01,2024,7,3,-0.4999999999999997,-0.8660254037844388,0,0,2,59000.0,80000.0,70000.0,81666.66666666667,78333.33333333333,84416.66666666667,23544.284515213734,0.9674,30,0,Stable
ST0031,A0001,2024-08,75000,5,2024-08-01,2024,8,3,-0.8660254037844385,-0.5000000000000004,0,0,3,89000.0,106000.0,93000.0,84666.66666666667,79000.0,86000.0,23797.758998135378,0.9845,30,0,Stable
ST0031,A0001,2024-09,80000,6,2024-09-01,2024,9,3,-1.0,-1.8369701987210294e-16,0,0,3,75000.0,59000.0,90000.0,74333.33333333333,79000.0,84500.0,15011.106998930274,0.8797,30,0,Stable
ST0031,A0001,2024-10,70000,8,2024-10-01,2024,10,4,-0.8660254037844386,0.5000000000000001,0,1,3,80000.0,89000.0,100000.0,81333.33333333333,81500.0,83666.66666666667,7094.5988845976,0.9721,30,0,Stable
ST0031,A0001,2024-11,74000,7,2024-11-01,2024,11,4,-0.5000000000000004,0.8660254037844384,0,1,3,70000.0,75000.0,100000.0,75000.0,79833.33333333333,81166.66666666667,5000.000000000015,0.924,30,0,Stable
ST0031,A0001,2024-12,76000,7,2024-12-01,2024,12,4,-2.4492935982947064e-16,1.0,0,1,0,74000.0,80000.0,90000.0,74666.66666666667,74500.0,79000.0,5033.222956847181,0.9451,30,0,Stable
ST0031,A0001,2025-01,54000,6,2025-01-01,2025,1,1,0.4999999999999999,0.8660254037844387,1,0,0,76000.0,70000.0,85000.0,73333.33333333333,77333.33333333333,77833.33333333333,3055.050463303923,0.9422,30,0,Stable
ST0031,A0001,2025-02,47000,7,2025-02-01,2025,2,1,0.8660254037844386,0.5000000000000001,1,0,0,54000.0,74000.0,75000.0,68000.0,71500.0,75250.0,12165.525060596448,0.9036,30,0,Stable
ST0031,A0001,2025-03,47000,5,2025-03-01,2025,3,1,1.0,6.123233995736766e-17,1,0,1,47000.0,76000.0,65000.0,59000.0,66833.33333333333,72916.66666666667,15132.745950421562,0.8091,30,0,Stable
ST0031,A0001,2025-04,40000,4,2025-04-01,2025,4,2,0.8660254037844387,-0.4999999999999998,0,0,1,47000.0,54000.0,80000.0,49333.333333333336,61333.333333333336,71416.66666666667,4041.451884327403,0.6908,30,0,Stable
ST0031,A0001,2025-05,32000,3,2025-05-01,2025,5,2,0.4999999999999999,-0.8660254037844387,0,0,2,40000.0,47000.0,106000.0,44666.66666666666,56333.333333333336,68083.33333333333,4041.451884327403,0.656,30,0,Stable
ST0031,A0001,2025-06,42000,4,2025-06-01,2025,6,2,1.2246467991473532e-16,-1.0,0,0,2,32000.0,47000.0,59000.0,39666.66666666666,49333.333333333336,61916.66666666666,7505.553499465146,0.6406,30,0,Stable
ST0031,A0001,2025-07,42000,4,2025-07-01,2025,7,3,-0.4999999999999997,-0.8660254037844388,0,0,2,42000.0,40000.0,89000.0,38000.0,43666.66666666666,60500.0,5291.502622129196,0.6281,30,0,Stable
ST0031,A0001,2025-08,31000,3,2025-08-01,2025,8,3,-0.8660254037844385,-0.5000000000000004,0,0,3,42000.0,32000.0,75000.0,38666.66666666666,41666.66666666666,56583.333333333336,5773.502691896272,0.6833,30,0,Stable
ST0031,A0001,2025-09,42000,4,2025-09-01,2025,9,3,-1.0,-1.8369701987210294e-16,0,0,3,31000.0,42000.0,80000.0,38333.333333333336,39000.0,52916.66666666666,6350.852961085899,0.7244,30,0,Stable
ST0031,A0001,2025-10,30000,3,2025-10-01,2025,10,4,-0.8660254037844386,0.5000000000000001,0,1,3,42000.0,42000.0,70000.0,38333.333333333336,38166.66666666666,49750.0,6350.852961085899,0.7705,30,0,Stable
ST0031,A0001,2025-11,42000,4,2025-11-01,2025,11,4,-0.5000000000000004,0.8660254037844384,0,1,3,30000.0,31000.0,74000.0,34333.333333333336,36500.0,46416.66666666666,6658.328118479409,0.7397,30,0,Stable
ST0031,A0001,2025-12,47000,4,2025-12-01,2025,12,4,-2.4492935982947064e-16,1.0,0,1,0,42000.0,42000.0,76000.0,38000.0,38166.66666666666,43750.0,6928.203230275523,0.8686,30,0,Stable
ST0031,A0002,2024-06,30000,2,2024-06-01,2024,6,2,1.2246467991473532e-16,-1.0,0,0,2,30000.0,30000.0,15000.0,30000.0,30000.0,28750.0,0.0,1.0434,30,1,Stable
ST0031,A0002,2024-07,45000,5,2024-07-01,2024,7,3,-0.4999999999999997,-0.8660254037844388,0,0,2,30000.0,30000.0,15000.0,30000.0,30000.0,30000.0,0.0,1.0,30,1,Stable
ST0031,A0002,2024-08,30000,2,2024-08-01,2024,8,3,-0.8660254037844385,-0.5000000000000004,0,0,3,45000.0,30000.0,30000.0,35000.0,32500.0,32500.0,8660.254037844386,1.0769,30,1,Stable
ST0031,A0002,2024-09,30000,3,2024-09-01,2024,9,3,-1.0,-1.8369701987210294e-16,0,0,3,30000.0,30000.0,30000.0,35000.0,32500.0,32500.0,8660.254037844386,1.0769,30,1,Stable
ST0031,A0002,2024-10,35000,5,2024-10-01,2024,10,4,-0.8660254037844386,0.5000000000000001,0,1,3,30000.0,45000.0,45000.0,35000.0,32500.0,32500.0,8660.254037844386,1.0769,30,1,Stable
ST0031,A0002,2024-11,20000,2,2024-11-01,2024,11,4,-0.5000000000000004,0.8660254037844384,0,1,3,35000.0,30000.0,30000.0,31666.666666666668,33333.333333333336,31666.666666666668,2886.7513459481283,1.0,30,1,Stable
ST0031,A0002,2024-12,40000,4,2024-12-01,2024,12,4,-2.4492935982947064e-16,1.0,0,1,0,20000.0,30000.0,30000.0,28333.33333333333,31666.666666666668,30833.33333333333,7637.626158259733,0.9189,30,1,Stable
ST0031,A0002,2025-01,20000,3,2025-01-01,2025,1,1,0.4999999999999999,0.8660254037844387,1,0,0,40000.0,35000.0,30000.0,31666.666666666668,33333.333333333336,31666.666666666668,10408.329997330662,1.0,30,1,Stable
ST0031,A0002,2025-02,30000,3,2025-02-01,2025,2,1,0.8660254037844386,0.5000000000000001,1,0,0,20000.0,20000.0,30000.0,26666.666666666668,29166.666666666668,30833.33333333333,11547.005383792515,0.8648,30,1,Stable
ST0031,A0002,2025-03,10000,1,2025-03-01,2025,3,1,1.0,6.123233995736766e-17,1,0,1,30000.0,40000.0,30000.0,30000.0,29166.666666666668,30833.33333333333,10000.0,0.9729,30,1,Stable
ST0031,A0002,2025-04,20000,2,2025-04-01,2025,4,2,0.8660254037844387,-0.4999999999999998,0,0,1,10000.0,20000.0,30000.0,20000.0,25833.33333333333,29166.666666666668,10000.0,0.6857,30,1,Stable
ST0031,A0002,2025-05,20000,3,2025-05-01,2025,5,2,0.4999999999999999,-0.8660254037844387,0,0,2,20000.0,30000.0,30000.0,20000.0,23333.33333333333,28333.33333333333,10000.0,0.7059,30,1,Stable
ST0031,A0002,2025-06,10000,1,2025-06-01,2025,6,2,1.2246467991473532e-16,-1.0,0,0,2,20000.0,10000.0,30000.0,16666.666666666668,23333.33333333333,27500.0,5773.502691896256,0.606,30,1,Stable
ST0031,A0002,2025-07,20000,2,2025-07-01,2025,7,3,-0.4999999999999997,-0.8660254037844388,0,0,2,10000.0,20000.0,45000.0,16666.666666666668,18333.33333333333,25833.33333333333,5773.502691896256,0.6451,30,1,Stable
ST0031,A0002,2025-08,20000,2,2025-08-01,2025,8,3,-0.8660254037844385,-0.5000000000000004,0,0,3,20000.0,20000.0,30000.0,16666.666666666668,18333.33333333333,23750.0,5773.502691896256,0.7017,30,1,Stable
ST0031,A0002,2025-09,20000,2,2025-09-01,2025,9,3,-1.0,-1.8369701987210294e-16,0,0,3,20000.0,10000.0,30000.0,16666.666666666668,16666.666666666668,22916.666666666668,5773.502691896256,0.7272,30,1,Stable
ST0031,A0002,2025-10,20000,2,2025-10-01,2025,10,4,-0.8660254037844386,0.5000000000000001,0,1,3,20000.0,20000.0,35000.0,20000.0,18333.33333333333,22083.33333333333,0.0,0.9056,30,1,Stable
ST0031,A0002,2025-12,30000,3,2025-12-01,2025,12,4,-2.4492935982947064e-16,1.0,0,1,0,20000.0,20000.0,20000.0,20000.0,18333.33333333333,20833.33333333333,0.0,0.96,30,1,Stable
ST0032,A0002,2023-01,7000,1,2023-01-01,2023,1,1,0.4999999999999999,0.8660254037844387,1,0,0,8000.0,10000.0,15000.0,9333.333333333334,13500.0,12416.666666666666,1154.7005383792698,0.7516,31,1,Stable
ST0032,A0002,2023-02,7000,1,2023-02-01,2023,2,1,0.8660254037844386,0.5000000000000001,1,0,0,7000.0,10000.0,10000.0,8333.333333333334,10500.0,11750.0,1527.5252316519627,0.7092,31,1,Stable
ST0032,A0002,2024-02,5000,1,2024-02-01,2024,2,1,0.8660254037844386,0.5000000000000001,1,0,0,7000.0,8000.0,11000.0,7333.333333333333,8666.666666666666,11500.0,577.3502691896746,0.6376,31,1,Stable
ST0032,A0002,2024-03,7000,1,2024-03-01,2024,3,1,1.0,6.123233995736766e-17,1,0,1,5000.0,7000.0,19000.0,6333.333333333333,7833.333333333333,11000.0,1154.7005383792791,0.5757,31,1,Stable
ST0032,A0002,2024-04,6000,1,2024-04-01,2024,4,2,0.8660254037844387,-0.4999999999999998,0,0,1,7000.0,7000.0,10000.0,6333.333333333333,7333.333333333333,10000.0,1154.7005383792791,0.6333,31,1,Stable
ST0032,A0002,2024-05,5000,1,2024-05-01,2024,5,2,0.4999999999999999,-0.8660254037844387,0,0,2,6000.0,5000.0,3000.0,6000.0,6666.666666666667,9666.666666666666,1000.000000000033,0.6206,31,1,Stable
ST0032,A0002,2024-06,5000,1,2024-06-01,2024,6,2,1.2246467991473532e-16,-1.0,0,0,2,5000.0,7000.0,25000.0,6000.0,6166.666666666667,9833.333333333334,1000.000000000033,0.6101,31,1,Stable
ST0032,A0002,2024-07,5000,1,2024-07-01,2024,7,3,-0.4999999999999997,-0.8660254037844388,0,0,2,5000.0,6000.0,18000.0,5333.333333333333,5833.333333333333,8166.666666666667,577.3502691896872,0.653,31,1,Stable
ST0032,A0002,2024-08,5000,1,2024-08-01,2024,8,3,-0.8660254037844385,-0.5000000000000004,0,0,3,5000.0,5000.0,10000.0,5000.0,5500.0,7083.333333333333,0.0,0.7058,31,1,Stable
ST0032,A0002,2024-09,10000,2,2024-09-01,2024,9,3,-1.0,-1.8369701987210294e-16,0,0,3,5000.0,5000.0,10000.0,5000.0,5500.0,6666.666666666667,0.0,0.7499,31,1,Stable
ST0032,A0002,2024-10,10000,2,2024-10-01,2024,10,4,-0.8660254037844386,0.5000000000000001,0,1,3,10000.0,5000.0,10000.0,6666.666666666667,6000.0,6666.666666666667,2886.75134594814,0.9999,31,1,Stable
ST0032,A0002,2024-11,5000,1,2024-11-01,2024,11,4,-0.5000000000000004,0.8660254037844384,0,1,3,10000.0,5000.0,8000.0,8333.333333333334,6666.666666666667,6666.666666666667,2886.751345948137,1.2498,31,1,Stable
ST0032,A0002,2024-12,5000,1,2024-12-01,2024,12,4,-2.4492935982947064e-16,1.0,0,1,0,5000.0,10000.0,7000.0,8333.333333333334,6666.666666666667,6416.666666666667,2886.751345948137,1.2985,31,1,Stable
ST0032,A0002,2025-01,5000,1,2025-01-01,2025,1,1,0.4999999999999999,0.8660254037844387,1,0,0,5000.0,10000.0,7000.0,6666.666666666667,6666.666666666667,6250.0,2886.75134594814,1.0665,31,1,Stable
ST0032,A0002,2025-02,5000,1,2025-02-01,2025,2,1,0.8660254037844386,0.5000000000000001,1,0,0,5000.0,5000.0,5000.0,5000.0,6666.666666666667,6083.333333333333,0.0,0.8218,31,1,Stable
ST0032,A0002,2025-03,5000,1,2025-03-01,2025,3,1,1.0,6.123233995736766e-17,1,0,1,5000.0,5000.0,7000.0,5000.0,6666.666666666667,6083.333333333333,0.0,0.8218,31,1,Stable
ST0032,A0002,2025-04,5000,1,2025-04-01,2025,4,2,0.8660254037844387,-0.4999999999999998,0,0,1,5000.0,5000.0,6000.0,5000.0,5833.333333333333,5916.666666666667,0.0,0.8449,31,1,Stable
ST0032,A0002,2025-05,10000,2,2025-05-01,2025,5,2,0.4999999999999999,-0.8660254037844387,0,0,2,5000.0,5000.0,5000.0,5000.0,5000.0,5833.333333333333,0.0,0.857,31,1,Stable
ST0032,A0002,2025-06,5000,1,2025-06-01,2025,6,2,1.2246467991473532e-16,-1.0,0,0,2,10000.0,5000.0,5000.0,6666.666666666667,5833.333333333333,6250.0,2886.75134594814,1.0665,31,1,Stable
ST0032,A0002,2025-08,5000,1,2025-08-01,2025,8,3,-0.8660254037844385,-0.5000000000000004,0,0,3,5000.0,5000.0,5000.0,6666.666666666667,5833.333333333333,6250.0,2886.75134594814,1.0665,31,1,Stable
ST0032,A0002,2025-09,5000,1,2025-09-01,2025,9,3,-1.0,-1.8369701987210294e-16,0,0,3,5000.0,10000.0,5000.0,6666.666666666667,5833.333333333333,6250.0,2886.75134594814,1.0665,31,1,Stable
ST0032,A0002,2025-10,5000,1,2025-10-01,2025,10,4,-0.8660254037844386,0.5000000000000001,0,1,3,5000.0,5000.0,10000.0,5000.0,5833.333333333333,6250.0,0.0,0.7999,31,1,Stable
ST0032,A0002,2025-11,10000,2,2025-11-01,2025,11,4,-0.5000000000000004,0.8660254037844384,0,1,3,5000.0,5000.0,10000.0,5000.0,5833.333333333333,5833.333333333333,0.0,0.857,31,1,Stable
ST0032,A0002,2025-12,5000,1,2025-12-01,2025,12,4,-2.4492935982947064e-16,1.0,0,1,0,10000.0,5000.0,5000.0,6666.666666666667,6666.666666666667,5833.333333333333,2886.75134594814,1.1427,31,1,Stable
ST0036,A0001,2024-11,20000,2,2024-11-01,2024,11,4,-0.5000000000000004,0.8660254037844384,0,1,3,20000.0,20000.0,10000.0,20000.0,21666.666666666668,19166.666666666668,0.0,1.0434,35,0,Stable
ST0036,A0001,2024-12,25000,2,2024-12-01,2024,12,4,-2.4492935982947064e-16,1.0,0,1,0,20000.0,20000.0,20000.0,20000.0,20000.0,20000.0,0.0,1.0,35,0,Stable
ST0036,A0001,2025-01,25000,2,2025-01-01,2025,1,1,0.4999999999999999,0.8660254037844387,1,0,0,25000.0,20000.0,15000.0,21666.666666666668,19166.666666666668,20416.666666666668,2886.751345948124,1.0612,35,0,Stable
ST0036,A0001,2025-02,10000,1,2025-02-01,2025,2,1,0.8660254037844386,0.5000000000000001,1,0,0,25000.0,20000.0,20000.0,23333.33333333333,21666.666666666668,21250.0,2886.751345948124,1.098,35,0,Stable
ST0036,A0001,2025-03,10000,1,2025-03-01,2025,3,1,1.0,6.123233995736766e-17,1,0,1,10000.0,25000.0,10000.0,20000.0,20000.0,20416.666666666668,8660.254037844385,0.9795,35,0,Stable
ST0036,A0001,2025-04,20000,2,2025-04-01,2025,4,2,0.8660254037844387,-0.4999999999999998,0,0,1,10000.0,25000.0,25000.0,15000.0,18333.33333333333,20416.666666666668,8660.254037844385,0.7347,35,0,Stable
ST0036,A0001,2025-05,15000,1,2025-05-01,2025,5,2,0.4999999999999999,-0.8660254037844387,0,0,2,20000.0,10000.0,30000.0,13333.333333333334,18333.33333333333,20000.0,5773.502691896255,0.6666,35,0,Stable
ST0036,A0001,2025-06,10000,1,2025-06-01,2025,6,2,1.2246467991473532e-16,-1.0,0,0,2,15000.0,10000.0,30000.0,15000.0,17500.0,18750.0,4999.999999999996,0.8,35,0,Stable
ST0036,A0001,2025-07,20000,2,2025-07-01,2025,7,3,-0.4999999999999997,-0.8660254037844388,0,0,2,10000.0,20000.0,10000.0,15000.0,15000.0,17083.333333333332,4999.999999999996,0.878,35,0,Stable
ST0036,A0001,2025-09,10000,1,2025-09-01,2025,9,3,-1.0,-1.8369701987210294e-16,0,0,3,20000.0,15000.0,20000.0,15000.0,14166.666666666666,17916.666666666668,4999.999999999996,0.8372,35,0,Stable
ST0036,A0001,2025-10,10000,1,2025-10-01,2025,10,4,-0.8660254037844386,0.5000000000000001,0,1,3,10000.0,10000.0,20000.0,13333.333333333334,14166.666666666666,17083.333333333332,5773.502691896255,0.7804,35,0,Stable
ST0036,A0001,2025-11,20000,2,2025-11-01,2025,11,4,-0.5000000000000004,0.8660254037844384,0,1,3,10000.0,20000.0,20000.0,13333.333333333334,14166.666666666666,16250.0,5773.502691896255,0.8205,35,0,Stable
ST0036,A0001,2025-12,10000,1,2025-12-01,2025,12,4,-2.4492935982947064e-16,1.0,0,1,0,20000.0,10000.0,20000.0,13333.333333333334,14166.666666666666,16250.0,5773.502691896255,0.8205,35,0,Stable
ST0036,A0002,2024-11,40000,2,2024-11-01,2024,11,4,-0.5000000000000004,0.8660254037844384,0,1,3,45000.0,50000.0,35000.0,40000.0,67500.0,66250.0,13228.756555322916,0.6038,35,1,Stable
ST0036,A0002,2024-12,60000,3,2024-12-01,2024,12,4,-2.4492935982947064e-16,1.0,0,1,0,40000.0,25000.0,45000.0,36666.66666666666,62500.0,66666.66666666667,10408.329997330617,0.55,35,1,Stable
ST0036,A0002,2025-01,20000,1,2025-01-01,2025,1,1,0.4999999999999999,0.8660254037844387,1,0,0,60000.0,45000.0,85000.0,48333.333333333336,49166.66666666666,67916.66666666667,10408.329997330631,0.7116,35,1,Stable
ST0036,A0002,2025-02,45000,2,2025-02-01,2025,2,1,0.8660254037844386,0.5000000000000001,1,0,0,20000.0,40000.0,85000.0,40000.0,40000.0,62500.0,19999.999999999975,0.64,35,1,Stable
ST0036,A0002,2025-03,25000,1,2025-03-01,2025,3,1,1.0,6.123233995736766e-17,1,0,1,45000.0,60000.0,55000.0,41666.66666666666,39166.66666666666,59166.66666666666,20207.25942163688,0.7042,35,1,Stable
ST0036,A0002,2025-04,40000,2,2025-04-01,2025,4,2,0.8660254037844387,-0.4999999999999998,0,0,1,25000.0,20000.0,85000.0,30000.0,39166.66666666666,56666.66666666666,13228.756555322909,0.5294,35,1,Stable
ST0036,A0002,2025-05,40000,2,2025-05-01,2025,5,2,0.4999999999999999,-0.8660254037844387,0,0,2,40000.0,45000.0,70000.0,36666.66666666666,38333.333333333336,52916.66666666666,10408.329997330618,0.6929,35,1,Stable
ST0036,A0002,2025-06,40000,2,2025-06-01,2025,6,2,1.2246467991473532e-16,-1.0,0,0,2,40000.0,25000.0,140000.0,35000.0,38333.333333333336,50416.66666666666,8660.254037844328,0.6942,35,1,Stable
ST0036,A0002,2025-07,60000,3,2025-07-01,2025,7,3,-0.4999999999999997,-0.8660254037844388,0,0,2,40000.0,40000.0,75000.0,40000.0,35000.0,42083.333333333336,0.0,0.9505,35,1,Stable
ST0036,A0002,2025-08,40000,2,2025-08-01,2025,8,3,-0.8660254037844385,-0.5000000000000004,0,0,3,60000.0,40000.0,50000.0,46666.66666666666,41666.66666666666,40833.333333333336,11547.005383792486,1.1428,35,1,Stable
ST0036,A0002,2025-09,20000,1,2025-09-01,2025,9,3,-1.0,-1.8369701987210294e-16,0,0,3,40000.0,40000.0,25000.0,46666.66666666666,40833.333333333336,40000.0,11547.005383792486,1.1666,35,1,Stable
ST0036,A0002,2025-10,20000,1,2025-10-01,2025,10,4,-0.8660254037844386,0.5000000000000001,0,1,3,20000.0,60000.0,45000.0,40000.0,40000.0,39583.333333333336,19999.999999999975,1.0105,35,1,Stable
ST0036,A0002,2025-11,40000,2,2025-11-01,2025,11,4,-0.5000000000000004,0.8660254037844384,0,1,3,20000.0,40000.0,40000.0,26666.666666666668,36666.66666666666,37500.0,11547.005383792466,0.7111,35,1,Stable
ST0036,A0002,2025-12,40000,2,2025-12-01,2025,12,4,-2.4492935982947064e-16,1.0,0,1,0,40000.0,20000.0,60000.0,26666.666666666668,36666.66666666666,37500.0,11547.005383792466,0.7111,35,1,Stable
ST0038,A0002,2024-02,10000,1,2024-02-01,2024,2,1,0.8660254037844386,0.5000000000000001,1,0,0,10000.0,10000.0,10000.0,10000.0,10666.666666666666,12583.333333333334,0.0,0.7946,37,1,Stable
ST0038,A0002,2024-03,10000,1,2024-03-01,2024,3,1,1.0,6.123233995736766e-17,1,0,1,10000.0,10000.0,27000.0,10000.0,9666.666666666666,12583.333333333334,0.0,0.7946,37,1,Stable
ST0038,A0002,2024-05,8000,1,2024-05-01,2024,5,2,0.4999999999999999,-0.8660254037844387,0,0,2,10000.0,10000.0,20000.0,10000.0,10000.0,11166.666666666666,0.0,0.8954,37,1,Stable
ST0038,A0002,2024-07,20000,2,2024-07-01,2024,7,3,-0.4999999999999997,-0.8660254037844388,0,0,2,8000.0,10000.0,10000.0,9333.333333333334,9666.666666666666,10166.666666666666,1154.7005383792546,0.9179,37,1,Stable
ST0038,A0002,2024-08,10000,1,2024-08-01,2024,8,3,-0.8660254037844385,-0.5000000000000004,0,0,3,20000.0,10000.0,10000.0,12666.666666666666,11333.333333333334,11000.0,6429.100507328638,1.1514,37,1,Stable
ST0038,A0002,2024-09,10000,1,2024-09-01,2024,9,3,-1.0,-1.8369701987210294e-16,0,0,3,10000.0,8000.0,10000.0,12666.666666666666,11333.333333333334,11000.0,6429.100507328638,1.1514,37,1,Stable
ST0038,A0002,2024-12,10000,1,2024-12-01,2024,12,4,-2.4492935982947064e-16,1.0,0,1,0,10000.0,20000.0,16000.0,13333.333333333334,11333.333333333334,11000.0,5773.5026918962585,1.212,37,1,Stable
ST0038,A0002,2025-01,10000,1,2025-01-01,2025,1,1,0.4999999999999999,0.8660254037844387,1,0,0,10000.0,10000.0,8000.0,10000.0,11333.333333333334,10500.0,0.0,0.9523,37,1,Stable
ST0038,A0002,2025-03,8000,1,2025-03-01,2025,3,1,1.0,6.123233995736766e-17,1,0,1,10000.0,10000.0,10000.0,10000.0,11333.333333333334,10666.666666666666,0.0,0.9374,37,1,Stable
ST0038,A0002,2025-04,8000,1,2025-04-01,2025,4,2,0.8660254037844387,-0.4999999999999998,0,0,1,8000.0,10000.0,10000.0,9333.333333333334,11333.333333333334,10500.0,1154.7005383792582,0.8888,37,1,Stable
ST0038,A0002,2025-05,17000,2,2025-05-01,2025,5,2,0.4999999999999999,-0.8660254037844387,0,0,2,8000.0,10000.0,10000.0,8666.666666666666,9333.333333333334,10333.333333333334,1154.7005383792582,0.8386,37,1,Stable
ST0038,A0002,2025-06,10000,1,2025-06-01,2025,6,2,1.2246467991473532e-16,-1.0,0,0,2,17000.0,8000.0,10000.0,11000.0,10500.0,10916.666666666666,5196.152422706633,1.0075,37,1,Stable
ST0038,A0002,2025-07,10000,1,2025-07-01,2025,7,3,-0.4999999999999997,-0.8660254037844388,0,0,2,10000.0,8000.0,10000.0,11666.666666666666,10500.0,10916.666666666666,4725.81562625261,1.0686,37,1,Stable
ST0038,A0002,2025-09,10000,1,2025-09-01,2025,9,3,-1.0,-1.8369701987210294e-16,0,0,3,10000.0,17000.0,10000.0,12333.333333333334,10500.0,10916.666666666666,4041.4518843273822,1.1297,37,1,Stable
ST0038,A0002,2025-10,9000,1,2025-10-01,2025,10,4,-0.8660254037844386,0.5000000000000001,0,1,3,10000.0,10000.0,8000.0,10000.0,10500.0,10916.666666666666,0.0,0.9159,37,1,Stable
ST0038,A0002,2025-12,10000,1,2025-12-01,2025,12,4,-2.4492935982947064e-16,1.0,0,1,0,9000.0,10000.0,20000.0,9666.666666666666,10666.666666666666,11000.0,577.35026918964,0.8787,37,1,Stable
ST0039,A0001,2021-03,106000,11,2021-03-01,2021,3,1,1.0,6.123233995736766e-17,1,0,1,93000.0,122000.0,18000.0,105333.33333333331,120000.0,113083.33333333331,14977.76129244064,0.9315,38,0,Stable
ST0039,A0001,2021-04,94000,7,2021-04-01,2021,4,2,0.8660254037844387,-0.4999999999999998,0,0,1,106000.0,101000.0,86000.0,100000.0,113833.33333333331,120416.66666666669,6557.438524301978,0.8304,38,0,Stable
ST0039,A0001,2021-05,99000,9,2021-05-01,2021,5,2,0.4999999999999999,-0.8660254037844387,0,0,2,94000.0,93000.0,131000.0,97666.66666666669,107500.0,121083.33333333331,7234.178138070215,0.8066,38,0,Stable
ST0039,A0001,2021-06,79000,10,2021-06-01,2021,6,2,1.2246467991473532e-16,-1.0,0,0,2,99000.0,106000.0,125000.0,99666.66666666669,102500.0,118416.66666666669,6027.713773341683,0.8417,38,0,Stable
ST0039,A0001,2021-07,123000,11,2021-07-01,2021,7,3,-0.4999999999999997,-0.8660254037844388,0,0,2,79000.0,94000.0,150000.0,90666.66666666669,95333.33333333331,114583.33333333331,10408.329997330651,0.7913,38,0,Stable
ST0039,A0001,2021-08,162000,11,2021-08-01,2021,8,3,-0.8660254037844385,-0.5000000000000004,0,0,3,123000.0,99000.0,127000.0,100333.33333333331,99000.0,112333.33333333331,22030.282189144404,0.8932,38,0,Stable
ST0039,A0001,2021-09,102000,10,2021-09-01,2021,9,3,-1.0,-1.8369701987210294e-16,0,0,3,162000.0,79000.0,143000.0,121333.33333333331,110500.0,115250.0,41525.09281546922,1.0528,38,0,Stable
ST0039,A0001,2021-10,68000,7,2021-10-01,2021,10,4,-0.8660254037844386,0.5000000000000001,0,1,3,102000.0,123000.0,132000.0,129000.0,109833.33333333331,111833.33333333331,30446.674695276663,1.1535,38,0,Stable
ST0039,A0001,2021-11,110000,13,2021-11-01,2021,11,4,-0.5000000000000004,0.8660254037844384,0,1,3,68000.0,162000.0,129000.0,110666.66666666669,105500.0,106500.0,47595.51799627076,1.0391,38,0,Stable
ST0039,A0001,2021-12,91000,8,2021-12-01,2021,12,4,-2.4492935982947064e-16,1.0,0,1,0,110000.0,102000.0,122000.0,93333.33333333331,107333.33333333331,104916.66666666669,22300.971578236997,0.8896,38,0,Stable
ST0039,A0001,2022-01,89000,9,2022-01-01,2022,1,1,0.4999999999999999,0.8660254037844387,1,0,0,91000.0,68000.0,101000.0,89666.66666666667,109333.33333333331,102333.33333333331,21031.72207246316,0.8762,38,0,Stable
ST0039,A0001,2022-02,107000,11,2022-02-01,2022,2,1,0.8660254037844386,0.5000000000000001,1,0,0,89000.0,110000.0,93000.0,96666.66666666669,103666.66666666669,101333.33333333331,11590.2257671425,0.9539,38,0,Stable
ST0039,A0001,2022-03,116000,10,2022-03-01,2022,3,1,1.0,6.123233995736766e-17,1,0,1,107000.0,91000.0,106000.0,95666.66666666669,94500.0,102500.0,9865.765724632529,0.9333,38,0,Stable
ST0039,A0001,2022-04,89000,8,2022-04-01,2022,4,2,0.8660254037844387,-0.4999999999999998,0,0,1,116000.0,89000.0,94000.0,104000.0,96833.33333333331,103333.33333333331,13747.727084867543,1.0064,38,0,Stable
ST0039,A0001,2022-05,99000,11,2022-05-01,2022,5,2,0.4999999999999999,-0.8660254037844387,0,0,2,89000.0,107000.0,99000.0,104000.0,100333.33333333331,102916.66666666669,13747.727084867543,1.0105,38,0,Stable
ST0039,A0001,2022-06,100000,9,2022-06-01,2022,6,2,1.2246467991473532e-16,-1.0,0,0,2,99000.0,116000.0,79000.0,101333.33333333331,98500.0,102916.66666666669,13650.39681962887,0.9846,38,0,Stable
ST0039,A0001,2022-07,74000,8,2022-07-01,2022,7,3,-0.4999999999999997,-0.8660254037844388,0,0,2,100000.0,89000.0,123000.0,96000.0,100000.0,104666.66666666669,6082.762530298266,0.9172,38,0,Stable
ST0039,A0001,2022-08,93000,10,2022-08-01,2022,8,3,-0.8660254037844385,-0.5000000000000004,0,0,3,74000.0,99000.0,162000.0,91000.0,97500.0,100583.33333333331,14730.919862656254,0.9047,38,0,Stable
ST0039,A0001,2022-09,82000,11,2022-09-01,2022,9,3,-1.0,-1.8369701987210294e-16,0,0,3,93000.0,100000.0,102000.0,89000.0,95166.66666666669,94833.33333333331,13453.624047073732,0.9385,38,0,Stable
ST0039,A0001,2022-10,70000,8,2022-10-01,2022,10,4,-0.8660254037844386,0.5000000000000001,0,1,3,82000.0,74000.0,68000.0,83000.0,89500.0,93166.66666666669,9539.392014169483,0.8909,38,0,Stable
ST0039,A0001,2022-11,84000,9,2022-11-01,2022,11,4,-0.5000000000000004,0.8660254037844384,0,1,3,70000.0,93000.0,110000.0,81666.66666666667,86333.33333333333,93333.33333333331,11503.622617824958,0.875,38,0,Stable
ST0039,A0001,2022-12,53000,6,2022-12-01,2022,12,4,-2.4492935982947064e-16,1.0,0,1,0,84000.0,82000.0,91000.0,78666.66666666667,83833.33333333333,91166.66666666669,7571.877794400406,0.8629,38,0,Stable
ST0039,A0001,2023-01,73000,9,2023-01-01,2023,1,1,0.4999999999999999,0.8660254037844387,1,0,0,53000.0,70000.0,89000.0,69000.0,76000.0,88000.0,15524.174696260045,0.7841,38,0,Stable
ST0039,A0001,2023-02,77000,6,2023-02-01,2023,2,1,0.8660254037844386,0.5000000000000001,1,0,0,73000.0,84000.0,107000.0,70000.0,75833.33333333333,86666.66666666667,15716.23364550173,0.8077,38,0,Stable
ST0039,A0001,2023-03,76000,7,2023-03-01,2023,3,1,1.0,6.123233995736766e-17,1,0,1,77000.0,53000.0,116000.0,67666.66666666667,73166.66666666667,84166.66666666667,12858.201014657296,0.804,38,0,Stable
ST0039,A0001,2023-04,54000,5,2023-04-01,2023,4,2,0.8660254037844387,-0.4999999999999998,0,0,1,76000.0,73000.0,89000.0,75333.33333333333,72166.66666666667,80833.33333333333,2081.6659994662623,0.9319,38,0,Stable
ST0039,A0001,2023-05,56000,4,2023-05-01,2023,5,2,0.4999999999999999,-0.8660254037844387,0,0,2,54000.0,77000.0,99000.0,69000.0,69500.0,77916.66666666667,13000.00000000002,0.8856,38,0,Stable
ST0039,A0001,2023-06,109000,8,2023-06-01,2023,6,2,1.2246467991473532e-16,-1.0,0,0,2,56000.0,76000.0,100000.0,62000.0,64833.333333333336,74333.33333333333,12165.52506059646,0.8341,38,0,Stable
ST0039,A0001,2023-07,103000,8,2023-07-01,2023,7,3,-0.4999999999999997,-0.8660254037844388,0,0,2,109000.0,54000.0,74000.0,73000.0,74166.66666666667,75083.33333333333,31192.94792096445,0.9722,38,0,Stable
ST0039,A0001,2023-08,102000,10,2023-08-01,2023,8,3,-0.8660254037844385,-0.5000000000000004,0,0,3,103000.0,56000.0,93000.0,89333.33333333333,79166.66666666667,77500.0,29022.979401386998,1.1527,38,0,Stable
ST0039,A0001,2023-09,92000,8,2023-09-01,2023,9,3,-1.0,-1.8369701987210294e-16,0,0,3,102000.0,109000.0,82000.0,104666.66666666669,83333.33333333333,78250.0,3785.938897200263,1.3376,38,0,Stable
ST0039,A0001,2023-10,89000,8,2023-10-01,2023,10,4,-0.8660254037844386,0.5000000000000001,0,1,3,92000.0,103000.0,70000.0,99000.0,86000.0,79083.33333333333,6082.762530298272,1.2518,38,0,Stable
ST0039,A0001,2023-11,77000,8,2023-11-01,2023,11,4,-0.5000000000000004,0.8660254037844384,0,1,3,89000.0,102000.0,84000.0,94333.33333333331,91833.33333333331,80666.66666666667,6806.85928555409,1.1694,38,0,Stable
ST0039,A0001,2023-12,70000,5,2023-12-01,2023,12,4,-2.4492935982947064e-16,1.0,0,1,0,77000.0,92000.0,53000.0,86000.0,95333.33333333331,80083.33333333333,7937.253933193809,1.0739,38,0,Stable
ST0039,A0001,2024-01,88000,6,2024-01-01,2024,1,1,0.4999999999999999,0.8660254037844387,1,0,0,70000.0,89000.0,73000.0,78666.66666666667,88833.33333333333,81500.0,9609.02353693308,0.9652,38,0,Stable
ST0039,A0001,2024-02,60000,4,2024-02-01,2024,2,1,0.8660254037844386,0.5000000000000001,1,0,0,88000.0,77000.0,77000.0,78333.33333333333,86333.33333333333,82750.0,9073.771725877505,0.9466,38,0,Stable
ST0039,A0001,2024-03,64000,4,2024-03-01,2024,3,1,1.0,6.123233995736766e-17,1,0,1,60000.0,70000.0,76000.0,72666.66666666667,79333.33333333333,81333.33333333333,14189.197769195202,0.8934,38,0,Stable
ST0039,A0001,2024-04,79000,5,2024-04-01,2024,4,2,0.8660254037844387,-0.4999999999999998,0,0,1,64000.0,88000.0,54000.0,70666.66666666667,74666.66666666667,80333.33333333333,15143.755588800754,0.8797,38,0,Stable
ST0039,A0001,2024-05,83000,6,2024-05-01,2024,5,2,0.4999999999999999,-0.8660254037844387,0,0,2,79000.0,60000.0,56000.0,67666.66666666667,73000.0,82416.66666666667,10016.652800877851,0.821,38,0,Stable
ST0039,A0001,2024-06,68000,4,2024-06-01,2024,6,2,1.2246467991473532e-16,-1.0,0,0,2,83000.0,64000.0,109000.0,75333.33333333333,74000.0,84666.66666666667,10016.652800877851,0.8898,38,0,Stable
ST0039,A0001,2024-07,86000,5,2024-07-01,2024,7,3,-0.4999999999999997,-0.8660254037844388,0,0,2,68000.0,79000.0,103000.0,76666.66666666667,73666.66666666667,81250.0,7767.453465154086,0.9436,38,0,Stable
ST0039,A0001,2024-08,79000,7,2024-08-01,2024,8,3,-0.8660254037844385,-0.5000000000000004,0,0,3,86000.0,83000.0,102000.0,79000.0,73333.33333333333,79833.33333333333,9643.650760993,0.9895,38,0,Stable
ST0039,A0001,2024-09,94000,9,2024-09-01,2024,9,3,-1.0,-1.8369701987210294e-16,0,0,3,79000.0,68000.0,92000.0,77666.66666666667,76500.0,77916.66666666667,9073.771725877516,0.9968,38,0,Stable
ST0039,A0001,2024-10,83000,6,2024-10-01,2024,10,4,-0.8660254037844386,0.5000000000000001,0,1,3,94000.0,86000.0,89000.0,86333.33333333333,81500.0,78083.33333333333,7505.553499465193,1.1056,38,0,Stable
ST0039,A0001,2024-11,85000,7,2024-11-01,2024,11,4,-0.5000000000000004,0.8660254037844384,0,1,3,83000.0,79000.0,77000.0,85333.33333333333,82166.66666666667,77583.33333333333,7767.453465154084,1.0999,38,0,Stable
ST0039,A0001,2024-12,80000,8,2024-12-01,2024,12,4,-2.4492935982947064e-16,1.0,0,1,0,85000.0,94000.0,70000.0,87333.33333333333,82500.0,78250.0,5859.46527708239,1.1161,38,0,Stable
ST0039,A0001,2025-01,78000,6,2025-01-01,2025,1,1,0.4999999999999999,0.8660254037844387,1,0,0,80000.0,83000.0,88000.0,82666.66666666667,84500.0,79083.33333333333,2516.611478423754,1.0453,38,0,Stable
ST0039,A0001,2025-02,64000,6,2025-02-01,2025,2,1,0.8660254037844386,0.5000000000000001,1,0,0,78000.0,85000.0,60000.0,81000.0,83166.66666666667,78250.0,3605.5512754641086,1.0351,38,0,Stable
ST0039,A0001,2025-03,77000,7,2025-03-01,2025,3,1,1.0,6.123233995736766e-17,1,0,1,64000.0,80000.0,64000.0,74000.0,80666.66666666667,78583.33333333333,8717.797887081397,0.9417,38,0,Stable
ST0039,A0001,2025-04,78000,6,2025-04-01,2025,4,2,0.8660254037844387,-0.4999999999999998,0,0,1,77000.0,78000.0,79000.0,73000.0,77833.33333333333,79666.66666666667,7810.24967590671,0.9163,38,0,Stable
ST0039,A0001,2025-05,97000,7,2025-05-01,2025,5,2,0.4999999999999999,-0.8660254037844387,0,0,2,78000.0,64000.0,83000.0,73000.0,77000.0,79583.33333333333,7810.24967590671,0.9173,38,0,Stable
ST0039,A0001,2025-06,66000,7,2025-06-01,2025,6,2,1.2246467991473532e-16,-1.0,0,0,2,97000.0,77000.0,68000.0,84000.0,79000.0,80750.0,11269.427669584684,1.0402,38,0,Stable
ST0039,A0001,2025-07,91000,8,2025-07-01,2025,7,3,-0.4999999999999997,-0.8660254037844388,0,0,2,66000.0,78000.0,86000.0,80333.33333333333,76666.66666666667,80583.33333333333,15631.165450257831,0.9969,38,0,Stable
ST0039,A0001,2025-08,71000,6,2025-08-01,2025,8,3,-0.8660254037844385,-0.5000000000000004,0,0,3,91000.0,97000.0,79000.0,84666.66666666667,78833.33333333333,81000.0,16441.81660685139,1.0453,38,0,Stable
ST0039,A0001,2025-09,72000,8,2025-09-01,2025,9,3,-1.0,-1.8369701987210294e-16,0,0,3,71000.0,66000.0,94000.0,76000.0,80000.0,80333.33333333333,13228.756555322983,0.946,38,0,Stable
ST0039,A0001,2025-10,86000,8,2025-10-01,2025,10,4,-0.8660254037844386,0.5000000000000001,0,1,3,72000.0,91000.0,83000.0,78000.0,79166.66666666667,78500.0,11269.427669584684,0.9936,38,0,Stable
ST0039,A0001,2025-11,76000,6,2025-11-01,2025,11,4,-0.5000000000000004,0.8660254037844384,0,1,3,86000.0,71000.0,85000.0,76333.33333333333,80500.0,78750.0,8386.497083606137,0.9693,38,0,Stable
ST0039,A0001,2025-12,91000,7,2025-12-01,2025,12,4,-2.4492935982947064e-16,1.0,0,1,0,76000.0,72000.0,80000.0,78000.0,77000.0,78000.0,7211.102550928043,1.0,38,0,Stable
ST0039,A0002,2021-03,58000,7,2021-03-01,2021,3,1,1.0,6.123233995736766e-17,1,0,1,30000.0,57000.0,12000.0,45000.0,51666.66666666666,47250.0,13747.727084867522,0.9524,38,1,Stable
ST0039,A0002,2021-04,44000,7,2021-04-01,2021,4,2,0.8660254037844387,-0.4999999999999998,0,0,1,58000.0,48000.0,36000.0,45333.333333333336,52000.0,51083.333333333336,14189.197769195176,0.8874,38,1,Stable
ST0039,A0002,2021-05,55000,5,2021-05-01,2021,5,2,0.4999999999999999,-0.8660254037844387,0,0,2,44000.0,30000.0,46000.0,44000.0,48333.333333333336,51750.0,14000.0,0.8502,38,1,Stable
ST0039,A0002,2021-06,32000,3,2021-06-01,2021,6,2,1.2246467991473532e-16,-1.0,0,0,2,55000.0,58000.0,59000.0,52333.333333333336,48666.66666666666,52500.0,7371.114795831993,0.9968,38,1,Stable
ST0039,A0002,2021-07,64000,6,2021-07-01,2021,7,3,-0.4999999999999997,-0.8660254037844388,0,0,2,32000.0,44000.0,54000.0,43666.66666666666,44500.0,50250.0,11503.62261782493,0.869,38,1,Stable
ST0039,A0002,2021-08,101000,8,2021-08-01,2021,8,3,-0.8660254037844385,-0.5000000000000004,0,0,3,64000.0,55000.0,50000.0,50333.333333333336,47166.66666666666,51083.333333333336,16502.525059315416,0.9853,38,1,Stable
ST0039,A0002,2021-09,54000,7,2021-09-01,2021,9,3,-1.0,-1.8369701987210294e-16,0,0,3,101000.0,32000.0,56000.0,65666.66666666667,59000.0,55333.333333333336,34530.18003621373,1.1867,38,1,Stable
ST0039,A0002,2021-10,34000,5,2021-10-01,2021,10,4,-0.8660254037844386,0.5000000000000001,0,1,3,54000.0,64000.0,66000.0,73000.0,58333.333333333336,55166.66666666666,24758.83680627989,1.3232,38,1,Stable
ST0039,A0002,2021-11,58000,5,2021-11-01,2021,11,4,-0.5000000000000004,0.8660254037844384,0,1,3,34000.0,101000.0,53000.0,63000.0,56666.66666666666,52500.0,34394.767043839674,1.2,38,1,Stable
ST0039,A0002,2021-12,63000,7,2021-12-01,2021,12,4,-2.4492935982947064e-16,1.0,0,1,0,58000.0,54000.0,57000.0,48666.66666666666,57166.66666666666,52916.66666666666,12858.201014657265,0.9197,38,1,Stable
ST0039,A0002,2022-01,54000,8,2022-01-01,2022,1,1,0.4999999999999999,0.8660254037844387,1,0,0,63000.0,34000.0,48000.0,51666.66666666666,62333.333333333336,53416.66666666666,15502.687938977971,0.9672,38,1,Stable
ST0039,A0002,2022-02,55000,7,2022-02-01,2022,2,1,0.8660254037844386,0.5000000000000001,1,0,0,54000.0,58000.0,30000.0,58333.333333333336,60666.66666666666,53916.66666666666,4509.249752822876,1.0819,38,1,Stable
ST0039,A0002,2022-03,27000,5,2022-03-01,2022,3,1,1.0,6.123233995736766e-17,1,0,1,55000.0,63000.0,58000.0,57333.333333333336,53000.0,56000.0,4932.882862316231,1.0238,38,1,Stable
ST0039,A0002,2022-04,84000,3,2022-04-01,2022,4,2,0.8660254037844387,-0.4999999999999998,0,0,1,27000.0,54000.0,44000.0,45333.333333333336,48500.0,53416.66666666666,15885.003409925135,0.8487,38,1,Stable
ST0039,A0002,2022-05,148000,6,2022-05-01,2022,5,2,0.4999999999999999,-0.8660254037844387,0,0,2,84000.0,55000.0,55000.0,55333.333333333336,56833.333333333336,56750.0,28501.4619508076,0.975,38,1,Stable
ST0039,A0002,2022-06,136000,5,2022-06-01,2022,6,2,1.2246467991473532e-16,-1.0,0,0,2,148000.0,27000.0,32000.0,86333.33333333333,71833.33333333333,64500.0,60533.73714990124,1.3385,38,1,Stable
ST0039,A0002,2022-07,96000,7,2022-07-01,2022,7,3,-0.4999999999999997,-0.8660254037844388,0,0,2,136000.0,84000.0,64000.0,122666.66666666669,84000.0,73166.66666666667,34019.60219246153,1.6765,38,1,Stable
ST0039,A0002,2022-08,75000,6,2022-08-01,2022,8,3,-0.8660254037844385,-0.5000000000000004,0,0,3,96000.0,148000.0,101000.0,126666.66666666669,91000.0,75833.33333333333,27227.437142216186,1.6703,38,1,Stable
ST0039,A0002,2022-09,59000,5,2022-09-01,2022,9,3,-1.0,-1.8369701987210294e-16,0,0,3,75000.0,136000.0,54000.0,102333.33333333331,94333.33333333331,73666.66666666667,30989.24544633724,1.3891,38,1,Stable
ST0039,A0002,2022-10,74000,10,2022-10-01,2022,10,4,-0.8660254037844386,0.5000000000000001,0,1,3,59000.0,96000.0,34000.0,76666.66666666667,99666.66666666669,74083.33333333333,18556.220879622368,1.0349,38,1,Stable
ST0039,A0002,2022-11,92000,9,2022-11-01,2022,11,4,-0.5000000000000004,0.8660254037844384,0,1,3,74000.0,75000.0,58000.0,69333.33333333333,98000.0,77416.66666666667,8962.886439832495,0.8956,38,1,Stable
ST0039,A0002,2022-12,72000,5,2022-12-01,2022,12,4,-2.4492935982947064e-16,1.0,0,1,0,92000.0,59000.0,63000.0,75000.0,88666.66666666667,80250.0,16522.711641858303,0.9346,38,1,Stable
ST0039,A0002,2023-01,60000,6,2023-01-01,2023,1,1,0.4999999999999999,0.8660254037844387,1,0,0,72000.0,74000.0,54000.0,79333.33333333333,78000.0,81000.0,11015.141094572198,0.9794,38,1,Stable
ST0039,A0002,2023-02,47000,5,2023-02-01,2023,2,1,0.8660254037844386,0.5000000000000001,1,0,0,60000.0,92000.0,55000.0,74666.66666666667,72000.0,81500.0,16165.80753730952,0.9161,38,1,Stable
ST0039,A0002,2023-03,83000,8,2023-03-01,2023,3,1,1.0,6.123233995736766e-17,1,0,1,47000.0,72000.0,27000.0,59666.66666666666,67333.33333333333,80833.33333333333,12503.332889007366,0.7381,38,1,Stable
ST0039,A0002,2023-04,65000,5,2023-04-01,2023,4,2,0.8660254037844387,-0.4999999999999998,0,0,1,83000.0,60000.0,84000.0,63333.333333333336,71333.33333333333,85500.0,18230.01188516709,0.7407,38,1,Stable
ST0039,A0002,2023-05,65000,4,2023-05-01,2023,5,2,0.4999999999999999,-0.8660254037844387,0,0,2,65000.0,47000.0,148000.0,65000.0,69833.33333333333,83916.66666666667,18000.0,0.7746,38,1,Stable
ST0039,A0002,2023-06,73000,6,2023-06-01,2023,6,2,1.2246467991473532e-16,-1.0,0,0,2,65000.0,83000.0,136000.0,71000.0,65333.333333333336,77000.0,10392.30484541326,0.9221,38,1,Stable
ST0039,A0002,2023-07,84000,5,2023-07-01,2023,7,3,-0.4999999999999997,-0.8660254037844388,0,0,2,73000.0,65000.0,96000.0,67666.66666666667,65500.0,71750.0,4618.802153516997,0.9431,38,1,Stable
ST0039,A0002,2023-08,70000,4,2023-08-01,2023,8,3,-0.8660254037844385,-0.5000000000000004,0,0,3,84000.0,65000.0,75000.0,74000.0,69500.0,70750.0,9539.392014169453,1.0459,38,1,Stable
ST0039,A0002,2023-09,60000,4,2023-09-01,2023,9,3,-1.0,-1.8369701987210294e-16,0,0,3,70000.0,73000.0,59000.0,75666.66666666667,73333.33333333333,70333.33333333333,7371.114795831989,1.0758,38,1,Stable
ST0039,A0002,2023-10,60000,6,2023-10-01,2023,10,4,-0.8660254037844386,0.5000000000000001,0,1,3,60000.0,84000.0,74000.0,71333.33333333333,69500.0,70416.66666666667,12055.427546683411,1.013,38,1,Stable
ST0039,A0002,2023-11,61000,4,2023-11-01,2023,11,4,-0.5000000000000004,0.8660254037844384,0,1,3,60000.0,70000.0,92000.0,63333.333333333336,68666.66666666667,69250.0,5773.502691896238,0.9145,38,1,Stable
ST0039,A0002,2023-12,87000,5,2023-12-01,2023,12,4,-2.4492935982947064e-16,1.0,0,1,0,61000.0,60000.0,72000.0,60333.333333333336,68000.0,66666.66666666667,577.350269189388,0.905,38,1,Stable
ST0039,A0002,2024-01,83000,5,2024-01-01,2024,1,1,0.4999999999999999,0.8660254037844387,1,0,0,87000.0,60000.0,60000.0,69333.33333333333,70333.33333333333,67916.66666666667,15307.950004273374,1.0208,38,1,Stable
ST0039,A0002,2024-02,68000,4,2024-02-01,2024,2,1,0.8660254037844386,0.5000000000000001,1,0,0,83000.0,61000.0,47000.0,77000.0,70166.66666666667,69833.33333333333,13999.999999999996,1.1026,38,1,Stable
ST0039,A0002,2024-03,68000,4,2024-03-01,2024,3,1,1.0,6.123233995736766e-17,1,0,1,68000.0,87000.0,83000.0,79333.33333333333,69833.33333333333,71583.33333333333,10016.652800877806,1.1082,38,1,Stable
ST0039,A0002,2024-04,60000,5,2024-04-01,2024,4,2,0.8660254037844387,-0.4999999999999998,0,0,1,68000.0,83000.0,65000.0,73000.0,71166.66666666667,70333.33333333333,8660.254037844375,1.0379,38,1,Stable
ST0039,A0002,2024-05,75000,6,2024-05-01,2024,5,2,0.4999999999999999,-0.8660254037844387,0,0,2,60000.0,68000.0,65000.0,65333.333333333336,71166.66666666667,69916.66666666667,4618.802153516988,0.9344,38,1,Stable
ST0039,A0002,2024-06,64000,4,2024-06-01,2024,6,2,1.2246467991473532e-16,-1.0,0,0,2,75000.0,68000.0,73000.0,67666.66666666667,73500.0,70750.0,7505.553499465122,0.9564,38,1,Stable
ST0039,A0002,2024-07,119000,8,2024-07-01,2024,7,3,-0.4999999999999997,-0.8660254037844388,0,0,2,64000.0,60000.0,84000.0,66333.33333333333,69666.66666666667,70000.0,7767.453465154016,0.9476,38,1,Stable
ST0039,A0002,2024-08,61000,4,2024-08-01,2024,8,3,-0.8660254037844385,-0.5000000000000004,0,0,3,119000.0,75000.0,70000.0,86000.0,75666.66666666667,72916.66666666667,29103.264421710493,1.1794,38,1,Stable
ST0039,A0002,2024-09,79000,7,2024-09-01,2024,9,3,-1.0,-1.8369701987210294e-16,0,0,3,61000.0,64000.0,60000.0,81333.33333333333,74500.0,72166.66666666667,32654.75973473596,1.127,38,1,Stable
ST0039,A0002,2024-10,78000,6,2024-10-01,2024,10,4,-0.8660254037844386,0.5000000000000001,0,1,3,79000.0,119000.0,60000.0,86333.33333333333,76333.33333333333,73750.0,29687.258770949757,1.1706,38,1,Stable
ST0039,A0002,2024-11,55000,5,2024-11-01,2024,11,4,-0.5000000000000004,0.8660254037844384,0,1,3,78000.0,61000.0,61000.0,72666.66666666667,79333.33333333333,75250.0,10115.99393699566,0.9657,38,1,Stable
ST0039,A0002,2024-12,80000,10,2024-12-01,2024,12,4,-2.4492935982947064e-16,1.0,0,1,0,55000.0,79000.0,87000.0,70666.66666666667,76000.0,74750.0,13576.941236277522,0.9454,38,1,Stable
ST0039,A0002,2025-01,66000,7,2025-01-01,2025,1,1,0.4999999999999999,0.8660254037844387,1,0,0,80000.0,78000.0,83000.0,71000.0,78666.66666666667,74166.66666666667,13892.443989449792,0.9573,38,1,Stable
ST0039,A0002,2025-02,82000,7,2025-02-01,2025,2,1,0.8660254037844386,0.5000000000000001,1,0,0,66000.0,55000.0,68000.0,67000.0,69833.33333333333,72750.0,12529.964086141656,0.9209,38,1,Stable
ST0039,A0002,2025-03,54000,5,2025-03-01,2025,3,1,1.0,6.123233995736766e-17,1,0,1,82000.0,80000.0,68000.0,76000.0,73333.33333333333,73916.66666666667,8717.797887081328,1.0282,38,1,Stable
ST0039,A0002,2025-04,72000,5,2025-04-01,2025,4,2,0.8660254037844387,-0.4999999999999998,0,0,1,54000.0,66000.0,60000.0,67333.33333333333,69166.66666666667,72750.0,14047.538337136972,0.9255,38,1,Stable
ST0039,A0002,2025-05,71000,5,2025-05-01,2025,5,2,0.4999999999999999,-0.8660254037844387,0,0,2,72000.0,82000.0,75000.0,69333.33333333333,68166.66666666667,73750.0,14189.197769195163,0.9401,38,1,Stable
ST0039,A0002,2025-06,48000,5,2025-06-01,2025,6,2,1.2246467991473532e-16,-1.0,0,0,2,71000.0,54000.0,64000.0,65666.66666666667,70833.33333333333,73416.66666666667,10115.99393699566,0.8944,38,1,Stable
ST0039,A0002,2025-07,67000,7,2025-07-01,2025,7,3,-0.4999999999999997,-0.8660254037844388,0,0,2,48000.0,72000.0,119000.0,63666.66666666666,65500.0,72083.33333333333,13576.941236277518,0.8832,38,1,Stable
ST0039,A0002,2025-08,73000,8,2025-08-01,2025,8,3,-0.8660254037844385,-0.5000000000000004,0,0,3,67000.0,71000.0,61000.0,62000.0,65666.66666666667,67750.0,12288.205727444489,0.9151,38,1,Stable
ST0039,A0002,2025-09,49000,7,2025-09-01,2025,9,3,-1.0,-1.8369701987210294e-16,0,0,3,73000.0,48000.0,79000.0,62666.66666666666,64166.66666666666,68750.0,13051.181300301245,0.9115,38,1,Stable
ST0039,A0002,2025-10,80000,9,2025-10-01,2025,10,4,-0.8660254037844386,0.5000000000000001,0,1,3,49000.0,67000.0,78000.0,63000.0,63333.333333333336,66250.0,12489.995996796775,0.9509,38,1,Stable
ST0039,A0002,2025-11,50000,4,2025-11-01,2025,11,4,-0.5000000000000004,0.8660254037844384,0,1,3,80000.0,73000.0,55000.0,67333.33333333333,64666.66666666666,66416.66666666667,16258.331197676252,1.0138,38,1,Stable
ST0039,A0002,2025-12,72000,5,2025-12-01,2025,12,4,-2.4492935982947064e-16,1.0,0,1,0,50000.0,49000.0,80000.0,59666.66666666666,61166.66666666666,66000.0,17616.28034896507,0.904,38,1,Stable
ST0040,A0001,2024-11,27000,3,2024-11-01,2024,11,4,-0.5000000000000004,0.8660254037844384,0,1,3,35000.0,25000.0,10000.0,33333.333333333336,26666.666666666668,22083.33333333333,7637.626158259735,1.5094,39,0,Stable
ST0040,A0001,2024-12,38000,4,2024-12-01,2024,12,4,-2.4492935982947064e-16,1.0,0,1,0,27000.0,40000.0,10000.0,34000.0,26166.666666666668,23500.0,6557.4385243020015,1.4467,39,0,Stable
ST0040,A0001,2025-01,25000,2,2025-01-01,2025,1,1,0.4999999999999999,0.8660254037844387,1,0,0,38000.0,35000.0,25000.0,33333.333333333336,29166.666666666668,25833.33333333333,5686.240703077327,1.2903,39,0,Stable
ST0040,A0001,2025-02,46000,3,2025-02-01,2025,2,1,0.8660254037844386,0.5000000000000001,1,0,0,25000.0,27000.0,20000.0,30000.0,31666.666666666668,25833.33333333333,7000.000000000002,1.1612,39,0,Stable
ST0040,A0001,2025-03,31000,3,2025-03-01,2025,3,1,1.0,6.123233995736766e-17,1,0,1,46000.0,38000.0,20000.0,36333.333333333336,35166.666666666664,28000.0,10598.742063723095,1.2976,39,0,Stable
ST0040,A0001,2025-04,25000,3,2025-04-01,2025,4,2,0.8660254037844387,-0.4999999999999998,0,0,1,31000.0,25000.0,20000.0,34000.0,33666.666666666664,28916.666666666668,10816.653826391968,1.1758,39,0,Stable
ST0040,A0001,2025-05,37000,3,2025-05-01,2025,5,2,0.4999999999999999,-0.8660254037844387,0,0,2,25000.0,46000.0,30000.0,34000.0,32000.0,29333.33333333333,10816.653826391968,1.1591,39,0,Stable
ST0040,A0001,2025-06,36000,4,2025-06-01,2025,6,2,1.2246467991473532e-16,-1.0,0,0,2,37000.0,31000.0,20000.0,31000.0,33666.666666666664,29916.666666666668,5999.999999999996,1.0362,39,0,Stable
ST0040,A0001,2025-07,26000,3,2025-07-01,2025,7,3,-0.4999999999999997,-0.8660254037844388,0,0,2,36000.0,25000.0,10000.0,32666.666666666668,33333.333333333336,31250.0,6658.32811847939,1.0453,39,0,Stable
ST0040,A0001,2025-08,25000,5,2025-08-01,2025,8,3,-0.8660254037844385,-0.5000000000000004,0,0,3,26000.0,37000.0,25000.0,33000.0,33500.0,32583.33333333333,6082.762530298215,1.0128,39,0,Stable
ST0040,A0001,2025-09,35000,4,2025-09-01,2025,9,3,-1.0,-1.8369701987210294e-16,0,0,3,25000.0,36000.0,40000.0,29000.0,30000.0,32583.33333333333,6082.762530298215,0.89,39,0,Stable
ST0040,A0001,2025-10,53000,6,2025-10-01,2025,10,4,-0.8660254037844386,0.5000000000000001,0,1,3,35000.0,26000.0,35000.0,28666.666666666668,30666.666666666668,32166.666666666668,5507.570547286096,0.8912,39,0,Stable
ST0040,A0001,2025-11,22000,2,2025-11-01,2025,11,4,-0.5000000000000004,0.8660254037844384,0,1,3,53000.0,25000.0,27000.0,37666.66666666666,35333.333333333336,33666.666666666664,14189.197769195174,1.1188,39,0,Stable
ST0040,A0001,2025-12,50000,5,2025-12-01,2025,12,4,-2.4492935982947064e-16,1.0,0,1,0,22000.0,35000.0,38000.0,36666.66666666666,32833.333333333336,33250.0,15567.05923844749,1.1027,39,0,Stable
ST0042,A0002,2021-01,52000,9,2021-01-01,2021,1,1,0.4999999999999999,0.8660254037844387,1,0,0,58000.0,64000.0,13000.0,60333.333333333336,64500.0,54333.333333333336,3214.5502536643144,1.1104,41,1,Stable
ST0042,A0002,2021-02,48000,6,2021-02-01,2021,2,1,0.8660254037844386,0.5000000000000001,1,0,0,52000.0,59000.0,47000.0,56333.333333333336,62333.333333333336,57583.333333333336,3785.938897200181,0.9783,41,1,Stable
ST0042,A0002,2021-03,71000,8,2021-03-01,2021,3,1,1.0,6.123233995736766e-17,1,0,1,48000.0,58000.0,19000.0,52666.66666666666,57166.66666666666,57666.66666666666,5033.222956847165,0.9133,41,1,Stable
ST0042,A0002,2021-04,51000,7,2021-04-01,2021,4,2,0.8660254037844387,-0.4999999999999998,0,0,1,71000.0,52000.0,51000.0,57000.0,58666.66666666666,62000.0,12288.205727444509,0.9193,41,1,Stable
ST0042,A0002,2021-05,59000,6,2021-05-01,2021,5,2,0.4999999999999999,-0.8660254037844387,0,0,2,51000.0,48000.0,70000.0,56666.66666666666,56500.0,62000.0,12503.332889007366,0.914,41,1,Stable
ST0042,A0002,2021-06,57000,7,2021-06-01,2021,6,2,1.2246467991473532e-16,-1.0,0,0,2,59000.0,71000.0,65000.0,60333.333333333336,56500.0,61083.333333333336,10066.445913694331,0.9877,41,1,Stable
ST0042,A0002,2021-07,50000,5,2021-07-01,2021,7,3,-0.4999999999999997,-0.8660254037844388,0,0,2,57000.0,51000.0,65000.0,55666.66666666666,56333.333333333336,60416.66666666666,4163.331998932265,0.9214,41,1,Stable
ST0042,A0002,2021-08,62000,6,2021-08-01,2021,8,3,-0.8660254037844385,-0.5000000000000004,0,0,3,50000.0,59000.0,79000.0,55333.333333333336,56000.0,59166.66666666666,4725.815626252611,0.9352,41,1,Stable
ST0042,A0002,2021-09,65000,5,2021-09-01,2021,9,3,-1.0,-1.8369701987210294e-16,0,0,3,62000.0,57000.0,62000.0,56333.333333333336,58333.333333333336,57750.0,6027.713773341709,0.9755,41,1,Stable
ST0042,A0002,2021-10,51000,6,2021-10-01,2021,10,4,-0.8660254037844386,0.5000000000000001,0,1,3,65000.0,50000.0,64000.0,59000.0,57333.333333333336,58000.0,7937.253933193772,1.0172,41,1,Stable
ST0042,A0002,2021-11,70000,9,2021-11-01,2021,11,4,-0.5000000000000004,0.8660254037844384,0,1,3,51000.0,62000.0,59000.0,59333.333333333336,57333.333333333336,56916.66666666666,7371.114795831996,1.0424,41,1,Stable
ST0042,A0002,2021-12,75000,7,2021-12-01,2021,12,4,-2.4492935982947064e-16,1.0,0,1,0,70000.0,65000.0,58000.0,62000.0,59166.66666666666,57833.333333333336,9848.857801796106,1.072,41,1,Stable
ST0042,A0002,2022-01,70000,8,2022-01-01,2022,1,1,0.4999999999999999,0.8660254037844387,1,0,0,75000.0,51000.0,52000.0,65333.333333333336,62166.66666666666,59250.0,12662.279942148389,1.1027,41,1,Stable
ST0042,A0002,2022-02,52000,6,2022-02-01,2022,2,1,0.8660254037844386,0.5000000000000001,1,0,0,70000.0,70000.0,48000.0,71666.66666666667,65500.0,60750.0,2886.7513459481247,1.1797,41,1,Stable
ST0042,A0002,2022-03,28000,3,2022-03-01,2022,3,1,1.0,6.123233995736766e-17,1,0,1,52000.0,75000.0,71000.0,65666.66666666667,63833.333333333336,61083.333333333336,12096.831541082704,1.075,41,1,Stable
ST0042,A0002,2022-04,95000,2,2022-04-01,2022,4,2,0.8660254037844387,-0.4999999999999998,0,0,1,28000.0,70000.0,51000.0,50000.0,57666.66666666666,57500.0,21071.307505705485,0.8696,41,1,Stable
ST0042,A0002,2022-05,113000,7,2022-05-01,2022,5,2,0.4999999999999999,-0.8660254037844387,0,0,2,95000.0,52000.0,59000.0,58333.333333333336,65000.0,61166.66666666666,33946.035605550955,0.9537,41,1,Stable
ST0042,A0002,2022-06,64000,8,2022-06-01,2022,6,2,1.2246467991473532e-16,-1.0,0,0,2,113000.0,28000.0,57000.0,78666.66666666667,72166.66666666667,65666.66666666667,44792.11240088296,1.198,41,1,Stable
ST0042,A0002,2022-07,101000,11,2022-07-01,2022,7,3,-0.4999999999999997,-0.8660254037844388,0,0,2,64000.0,95000.0,50000.0,90666.66666666669,70333.33333333333,66250.0,24785.748593361724,1.3685,41,1,Stable
ST0042,A0002,2022-08,66000,7,2022-08-01,2022,8,3,-0.8660254037844385,-0.5000000000000004,0,0,3,101000.0,113000.0,62000.0,92666.66666666669,75500.0,70500.0,25540.817005987352,1.3144,41,1,Stable
ST0042,A0002,2022-09,58000,6,2022-09-01,2022,9,3,-1.0,-1.8369701987210294e-16,0,0,3,66000.0,64000.0,65000.0,77000.0,77833.33333333333,70833.33333333333,20808.6520466848,1.087,41,1,Stable
ST0042,A0002,2022-10,78000,6,2022-10-01,2022,10,4,-0.8660254037844386,0.5000000000000001,0,1,3,58000.0,101000.0,51000.0,75000.0,82833.33333333333,70250.0,22869.19325205853,1.0676,41,1,Stable
ST0042,A0002,2022-11,64000,6,2022-11-01,2022,11,4,-0.5000000000000004,0.8660254037844384,0,1,3,78000.0,66000.0,70000.0,67333.33333333333,80000.0,72500.0,10066.445913694306,0.9287,41,1,Stable
ST0042,A0002,2022-12,65000,6,2022-12-01,2022,12,4,-2.4492935982947064e-16,1.0,0,1,0,64000.0,58000.0,75000.0,66666.66666666667,71833.33333333333,72000.0,10263.202878893742,0.9259,41,1,Stable
ST0042,A0002,2023-01,58000,6,2023-01-01,2023,1,1,0.4999999999999999,0.8660254037844387,1,0,0,65000.0,78000.0,70000.0,69000.0,72000.0,71166.66666666667,7810.249675906618,0.9695,41,1,Stable
ST0042,A0002,2023-02,64000,6,2023-02-01,2023,2,1,0.8660254037844386,0.5000000000000001,1,0,0,58000.0,64000.0,52000.0,62333.333333333336,64833.333333333336,70166.66666666667,3785.938897200108,0.8883,41,1,Stable
ST0042,A0002,2023-03,55000,6,2023-03-01,2023,3,1,1.0,6.123233995736766e-17,1,0,1,64000.0,65000.0,28000.0,62333.333333333336,64500.0,71166.66666666667,3785.938897200108,0.8759,41,1,Stable
ST0042,A0002,2023-04,24000,2,2023-04-01,2023,4,2,0.8660254037844387,-0.4999999999999998,0,0,1,55000.0,58000.0,95000.0,59000.0,64000.0,73416.66666666667,4582.575694955779,0.8036,41,1,Stable
ST0042,A0002,2023-05,48000,5,2023-05-01,2023,5,2,0.4999999999999999,-0.8660254037844387,0,0,2,24000.0,64000.0,113000.0,47666.66666666666,55000.0,67500.0,20984.120980716176,0.7062,41,1,Stable
ST0042,A0002,2023-06,35000,5,2023-06-01,2023,6,2,1.2246467991473532e-16,-1.0,0,0,2,48000.0,55000.0,64000.0,42333.333333333336,52333.333333333336,62083.333333333336,16258.331197676243,0.6819,41,1,Stable
ST0042,A0002,2023-07,50000,5,2023-07-01,2023,7,3,-0.4999999999999997,-0.8660254037844388,0,0,2,35000.0,24000.0,101000.0,35666.666666666664,47333.333333333336,59666.66666666666,12013.880860626708,0.5978,41,1,Stable
ST0042,A0002,2023-08,50000,5,2023-08-01,2023,8,3,-0.8660254037844385,-0.5000000000000004,0,0,3,50000.0,48000.0,66000.0,44333.333333333336,46000.0,55416.66666666666,8144.527815247043,0.8,41,1,Stable
ST0042,A0002,2023-09,35000,3,2023-09-01,2023,9,3,-1.0,-1.8369701987210294e-16,0,0,3,50000.0,35000.0,58000.0,45000.0,43666.66666666666,54083.333333333336,8660.254037844354,0.832,41,1,Stable
ST0042,A0002,2023-10,45000,3,2023-10-01,2023,10,4,-0.8660254037844386,0.5000000000000001,0,1,3,35000.0,50000.0,78000.0,45000.0,40333.333333333336,52166.66666666666,8660.254037844354,0.8626,41,1,Stable
ST0042,A0002,2023-11,45000,6,2023-11-01,2023,11,4,-0.5000000000000004,0.8660254037844384,0,1,3,45000.0,50000.0,64000.0,43333.333333333336,43833.333333333336,49416.66666666666,7637.626158259696,0.8769,41,1,Stable
ST0042,A0002,2023-12,30000,3,2023-12-01,2023,12,4,-2.4492935982947064e-16,1.0,0,1,0,45000.0,35000.0,65000.0,41666.66666666666,43333.333333333336,47833.333333333336,5773.502691896209,0.8711,41,1,Stable
ST0042,A0002,2024-01,50000,3,2024-01-01,2024,1,1,0.4999999999999999,0.8660254037844387,1,0,0,30000.0,45000.0,58000.0,40000.0,42500.0,44916.66666666666,8660.254037844355,0.8905,41,1,Stable
ST0042,A0002,2024-02,30000,2,2024-02-01,2024,2,1,0.8660254037844386,0.5000000000000001,1,0,0,50000.0,45000.0,64000.0,41666.66666666666,42500.0,44250.0,10408.329997330638,0.9416,41,1,Stable
ST0042,A0002,2024-03,32000,3,2024-03-01,2024,3,1,1.0,6.123233995736766e-17,1,0,1,30000.0,30000.0,55000.0,36666.66666666666,39166.66666666666,41416.66666666666,11547.005383792492,0.8853,41,1,Stable
ST0042,A0002,2024-04,43000,5,2024-04-01,2024,4,2,0.8660254037844387,-0.4999999999999998,0,0,1,32000.0,50000.0,24000.0,37333.333333333336,38666.66666666666,39500.0,11015.14109457218,0.9451,41,1,Stable
ST0042,A0002,2024-05,45000,4,2024-05-01,2024,5,2,0.4999999999999999,-0.8660254037844387,0,0,2,43000.0,30000.0,48000.0,35000.0,38333.333333333336,41083.333333333336,6999.9999999999645,0.8519,41,1,Stable
ST0042,A0002,2024-06,30000,3,2024-06-01,2024,6,2,1.2246467991473532e-16,-1.0,0,0,2,45000.0,32000.0,35000.0,40000.0,38333.333333333336,40833.333333333336,6999.9999999999645,0.9796,41,1,Stable
ST0042,A0002,2024-07,45000,3,2024-07-01,2024,7,3,-0.4999999999999997,-0.8660254037844388,0,0,2,30000.0,43000.0,50000.0,39333.333333333336,38333.333333333336,40416.66666666666,8144.527815247048,0.9732,41,1,Stable
ST0042,A0002,2024-08,30000,2,2024-08-01,2024,8,3,-0.8660254037844385,-0.5000000000000004,0,0,3,45000.0,45000.0,50000.0,40000.0,37500.0,40000.0,8660.25403784436,1.0,41,1,Stable
ST0042,A0002,2024-09,30000,2,2024-09-01,2024,9,3,-1.0,-1.8369701987210294e-16,0,0,3,30000.0,30000.0,35000.0,35000.0,37500.0,38333.333333333336,8660.25403784436,0.913,41,1,Stable
ST0042,A0002,2024-10,45000,5,2024-10-01,2024,10,4,-0.8660254037844386,0.5000000000000001,0,1,3,30000.0,45000.0,45000.0,35000.0,37166.66666666666,37916.66666666666,8660.25403784436,0.9231,41,1,Stable
ST0042,A0002,2024-11,30000,2,2024-11-01,2024,11,4,-0.5000000000000004,0.8660254037844384,0,1,3,45000.0,30000.0,45000.0,35000.0,37500.0,37916.66666666666,8660.25403784436,0.9231,41,1,Stable
ST0042,A0002,2024-12,30000,2,2024-12-01,2024,12,4,-2.4492935982947064e-16,1.0,0,1,0,30000.0,30000.0,30000.0,35000.0,35000.0,36666.66666666666,8660.25403784436,0.9545,41,1,Stable
ST0042,A0002,2025-01,40000,3,2025-01-01,2025,1,1,0.4999999999999999,0.8660254037844387,1,0,0,30000.0,45000.0,50000.0,35000.0,35000.0,36666.66666666666,8660.25403784436,0.9545,41,1,Stable
ST0042,A0002,2025-02,38000,5,2025-02-01,2025,2,1,0.8660254037844386,0.5000000000000001,1,0,0,40000.0,30000.0,30000.0,33333.333333333336,34166.666666666664,35833.333333333336,5773.502691896215,0.9302,41,1,Stable
ST0042,A0002,2025-03,37000,3,2025-03-01,2025,3,1,1.0,6.123233995736766e-17,1,0,1,38000.0,30000.0,32000.0,36000.0,35500.0,36500.0,5291.502622129135,0.9863,41,1,Stable
ST0042,A0002,2025-04,45000,3,2025-04-01,2025,4,2,0.8660254037844387,-0.4999999999999998,0,0,1,37000.0,40000.0,43000.0,38333.333333333336,36666.66666666666,36916.66666666666,1527.5252316517854,1.0383,41,1,Stable
ST0042,A0002,2025-05,30000,3,2025-05-01,2025,5,2,0.4999999999999999,-0.8660254037844387,0,0,2,45000.0,38000.0,45000.0,40000.0,36666.66666666666,37083.333333333336,4358.898943540617,1.0786,41,1,Stable
ST0042,A0002,2025-06,45000,4,2025-06-01,2025,6,2,1.2246467991473532e-16,-1.0,0,0,2,30000.0,37000.0,30000.0,37333.333333333336,36666.66666666666,35833.333333333336,7505.5534994651025,1.0418,41,1,Stable
ST0042,A0002,2025-07,45000,3,2025-07-01,2025,7,3,-0.4999999999999997,-0.8660254037844388,0,0,2,45000.0,45000.0,45000.0,40000.0,39166.66666666666,37083.333333333336,8660.25403784436,1.0786,41,1,Stable
ST0042,A0002,2025-08,30000,3,2025-08-01,2025,8,3,-0.8660254037844385,-0.5000000000000004,0,0,3,45000.0,30000.0,30000.0,40000.0,40000.0,37083.333333333336,8660.25403784436,1.0786,41,1,Stable
ST0042,A0002,2025-09,30000,2,2025-09-01,2025,9,3,-1.0,-1.8369701987210294e-16,0,0,3,30000.0,45000.0,30000.0,40000.0,38666.66666666666,37083.333333333336,8660.25403784436,1.0786,41,1,Stable
ST0042,A0002,2025-10,45000,4,2025-10-01,2025,10,4,-0.8660254037844386,0.5000000000000001,0,1,3,30000.0,45000.0,45000.0,35000.0,37500.0,37083.333333333336,8660.25403784436,0.9438,41,1,Stable
ST0042,A0002,2025-11,27000,2,2025-11-01,2025,11,4,-0.5000000000000004,0.8660254037844384,0,1,3,45000.0,30000.0,30000.0,35000.0,37500.0,37083.333333333336,8660.25403784436,0.9438,41,1,Stable
ST0042,A0002,2025-12,47000,6,2025-12-01,2025,12,4,-2.4492935982947064e-16,1.0,0,1,0,27000.0,30000.0,30000.0,34000.0,37000.0,36833.333333333336,9643.65076099293,0.9231,41,1,Stable
ST0049,A0001,2021-01,19000,4,2021-01-01,2021,1,1,0.4999999999999999,0.8660254037844387,1,0,0,29000.0,28000.0,23000.0,25333.33333333333,24833.33333333333,26583.33333333333,5507.5705472861055,0.9529,48,0,Stable
ST0049,A0001,2021-02,17000,4,2021-02-01,2021,2,1,0.8660254037844386,0.5000000000000001,1,0,0,19000.0,19000.0,41000.0,22333.33333333333,23333.33333333333,26250.0,5773.50269189626,0.8508,48,0,Stable
ST0049,A0001,2021-03,20000,4,2021-03-01,2021,3,1,1.0,6.123233995736766e-17,1,0,1,17000.0,29000.0,38000.0,21666.666666666668,22333.33333333333,24250.0,6429.10050732864,0.8934,48,0,Stable
ST0049,A0001,2021-04,17000,4,2021-04-01,2021,4,2,0.8660254037844387,-0.4999999999999998,0,0,1,20000.0,19000.0,30000.0,18666.666666666668,22000.0,22750.0,1527.525231651961,0.8205,48,0,Stable
ST0049,A0001,2021-05,15000,4,2021-05-01,2021,5,2,0.4999999999999999,-0.8660254037844387,0,0,2,17000.0,17000.0,21000.0,18000.0,20166.666666666668,21666.666666666668,1732.05080756889,0.8307,48,0,Stable
ST0049,A0001,2021-06,16000,4,2021-06-01,2021,6,2,1.2246467991473532e-16,-1.0,0,0,2,15000.0,20000.0,17000.0,17333.333333333332,19500.0,21166.666666666668,2516.6114784235915,0.8189,48,0,Stable
ST0049,A0001,2021-07,17000,4,2021-07-01,2021,7,3,-0.4999999999999997,-0.8660254037844388,0,0,2,16000.0,17000.0,28000.0,16000.0,17333.333333333332,21083.33333333333,1000.0000000000182,0.7589,48,0,Stable
ST0049,A0001,2021-08,12000,3,2021-08-01,2021,8,3,-0.8660254037844385,-0.5000000000000004,0,0,3,17000.0,15000.0,23000.0,16000.0,17000.0,20166.666666666668,1000.0000000000182,0.7933,48,0,Stable
ST0049,A0001,2021-09,13000,3,2021-09-01,2021,9,3,-1.0,-1.8369701987210294e-16,0,0,3,12000.0,16000.0,22000.0,15000.0,16166.666666666666,19250.0,2645.7513110645964,0.7792,48,0,Stable
ST0049,A0001,2021-10,11000,3,2021-10-01,2021,10,4,-0.8660254037844386,0.5000000000000001,0,1,3,13000.0,17000.0,28000.0,14000.0,15000.0,18500.0,2645.751311064595,0.7567,48,0,Stable
ST0049,A0001,2021-11,16000,4,2021-11-01,2021,11,4,-0.5000000000000004,0.8660254037844384,0,1,3,11000.0,12000.0,19000.0,12000.0,14000.0,17083.333333333332,1000.000000000006,0.7024,48,0,Stable
ST0049,A0001,2021-12,20000,4,2021-12-01,2021,12,4,-2.4492935982947064e-16,1.0,0,1,0,16000.0,13000.0,29000.0,13333.333333333334,14166.666666666666,16833.333333333332,2516.611478423588,0.792,48,0,Stable
ST0049,A0001,2022-01,13000,3,2022-01-01,2022,1,1,0.4999999999999999,0.8660254037844387,1,0,0,20000.0,11000.0,19000.0,15666.666666666666,14833.333333333334,16083.333333333334,4509.249752822899,0.974,48,0,Stable
ST0049,A0001,2022-02,14000,3,2022-02-01,2022,2,1,0.8660254037844386,0.5000000000000001,1,0,0,13000.0,16000.0,17000.0,16333.333333333334,14166.666666666666,15583.333333333334,3511.8845842842525,1.0481,48,0,Stable
ST0049,A0001,2022-03,18000,5,2022-03-01,2022,3,1,1.0,6.123233995736766e-17,1,0,1,14000.0,20000.0,20000.0,15666.666666666666,14500.0,15333.333333333334,3785.938897200188,1.0217,48,0,Stable
ST0049,A0001,2022-04,12000,3,2022-04-01,2022,4,2,0.8660254037844387,-0.4999999999999998,0,0,1,18000.0,13000.0,17000.0,15000.0,15333.333333333334,15166.666666666666,2645.7513110645964,0.9889,48,0,Stable
ST0049,A0001,2022-05,8000,2,2022-05-01,2022,5,2,0.4999999999999999,-0.8660254037844387,0,0,2,12000.0,14000.0,15000.0,14666.666666666666,15500.0,14750.0,3055.050463303898,0.9943,48,0,Stable
ST0049,A0001,2022-06,13000,3,2022-06-01,2022,6,2,1.2246467991473532e-16,-1.0,0,0,2,8000.0,18000.0,16000.0,12666.666666666666,14166.666666666666,14166.666666666666,5033.2229568471685,0.8941,48,0,Stable
ST0049,A0001,2022-07,8000,2,2022-07-01,2022,7,3,-0.4999999999999997,-0.8660254037844388,0,0,2,13000.0,12000.0,17000.0,11000.0,13000.0,13916.666666666666,2645.751311064591,0.7904,48,0,Stable
ST0049,A0001,2022-08,10000,2,2022-08-01,2022,8,3,-0.8660254037844385,-0.5000000000000004,0,0,3,8000.0,8000.0,12000.0,9666.666666666666,12166.666666666666,13166.666666666666,2886.751345948128,0.7341,48,0,Stable
ST0049,A0001,2022-09,15000,3,2022-09-01,2022,9,3,-1.0,-1.8369701987210294e-16,0,0,3,10000.0,13000.0,13000.0,10333.333333333334,11500.0,13000.0,2516.611478423583,0.7948,48,0,Stable
ST0049,A0001,2022-10,5000,1,2022-10-01,2022,10,4,-0.8660254037844386,0.5000000000000001,0,1,3,15000.0,8000.0,11000.0,11000.0,11000.0,13166.666666666666,3605.551275463989,0.8354,48,0,Stable
ST0049,A0001,2022-11,20000,4,2022-11-01,2022,11,4,-0.5000000000000004,0.8660254037844384,0,1,3,5000.0,10000.0,16000.0,10000.0,9833.333333333334,12666.666666666666,4999.999999999999,0.7894,48,0,Stable
ST0049,A0001,2022-12,12000,2,2022-12-01,2022,12,4,-2.4492935982947064e-16,1.0,0,1,0,20000.0,15000.0,20000.0,13333.333333333334,11833.333333333334,13000.0,7637.626158259735,1.0256,48,0,Stable
ST0049,A0001,2023-01,5000,1,2023-01-01,2023,1,1,0.4999999999999999,0.8660254037844387,1,0,0,12000.0,5000.0,13000.0,12333.333333333334,11666.666666666666,12333.333333333334,7505.553499465135,0.9999,48,0,Stable
ST0049,A0001,2023-02,9000,2,2023-02-01,2023,2,1,0.8660254037844386,0.5000000000000001,1,0,0,5000.0,20000.0,14000.0,12333.333333333334,11166.666666666666,11666.666666666666,7505.553499465135,1.0571,48,0,Stable
ST0049,A0001,2023-03,10000,2,2023-03-01,2023,3,1,1.0,6.123233995736766e-17,1,0,1,9000.0,12000.0,18000.0,8666.666666666666,11000.0,11250.0,3511.8845842842434,0.7703,48,0,Stable
ST0049,A0001,2023-04,5000,1,2023-04-01,2023,4,2,0.8660254037844387,-0.4999999999999998,0,0,1,10000.0,5000.0,12000.0,8000.0,10166.666666666666,10583.333333333334,2645.751311064585,0.7558,48,0,Stable
ST0049,A0001,2023-05,7000,2,2023-05-01,2023,5,2,0.4999999999999999,-0.8660254037844387,0,0,2,5000.0,9000.0,8000.0,8000.0,10166.666666666666,10000.0,2645.751311064585,0.7999,48,0,Stable
ST0049,A0001,2023-06,11000,3,2023-06-01,2023,6,2,1.2246467991473532e-16,-1.0,0,0,2,7000.0,10000.0,13000.0,7333.333333333333,8000.0,9916.666666666666,2516.611478423577,0.7394,48,0,Stable
ST0049,A0001,2023-07,30000,2,2023-07-01,2023,7,3,-0.4999999999999997,-0.8660254037844388,0,0,2,11000.0,5000.0,8000.0,7666.666666666667,7833.333333333333,9750.0,3055.050463303889,0.7862,48,0,Stable
ST0049,A0001,2023-08,30000,3,2023-08-01,2023,8,3,-0.8660254037844385,-0.5000000000000004,0,0,3,30000.0,7000.0,10000.0,16000.0,12000.0,11583.333333333334,12288.205727444509,1.3812,48,0,Stable
ST0049,A0001,2023-09,15000,1,2023-09-01,2023,9,3,-1.0,-1.8369701987210294e-16,0,0,3,30000.0,11000.0,15000.0,23666.666666666668,15500.0,13250.0,10969.655114602896,1.786,48,0,Stable
ST0049,A0001,2023-10,15000,1,2023-10-01,2023,10,4,-0.8660254037844386,0.5000000000000001,0,1,3,15000.0,30000.0,5000.0,25000.0,16333.333333333334,13250.0,8660.254037844397,1.8867,48,0,Stable
ST0049,A0001,2023-11,15000,1,2023-11-01,2023,11,4,-0.5000000000000004,0.8660254037844384,0,1,3,15000.0,30000.0,20000.0,20000.0,18000.0,14083.333333333334,8660.254037844394,1.42,48,0,Stable
ST0049,A0001,2023-12,15000,2,2023-12-01,2023,12,4,-2.4492935982947064e-16,1.0,0,1,0,15000.0,15000.0,12000.0,15000.0,19333.33333333333,13666.666666666666,0.0,1.0975,48,0,Stable
ST0049,A0001,2024-01,15000,1,2024-01-01,2024,1,1,0.4999999999999999,0.8660254037844387,1,0,0,15000.0,15000.0,5000.0,15000.0,20000.0,13916.666666666666,0.0,1.0778,48,0,Stable
ST0049,A0001,2024-02,30000,2,2024-02-01,2024,2,1,0.8660254037844386,0.5000000000000001,1,0,0,15000.0,15000.0,9000.0,15000.0,17500.0,14750.0,0.0,1.0169,48,0,Stable
ST0049,A0001,2024-04,15000,1,2024-04-01,2024,4,2,0.8660254037844387,-0.4999999999999998,0,0,1,30000.0,15000.0,10000.0,20000.0,17500.0,16500.0,8660.254037844394,1.212,48,0,Stable
ST0049,A0001,2024-05,30000,2,2024-05-01,2024,5,2,0.4999999999999999,-0.8660254037844387,0,0,2,15000.0,15000.0,5000.0,20000.0,17500.0,16916.666666666668,8660.254037844394,1.1822,48,0,Stable
ST0049,A0001,2024-06,15000,1,2024-06-01,2024,6,2,1.2246467991473532e-16,-1.0,0,0,2,30000.0,30000.0,7000.0,25000.0,20000.0,19000.0,8660.254037844397,1.3157,48,0,Stable
ST0049,A0001,2024-07,15000,1,2024-07-01,2024,7,3,-0.4999999999999997,-0.8660254037844388,0,0,2,15000.0,15000.0,11000.0,20000.0,20000.0,19666.666666666668,8660.254037844394,1.0169,48,0,Stable
ST0049,A0001,2024-08,15000,1,2024-08-01,2024,8,3,-0.8660254037844385,-0.5000000000000004,0,0,3,15000.0,30000.0,30000.0,20000.0,20000.0,20000.0,8660.254037844394,1.0,48,0,Stable
ST0049,A0001,2024-09,30000,2,2024-09-01,2024,9,3,-1.0,-1.8369701987210294e-16,0,0,3,15000.0,15000.0,30000.0,15000.0,20000.0,18750.0,0.0,0.8,48,0,Stable
ST0049,A0001,2024-10,15000,2,2024-10-01,2024,10,4,-0.8660254037844386,0.5000000000000001,0,1,3,30000.0,15000.0,15000.0,20000.0,20000.0,18750.0,8660.254037844394,1.0666,48,0,Stable
ST0049,A0001,2024-11,12000,2,2024-11-01,2024,11,4,-0.5000000000000004,0.8660254037844384,0,1,3,15000.0,15000.0,15000.0,20000.0,20000.0,18750.0,8660.254037844394,1.0666,48,0,Stable
ST0049,A0001,2024-12,24000,3,2024-12-01,2024,12,4,-2.4492935982947064e-16,1.0,0,1,0,12000.0,30000.0,15000.0,19000.0,17000.0,18500.0,9643.65076099296,1.027,48,0,Stable
ST0049,A0001,2025-01,11000,3,2025-01-01,2025,1,1,0.4999999999999999,0.8660254037844387,1,0,0,24000.0,15000.0,15000.0,17000.0,18500.0,19250.0,6244.997998398405,0.8831,48,0,Stable
ST0049,A0001,2025-02,15000,2,2025-02-01,2025,2,1,0.8660254037844386,0.5000000000000001,1,0,0,11000.0,12000.0,15000.0,15666.666666666666,17833.333333333332,18916.666666666668,7234.17813807024,0.8282,48,0,Stable
ST0049,A0001,2025-03,11000,2,2025-03-01,2025,3,1,1.0,6.123233995736766e-17,1,0,1,15000.0,24000.0,30000.0,16666.666666666668,17833.333333333332,18916.666666666668,6658.3281184794,0.881,48,0,Stable
ST0049,A0001,2025-04,21000,3,2025-04-01,2025,4,2,0.8660254037844387,-0.4999999999999998,0,0,1,11000.0,11000.0,15000.0,12333.333333333334,14666.666666666666,17333.333333333332,2309.401076758504,0.7115,48,0,Stable
ST0049,A0001,2025-05,12000,2,2025-05-01,2025,5,2,0.4999999999999999,-0.8660254037844387,0,0,2,21000.0,15000.0,30000.0,15666.666666666666,15666.666666666666,17833.333333333332,5033.222956847174,0.8785,48,0,Stable
ST0049,A0001,2025-06,16000,2,2025-06-01,2025,6,2,1.2246467991473532e-16,-1.0,0,0,2,12000.0,11000.0,15000.0,14666.666666666666,15666.666666666666,16333.333333333334,5507.570547286107,0.8979,48,0,Stable
ST0049,A0001,2025-07,23000,3,2025-07-01,2025,7,3,-0.4999999999999997,-0.8660254037844388,0,0,2,16000.0,21000.0,15000.0,16333.333333333334,14333.333333333334,16416.666666666668,4509.249752822904,0.9949,48,0,Stable
ST0049,A0001,2025-08,14000,2,2025-08-01,2025,8,3,-0.8660254037844385,-0.5000000000000004,0,0,3,23000.0,12000.0,15000.0,17000.0,16333.333333333334,17083.333333333332,5567.764362830032,0.9951,48,0,Stable
ST0049,A0001,2025-09,16000,2,2025-09-01,2025,9,3,-1.0,-1.8369701987210294e-16,0,0,3,14000.0,16000.0,30000.0,17666.666666666668,16166.666666666666,17000.0,4725.815626252622,1.0392,48,0,Stable
ST0049,A0001,2025-10,6000,1,2025-10-01,2025,10,4,-0.8660254037844386,0.5000000000000001,0,1,3,16000.0,23000.0,15000.0,17666.666666666668,17000.0,15833.333333333334,4725.815626252622,1.1157,48,0,Stable
ST0049,A0001,2025-11,20000,3,2025-11-01,2025,11,4,-0.5000000000000004,0.8660254037844384,0,1,3,6000.0,14000.0,12000.0,12000.0,14500.0,15083.333333333334,5291.502622129184,0.7955,48,0,Stable
ST0049,A0001,2025-12,13000,2,2025-12-01,2025,12,4,-2.4492935982947064e-16,1.0,0,1,0,20000.0,16000.0,24000.0,14000.0,15833.333333333334,15750.0,7211.1025509279825,0.8888,48,0,Stable
ST0049,A0002,2021-01,19000,4,2021-01-01,2021,1,1,0.4999999999999999,0.8660254037844387,1,0,0,27000.0,31000.0,30000.0,26666.666666666668,26666.666666666668,30416.666666666668,4509.2497528228905,0.8767,48,1,Stable
ST0049,A0002,2021-02,15000,4,2021-02-01,2021,2,1,0.8660254037844386,0.5000000000000001,1,0,0,19000.0,22000.0,49000.0,22666.666666666668,24833.33333333333,29500.0,4041.451884327377,0.7683,48,1,Stable
ST0049,A0002,2021-03,22000,6,2021-03-01,2021,3,1,1.0,6.123233995736766e-17,1,0,1,15000.0,27000.0,35000.0,20333.33333333333,22500.0,26666.666666666668,6110.100926607784,0.7625,48,1,Stable
ST0049,A0002,2021-04,17000,4,2021-04-01,2021,4,2,0.8660254037844387,-0.4999999999999998,0,0,1,22000.0,19000.0,38000.0,18666.666666666668,22666.666666666668,25583.33333333333,3511.88458428424,0.7296,48,1,Stable
ST0049,A0002,2021-05,14000,5,2021-05-01,2021,5,2,0.4999999999999999,-0.8660254037844387,0,0,2,17000.0,15000.0,26000.0,18000.0,20333.33333333333,23833.33333333333,3605.551275463983,0.7552,48,1,Stable
ST0049,A0002,2021-06,10000,3,2021-06-01,2021,6,2,1.2246467991473532e-16,-1.0,0,0,2,14000.0,22000.0,27000.0,17666.666666666668,19000.0,22833.33333333333,4041.451884327375,0.7737,48,1,Stable
ST0049,A0002,2021-07,12000,3,2021-07-01,2021,7,3,-0.4999999999999997,-0.8660254037844388,0,0,2,10000.0,17000.0,30000.0,13666.666666666666,16166.666666666666,21416.666666666668,3511.8845842842425,0.6381,48,1,Stable
ST0049,A0002,2021-08,11000,3,2021-08-01,2021,8,3,-0.8660254037844385,-0.5000000000000004,0,0,3,12000.0,14000.0,29000.0,12000.0,15000.0,19916.666666666668,1999.9999999999943,0.6025,48,1,Stable
ST0049,A0002,2021-09,6000,2,2021-09-01,2021,9,3,-1.0,-1.8369701987210294e-16,0,0,3,11000.0,10000.0,21000.0,11000.0,14333.333333333334,18416.666666666668,999.9999999999924,0.5973,48,1,Stable
ST0049,A0002,2021-10,7000,2,2021-10-01,2021,10,4,-0.8660254037844386,0.5000000000000001,0,1,3,6000.0,12000.0,31000.0,9666.666666666666,11666.666666666666,17166.666666666668,3214.550253664318,0.5631,48,1,Stable
ST0049,A0002,2021-11,12000,4,2021-11-01,2021,11,4,-0.5000000000000004,0.8660254037844384,0,1,3,7000.0,11000.0,22000.0,8000.0,10000.0,15166.666666666666,2645.7513110645923,0.5274,48,1,Stable
ST0049,A0002,2021-12,14000,4,2021-12-01,2021,12,4,-2.4492935982947064e-16,1.0,0,1,0,12000.0,6000.0,27000.0,8333.333333333334,9666.666666666666,14333.333333333334,3214.55025366432,0.5814,48,1,Stable
ST0049,A0002,2022-01,15000,4,2022-01-01,2022,1,1,0.4999999999999999,0.8660254037844387,1,0,0,14000.0,7000.0,19000.0,11000.0,10333.333333333334,13250.0,3605.551275463988,0.8301,48,1,Stable
ST0049,A0002,2022-02,10000,3,2022-02-01,2022,2,1,0.8660254037844386,0.5000000000000001,1,0,0,15000.0,12000.0,15000.0,13666.666666666666,10833.333333333334,12916.666666666666,1527.5252316519382,1.058,48,1,Stable
ST0049,A0002,2022-03,9000,3,2022-03-01,2022,3,1,1.0,6.123233995736766e-17,1,0,1,10000.0,14000.0,22000.0,13000.0,10666.666666666666,12500.0,2645.7513110645864,1.0399,48,1,Stable
ST0049,A0002,2022-04,23000,1,2022-04-01,2022,4,2,0.8660254037844387,-0.4999999999999998,0,0,1,9000.0,15000.0,17000.0,11333.333333333334,11166.666666666666,11416.666666666666,3214.550253664316,0.9926,48,1,Stable
ST0049,A0002,2022-05,36000,5,2022-05-01,2022,5,2,0.4999999999999999,-0.8660254037844387,0,0,2,23000.0,10000.0,14000.0,14000.0,13833.333333333334,11916.666666666666,7810.249675906652,1.1747,48,1,Stable
ST0049,A0002,2022-06,30000,4,2022-06-01,2022,6,2,1.2246467991473532e-16,-1.0,0,0,2,36000.0,9000.0,10000.0,22666.666666666668,17833.333333333332,13750.0,13503.08606701939,1.6484,48,1,Stable
ST0049,A0002,2022-07,16000,3,2022-07-01,2022,7,3,-0.4999999999999997,-0.8660254037844388,0,0,2,30000.0,23000.0,12000.0,29666.666666666668,20500.0,15416.666666666666,6506.407098647693,1.9242,48,1,Stable
ST0049,A0002,2022-08,15000,3,2022-08-01,2022,8,3,-0.8660254037844385,-0.5000000000000004,0,0,3,16000.0,36000.0,11000.0,27333.33333333333,20666.666666666668,15750.0,10263.20287889376,1.7353,48,1,Stable
ST0049,A0002,2022-09,10000,2,2022-09-01,2022,9,3,-1.0,-1.8369701987210294e-16,0,0,3,15000.0,30000.0,6000.0,20333.33333333333,21500.0,16083.333333333334,8386.497083606078,1.2642,48,1,Stable
ST0049,A0002,2022-10,18000,3,2022-10-01,2022,10,4,-0.8660254037844386,0.5000000000000001,0,1,3,10000.0,16000.0,7000.0,13666.666666666666,21666.666666666668,16416.666666666668,3214.5502536643257,0.8324,48,1,Stable
ST0049,A0002,2022-11,12000,2,2022-11-01,2022,11,4,-0.5000000000000004,0.8660254037844384,0,1,3,18000.0,15000.0,12000.0,14333.333333333334,20833.33333333333,17333.333333333332,4041.451884327385,0.8269,48,1,Stable
ST0049,A0002,2022-12,13000,2,2022-12-01,2022,12,4,-2.4492935982947064e-16,1.0,0,1,0,12000.0,10000.0,14000.0,13333.333333333334,16833.333333333332,17333.333333333332,4163.331998932272,0.7692,48,1,Stable
ST0049,A0002,2023-01,17000,3,2023-01-01,2023,1,1,0.4999999999999999,0.8660254037844387,1,0,0,13000.0,18000.0,15000.0,14333.333333333334,14000.0,17250.0,3214.5502536643235,0.8309,48,1,Stable
ST0049,A0002,2023-02,19000,3,2023-02-01,2023,2,1,0.8660254037844386,0.5000000000000001,1,0,0,17000.0,12000.0,10000.0,14000.0,14166.666666666666,17416.666666666668,2645.7513110645987,0.8038,48,1,Stable
ST0049,A0002,2023-03,19000,4,2023-03-01,2023,3,1,1.0,6.123233995736766e-17,1,0,1,19000.0,13000.0,9000.0,16333.333333333334,14833.333333333334,18166.666666666668,3055.050463303892,0.899,48,1,Stable
ST0049,A0002,2023-04,13000,2,2023-04-01,2023,4,2,0.8660254037844387,-0.4999999999999998,0,0,1,19000.0,17000.0,23000.0,18333.33333333333,16333.333333333334,19000.0,1154.7005383792275,0.9649,48,1,Stable
ST0049,A0002,2023-05,15000,2,2023-05-01,2023,5,2,0.4999999999999999,-0.8660254037844387,0,0,2,13000.0,19000.0,36000.0,17000.0,15500.0,18166.666666666668,3464.101615137749,0.9357,48,1,Stable
ST0049,A0002,2023-06,10000,2,2023-06-01,2023,6,2,1.2246467991473532e-16,-1.0,0,0,2,15000.0,19000.0,30000.0,15666.666666666666,16000.0,16416.666666666668,3055.050463303889,0.9543,48,1,Stable
ST0049,A0002,2023-08,15000,1,2023-08-01,2023,8,3,-0.8660254037844385,-0.5000000000000004,0,0,3,10000.0,13000.0,16000.0,12666.666666666666,15500.0,14750.0,2516.611478423583,0.8587,48,1,Stable
ST0049,A0002,2023-09,15000,1,2023-09-01,2023,9,3,-1.0,-1.8369701987210294e-16,0,0,3,15000.0,15000.0,15000.0,13333.333333333334,15166.666666666666,14666.666666666666,2886.751345948128,0.909,48,1,Stable
ST0049,A0002,2023-10,15000,1,2023-10-01,2023,10,4,-0.8660254037844386,0.5000000000000001,0,1,3,15000.0,10000.0,10000.0,13333.333333333334,14500.0,14666.666666666666,2886.751345948128,0.909,48,1,Stable
ST0049,A0002,2023-11,15000,2,2023-11-01,2023,11,4,-0.5000000000000004,0.8660254037844384,0,1,3,15000.0,15000.0,18000.0,15000.0,13833.333333333334,15083.333333333334,0.0,0.9944,48,1,Stable
ST0049,A0002,2023-12,29000,4,2023-12-01,2023,12,4,-2.4492935982947064e-16,1.0,0,1,0,15000.0,15000.0,12000.0,15000.0,14166.666666666666,14833.333333333334,0.0,1.0112,48,1,Stable
ST0049,A0002,2024-01,16000,2,2024-01-01,2024,1,1,0.4999999999999999,0.8660254037844387,1,0,0,29000.0,15000.0,13000.0,19666.666666666668,16500.0,16250.0,8082.903768654758,1.2102,48,1,Stable
ST0049,A0002,2024-02,15000,2,2024-02-01,2024,2,1,0.8660254037844386,0.5000000000000001,1,0,0,16000.0,15000.0,17000.0,20000.0,17500.0,16500.0,7810.249675906652,1.212,48,1,Stable
ST0049,A0002,2024-03,30000,3,2024-03-01,2024,3,1,1.0,6.123233995736766e-17,1,0,1,15000.0,29000.0,19000.0,20000.0,17500.0,16333.333333333334,7810.249675906652,1.2244,48,1,Stable
ST0049,A0002,2024-04,15000,1,2024-04-01,2024,4,2,0.8660254037844387,-0.4999999999999998,0,0,1,30000.0,16000.0,19000.0,20333.33333333333,20000.0,17250.0,8386.49708360608,1.1787,48,1,Stable
ST0049,A0002,2024-05,15000,2,2024-05-01,2024,5,2,0.4999999999999999,-0.8660254037844387,0,0,2,15000.0,15000.0,13000.0,20000.0,20000.0,16916.666666666668,8660.254037844385,1.1822,48,1,Stable
ST0049,A0002,2024-06,15000,1,2024-06-01,2024,6,2,1.2246467991473532e-16,-1.0,0,0,2,15000.0,30000.0,15000.0,20000.0,20000.0,17083.333333333332,8660.254037844385,1.1707,48,1,Stable
ST0049,A0002,2024-07,30000,2,2024-07-01,2024,7,3,-0.4999999999999997,-0.8660254037844388,0,0,2,15000.0,15000.0,10000.0,15000.0,17666.666666666668,17083.333333333332,0.0,0.878,48,1,Stable
ST0049,A0002,2024-08,15000,1,2024-08-01,2024,8,3,-0.8660254037844385,-0.5000000000000004,0,0,3,30000.0,15000.0,15000.0,20000.0,20000.0,18750.0,8660.254037844385,1.0666,48,1,Stable
ST0049,A0002,2024-09,15000,2,2024-09-01,2024,9,3,-1.0,-1.8369701987210294e-16,0,0,3,15000.0,15000.0,15000.0,20000.0,20000.0,18750.0,8660.254037844385,1.0666,48,1,Stable
ST0049,A0002,2024-10,15000,1,2024-10-01,2024,10,4,-0.8660254037844386,0.5000000000000001,0,1,3,15000.0,30000.0,15000.0,20000.0,17500.0,18750.0,8660.254037844385,1.0666,48,1,Stable
ST0049,A0002,2024-11,15000,1,2024-11-01,2024,11,4,-0.5000000000000004,0.8660254037844384,0,1,3,15000.0,15000.0,15000.0,15000.0,17500.0,18750.0,0.0,0.8,48,1,Stable
ST0049,A0002,2024-12,15000,2,2024-12-01,2024,12,4,-2.4492935982947064e-16,1.0,0,1,0,15000.0,15000.0,29000.0,15000.0,17500.0,18750.0,0.0,0.8,48,1,Stable
ST0049,A0002,2025-01,15000,2,2025-01-01,2025,1,1,0.4999999999999999,0.8660254037844387,1,0,0,15000.0,15000.0,16000.0,15000.0,17500.0,17583.333333333332,0.0,0.853,48,1,Stable
ST0049,A0002,2025-02,15000,1,2025-02-01,2025,2,1,0.8660254037844386,0.5000000000000001,1,0,0,15000.0,15000.0,15000.0,15000.0,15000.0,17500.0,0.0,0.8571,48,1,Stable
ST0049,A0002,2025-03,10000,1,2025-03-01,2025,3,1,1.0,6.123233995736766e-17,1,0,1,15000.0,15000.0,30000.0,15000.0,15000.0,17500.0,0.0,0.8571,48,1,Stable
ST0049,A0002,2025-04,11000,2,2025-04-01,2025,4,2,0.8660254037844387,-0.4999999999999998,0,0,1,10000.0,15000.0,15000.0,13333.333333333334,14166.666666666666,15833.333333333334,2886.751345948124,0.8421,48,1,Stable
ST0049,A0002,2025-05,16000,3,2025-05-01,2025,5,2,0.4999999999999999,-0.8660254037844387,0,0,2,11000.0,15000.0,15000.0,12000.0,13500.0,15500.0,2645.751311064585,0.7741,48,1,Stable
ST0049,A0002,2025-06,11000,2,2025-06-01,2025,6,2,1.2246467991473532e-16,-1.0,0,0,2,16000.0,10000.0,15000.0,12333.333333333334,13666.666666666666,15583.333333333334,3214.550253664314,0.7914,48,1,Stable
ST0049,A0002,2025-07,10000,2,2025-07-01,2025,7,3,-0.4999999999999997,-0.8660254037844388,0,0,2,11000.0,11000.0,30000.0,12666.666666666666,13000.0,15250.0,2886.751345948124,0.8305,48,1,Stable
ST0049,A0002,2025-08,10000,2,2025-08-01,2025,8,3,-0.8660254037844385,-0.5000000000000004,0,0,3,10000.0,16000.0,15000.0,12333.333333333334,12166.666666666666,13583.333333333334,3214.550253664314,0.9079,48,1,Stable
ST0049,A0002,2025-09,10000,2,2025-09-01,2025,9,3,-1.0,-1.8369701987210294e-16,0,0,3,10000.0,11000.0,15000.0,10333.333333333334,11333.333333333334,13166.666666666666,577.3502691896017,0.7848,48,1,Stable
ST0049,A0002,2025-10,10000,2,2025-10-01,2025,10,4,-0.8660254037844386,0.5000000000000001,0,1,3,10000.0,10000.0,15000.0,10000.0,11333.333333333334,12750.0,0.0,0.7843,48,1,Stable
ST0049,A0002,2025-11,10000,2,2025-11-01,2025,11,4,-0.5000000000000004,0.8660254037844384,0,1,3,10000.0,10000.0,15000.0,10000.0,11166.666666666666,12333.333333333334,0.0,0.8107,48,1,Stable
ST0049,A0002,2025-12,15000,3,2025-12-01,2025,12,4,-2.4492935982947064e-16,1.0,0,1,0,10000.0,10000.0,15000.0,10000.0,10166.666666666666,11916.666666666666,0.0,0.8391,48,1,Stable
ST0051,A0002,2024-06,45000,3,2024-06-01,2024,6,2,1.2246467991473532e-16,-1.0,0,0,2,45000.0,15000.0,30000.0,25000.0,30000.0,35000.0,17320.508075688773,0.7143,50,1,Stable
ST0051,A0002,2024-07,30000,3,2024-07-01,2024,7,3,-0.4999999999999997,-0.8660254037844388,0,0,2,45000.0,15000.0,60000.0,35000.0,32500.0,36250.0,17320.508075688773,0.9655,50,1,Stable
ST0051,A0002,2024-08,45000,4,2024-08-01,2024,8,3,-0.8660254037844385,-0.5000000000000004,0,0,3,30000.0,45000.0,45000.0,40000.0,32500.0,33750.0,8660.254037844386,1.1852,50,1,Stable
ST0051,A0002,2024-09,30000,4,2024-09-01,2024,9,3,-1.0,-1.8369701987210294e-16,0,0,3,45000.0,45000.0,15000.0,40000.0,32500.0,33750.0,8660.254037844386,1.1852,50,1,Stable
ST0051,A0002,2024-10,40000,3,2024-10-01,2024,10,4,-0.8660254037844386,0.5000000000000001,0,1,3,30000.0,30000.0,60000.0,35000.0,35000.0,35000.0,8660.254037844386,1.0,50,1,Stable
ST0051,A0002,2024-11,40000,4,2024-11-01,2024,11,4,-0.5000000000000004,0.8660254037844384,0,1,3,40000.0,45000.0,30000.0,38333.333333333336,39166.66666666666,33333.333333333336,7637.626158259733,1.15,50,1,Stable
ST0051,A0002,2024-12,30000,5,2024-12-01,2024,12,4,-2.4492935982947064e-16,1.0,0,1,0,40000.0,30000.0,30000.0,36666.66666666666,38333.333333333336,34166.666666666664,5773.5026918962585,1.0731,50,1,Stable
ST0051,A0002,2025-01,45000,7,2025-01-01,2025,1,1,0.4999999999999999,0.8660254037844387,1,0,0,30000.0,40000.0,30000.0,36666.66666666666,35833.333333333336,34166.666666666664,5773.5026918962585,1.0731,50,1,Stable
ST0051,A0002,2025-02,30000,6,2025-02-01,2025,2,1,0.8660254037844386,0.5000000000000001,1,0,0,45000.0,40000.0,45000.0,38333.333333333336,38333.333333333336,35416.666666666664,7637.626158259733,1.0823,50,1,Stable
ST0051,A0002,2025-03,30000,3,2025-03-01,2025,3,1,1.0,6.123233995736766e-17,1,0,1,30000.0,30000.0,15000.0,35000.0,35833.333333333336,34166.666666666664,8660.254037844386,1.0244,50,1,Stable
ST0051,A0002,2025-04,30000,3,2025-04-01,2025,4,2,0.8660254037844387,-0.4999999999999998,0,0,1,30000.0,45000.0,15000.0,35000.0,35833.333333333336,35416.666666666664,8660.254037844386,0.9882,50,1,Stable
ST0051,A0002,2025-05,20000,2,2025-05-01,2025,5,2,0.4999999999999999,-0.8660254037844387,0,0,2,30000.0,30000.0,45000.0,30000.0,34166.666666666664,36666.66666666666,0.0,0.8182,50,1,Stable
ST0051,A0002,2025-06,20000,3,2025-06-01,2025,6,2,1.2246467991473532e-16,-1.0,0,0,2,20000.0,30000.0,45000.0,26666.666666666668,30833.33333333333,34583.333333333336,5773.5026918962585,0.7711,50,1,Stable
ST0051,A0002,2025-07,40000,6,2025-07-01,2025,7,3,-0.4999999999999997,-0.8660254037844388,0,0,2,20000.0,30000.0,30000.0,23333.33333333333,29166.666666666668,32500.0,5773.502691896258,0.7179,50,1,Stable
ST0051,A0002,2025-08,25000,3,2025-08-01,2025,8,3,-0.8660254037844385,-0.5000000000000004,0,0,3,40000.0,20000.0,45000.0,26666.666666666668,28333.33333333333,33333.333333333336,11547.005383792515,0.8,50,1,Stable
ST0051,A0002,2025-09,20000,2,2025-09-01,2025,9,3,-1.0,-1.8369701987210294e-16,0,0,3,25000.0,20000.0,30000.0,28333.33333333333,27500.0,31666.666666666668,10408.329997330662,0.8947,50,1,Stable
ST0051,A0002,2025-10,25000,2,2025-10-01,2025,10,4,-0.8660254037844386,0.5000000000000001,0,1,3,20000.0,40000.0,40000.0,28333.33333333333,25833.33333333333,30833.33333333333,10408.329997330662,0.9189,50,1,Stable
ST0051,A0002,2025-11,20000,2,2025-11-01,2025,11,4,-0.5000000000000004,0.8660254037844384,0,1,3,25000.0,25000.0,40000.0,23333.33333333333,25000.0,29583.33333333333,2886.751345948124,0.7887,50,1,Stable
ST0051,A0002,2025-12,25000,4,2025-12-01,2025,12,4,-2.4492935982947064e-16,1.0,0,1,0,20000.0,20000.0,30000.0,21666.666666666668,25000.0,27916.666666666668,2886.751345948124,0.7761,50,1,Stable
ST0054,A0001,2023-09,65000,5,2023-09-01,2023,9,3,-1.0,-1.8369701987210294e-16,0,0,3,75000.0,83000.0,15000.0,72666.66666666667,53500.0,40500.0,11676.186592091311,1.7942,53,0,Stable
ST0054,A0001,2023-10,75000,7,2023-10-01,2023,10,4,-0.8660254037844386,0.5000000000000001,0,1,3,65000.0,60000.0,17000.0,66666.66666666667,56666.66666666666,44666.66666666666,7637.626158259711,1.4925,53,0,Stable
ST0054,A0001,2023-11,81000,6,2023-11-01,2023,11,4,-0.5000000000000004,0.8660254037844384,0,1,3,75000.0,75000.0,32000.0,71666.66666666667,64666.66666666666,49500.0,5773.502691896225,1.4478,53,0,Stable
ST0054,A0001,2023-12,56000,3,2023-12-01,2023,12,4,-2.4492935982947064e-16,1.0,0,1,0,81000.0,65000.0,32000.0,73666.66666666667,73166.66666666667,53583.333333333336,8082.903768654736,1.3748,53,0,Stable
ST0054,A0001,2024-01,68000,5,2024-01-01,2024,1,1,0.4999999999999999,0.8660254037844387,1,0,0,56000.0,75000.0,32000.0,70666.66666666667,68666.66666666667,55583.333333333336,13051.181300301248,1.2713,53,0,Stable
ST0054,A0001,2024-02,58000,3,2024-02-01,2024,2,1,0.8660254037844386,0.5000000000000001,1,0,0,68000.0,81000.0,37000.0,68333.33333333333,70000.0,58583.333333333336,12503.332889007354,1.1664,53,0,Stable
ST0054,A0001,2024-03,53000,3,2024-03-01,2024,3,1,1.0,6.123233995736766e-17,1,0,1,58000.0,56000.0,46000.0,60666.66666666666,67166.66666666667,60333.333333333336,6429.1005073286005,1.0055,53,0,Stable
ST0054,A0001,2024-04,71000,4,2024-04-01,2024,4,2,0.8660254037844387,-0.4999999999999998,0,0,1,53000.0,68000.0,27000.0,59666.66666666666,65166.66666666666,60916.66666666666,7637.626158259703,0.9795,53,0,Stable
ST0054,A0001,2024-05,88000,5,2024-05-01,2024,5,2,0.4999999999999999,-0.8660254037844387,0,0,2,71000.0,58000.0,30000.0,60666.66666666666,64500.0,64583.333333333336,9291.573243177543,0.9393,53,0,Stable
ST0054,A0001,2024-06,66000,4,2024-06-01,2024,6,2,1.2246467991473532e-16,-1.0,0,0,2,88000.0,53000.0,83000.0,70666.66666666667,65666.66666666667,69416.66666666667,17502.38079043342,1.018,53,0,Stable
ST0054,A0001,2024-07,85000,8,2024-07-01,2024,7,3,-0.4999999999999997,-0.8660254037844388,0,0,2,66000.0,71000.0,60000.0,75000.0,67333.33333333333,68000.0,11532.562594670771,1.1029,53,0,Stable
ST0054,A0001,2024-08,69000,5,2024-08-01,2024,8,3,-0.8660254037844385,-0.5000000000000004,0,0,3,85000.0,88000.0,75000.0,79666.66666666667,70166.66666666667,70083.33333333333,11930.353445448827,1.1367,53,0,Stable
ST0054,A0001,2024-09,72000,8,2024-09-01,2024,9,3,-1.0,-1.8369701987210294e-16,0,0,3,69000.0,66000.0,65000.0,73333.33333333333,72000.0,69583.33333333333,10214.36896402968,1.0539,53,0,Stable
ST0054,A0001,2024-10,63000,6,2024-10-01,2024,10,4,-0.8660254037844386,0.5000000000000001,0,1,3,72000.0,85000.0,75000.0,75333.33333333333,75166.66666666667,70166.66666666667,8504.900548115349,1.0736,53,0,Stable
ST0054,A0001,2024-11,68000,6,2024-11-01,2024,11,4,-0.5000000000000004,0.8660254037844384,0,1,3,63000.0,69000.0,81000.0,68000.0,73833.33333333333,69166.66666666667,4582.5756949557735,0.9831,53,0,Stable
ST0054,A0001,2024-12,95000,7,2024-12-01,2024,12,4,-2.4492935982947064e-16,1.0,0,1,0,68000.0,72000.0,56000.0,67666.66666666667,70500.0,68083.33333333333,4509.249752822827,0.9939,53,0,Stable
ST0054,A0001,2025-01,65000,7,2025-01-01,2025,1,1,0.4999999999999999,0.8660254037844387,1,0,0,95000.0,63000.0,68000.0,75333.33333333333,75333.33333333333,71333.33333333333,17214.335111567118,1.0561,53,0,Stable
ST0054,A0001,2025-02,65000,4,2025-02-01,2025,2,1,0.8660254037844386,0.5000000000000001,1,0,0,65000.0,68000.0,58000.0,76000.0,72000.0,71083.33333333333,16522.71164185828,1.0692,53,0,Stable
ST0054,A0001,2025-03,60000,4,2025-03-01,2025,3,1,1.0,6.123233995736766e-17,1,0,1,65000.0,95000.0,53000.0,75000.0,71333.33333333333,71666.66666666667,17320.50807568875,1.0465,53,0,Stable
ST0054,A0001,2025-04,95000,6,2025-04-01,2025,4,2,0.8660254037844387,-0.4999999999999998,0,0,1,60000.0,65000.0,71000.0,63333.333333333336,69333.33333333333,72250.0,2886.751345948091,0.8766,53,0,Stable
ST0054,A0001,2025-05,55000,4,2025-05-01,2025,5,2,0.4999999999999999,-0.8660254037844387,0,0,2,95000.0,65000.0,88000.0,73333.33333333333,74666.66666666667,74250.0,18929.694486000888,0.9876,53,0,Stable
ST0054,A0001,2025-06,40000,3,2025-06-01,2025,6,2,1.2246467991473532e-16,-1.0,0,0,2,55000.0,60000.0,66000.0,70000.0,72500.0,71500.0,21794.49471770335,0.979,53,0,Stable
ST0054,A0001,2025-07,82000,8,2025-07-01,2025,7,3,-0.4999999999999997,-0.8660254037844388,0,0,2,40000.0,95000.0,85000.0,63333.333333333336,63333.333333333336,69333.33333333333,28431.203515386627,0.9134,53,0,Stable
ST0054,A0001,2025-08,60000,4,2025-08-01,2025,8,3,-0.8660254037844385,-0.5000000000000004,0,0,3,82000.0,55000.0,69000.0,59000.0,66166.66666666667,69083.33333333333,21283.79665379276,0.854,53,0,Stable
ST0054,A0001,2025-09,40000,4,2025-09-01,2025,9,3,-1.0,-1.8369701987210294e-16,0,0,3,60000.0,40000.0,72000.0,60666.66666666666,65333.333333333336,68333.33333333333,21007.935008784967,0.8878,53,0,Stable
ST0054,A0001,2025-10,85000,8,2025-10-01,2025,10,4,-0.8660254037844386,0.5000000000000001,0,1,3,40000.0,82000.0,63000.0,60666.66666666666,62000.0,65666.66666666667,21007.935008784967,0.9238,53,0,Stable
ST0054,A0001,2025-11,61000,5,2025-11-01,2025,11,4,-0.5000000000000004,0.8660254037844384,0,1,3,85000.0,60000.0,68000.0,61666.66666666666,60333.333333333336,67500.0,22546.24876411446,0.9136,53,0,Stable
ST0054,A0001,2025-12,96000,7,2025-12-01,2025,12,4,-2.4492935982947064e-16,1.0,0,1,0,61000.0,40000.0,95000.0,62000.0,61333.333333333336,66916.66666666667,22516.6604983954,0.9265,53,0,Stable
ST0054,A0002,2023-11,15000,1,2023-11-01,2023,11,4,-0.5000000000000004,0.8660254037844384,0,1,3,15000.0,15000.0,10000.0,15000.0,12833.333333333334,10500.0,0.0,1.4284,53,1,Stable
ST0054,A0002,2023-12,15000,2,2023-12-01,2023,12,4,-2.4492935982947064e-16,1.0,0,1,0,15000.0,15000.0,10000.0,15000.0,12166.666666666666,10916.666666666666,0.0,1.3739,53,1,Stable
ST0054,A0002,2024-02,15000,1,2024-02-01,2024,2,1,0.8660254037844386,0.5000000000000001,1,0,0,15000.0,15000.0,10000.0,15000.0,13000.0,11333.333333333334,0.0,1.3234,53,1,Stable
ST0054,A0002,2024-03,15000,1,2024-03-01,2024,3,1,1.0,6.123233995736766e-17,1,0,1,15000.0,15000.0,5000.0,15000.0,15000.0,11750.0,0.0,1.2765,53,1,Stable
ST0054,A0002,2024-04,25000,2,2024-04-01,2024,4,2,0.8660254037844387,-0.4999999999999998,0,0,1,15000.0,15000.0,5000.0,15000.0,15000.0,12583.333333333334,0.0,1.192,53,1,Stable
ST0054,A0002,2024-05,20000,2,2024-05-01,2024,5,2,0.4999999999999999,-0.8660254037844387,0,0,2,25000.0,15000.0,9000.0,18333.33333333333,16666.666666666668,14250.0,5773.502691896262,1.2865,53,1,Stable
ST0054,A0002,2024-06,15000,1,2024-06-01,2024,6,2,1.2246467991473532e-16,-1.0,0,0,2,20000.0,15000.0,19000.0,20000.0,17500.0,15166.666666666666,5000.000000000006,1.3186,53,1,Stable
ST0054,A0002,2024-07,15000,2,2024-07-01,2024,7,3,-0.4999999999999997,-0.8660254037844388,0,0,2,15000.0,25000.0,10000.0,20000.0,17500.0,14833.333333333334,5000.000000000006,1.3482,53,1,Stable
ST0054,A0002,2024-08,15000,1,2024-08-01,2024,8,3,-0.8660254037844385,-0.5000000000000004,0,0,3,15000.0,20000.0,3000.0,16666.666666666668,17500.0,15250.0,2886.7513459481397,1.0928,53,1,Stable
ST0054,A0002,2024-09,15000,1,2024-09-01,2024,9,3,-1.0,-1.8369701987210294e-16,0,0,3,15000.0,15000.0,15000.0,15000.0,17500.0,16250.0,0.0,0.923,53,1,Stable
ST0054,A0002,2024-10,15000,2,2024-10-01,2024,10,4,-0.8660254037844386,0.5000000000000001,0,1,3,15000.0,15000.0,15000.0,15000.0,17500.0,16250.0,0.0,0.923,53,1,Stable
ST0054,A0002,2024-11,15000,1,2024-11-01,2024,11,4,-0.5000000000000004,0.8660254037844384,0,1,3,15000.0,15000.0,15000.0,15000.0,15833.333333333334,16250.0,0.0,0.923,53,1,Stable
ST0054,A0002,2024-12,15000,2,2024-12-01,2024,12,4,-2.4492935982947064e-16,1.0,0,1,0,15000.0,15000.0,15000.0,15000.0,15000.0,16250.0,0.0,0.923,53,1,Stable
ST0054,A0002,2025-01,15000,1,2025-01-01,2025,1,1,0.4999999999999999,0.8660254037844387,1,0,0,15000.0,15000.0,15000.0,15000.0,15000.0,16250.0,0.0,0.923,53,1,Stable
ST0054,A0002,2025-02,20000,3,2025-02-01,2025,2,1,0.8660254037844386,0.5000000000000001,1,0,0,15000.0,15000.0,15000.0,15000.0,15000.0,16250.0,0.0,0.923,53,1,Stable
ST0054,A0002,2025-03,20000,2,2025-03-01,2025,3,1,1.0,6.123233995736766e-17,1,0,1,20000.0,15000.0,15000.0,16666.666666666668,15833.333333333334,16666.666666666668,2886.751345948139,0.9999,53,1,Stable
ST0054,A0002,2025-04,20000,2,2025-04-01,2025,4,2,0.8660254037844387,-0.4999999999999998,0,0,1,20000.0,15000.0,25000.0,18333.33333333333,16666.666666666668,17083.333333333332,2886.751345948139,1.0731,53,1,Stable
ST0054,A0002,2025-05,20000,2,2025-05-01,2025,5,2,0.4999999999999999,-0.8660254037844387,0,0,2,20000.0,20000.0,20000.0,20000.0,17500.0,16666.666666666668,0.0,1.1999,53,1,Stable
ST0054,A0002,2025-06,20000,2,2025-06-01,2025,6,2,1.2246467991473532e-16,-1.0,0,0,2,20000.0,20000.0,15000.0,20000.0,18333.33333333333,16666.666666666668,0.0,1.1999,53,1,Stable
ST0054,A0002,2025-07,30000,4,2025-07-01,2025,7,3,-0.4999999999999997,-0.8660254037844388,0,0,2,20000.0,20000.0,15000.0,20000.0,19166.666666666668,17083.333333333332,0.0,1.1707,53,1,Stable
ST0054,A0002,2025-08,20000,2,2025-08-01,2025,8,3,-0.8660254037844385,-0.5000000000000004,0,0,3,30000.0,20000.0,15000.0,23333.33333333333,21666.666666666668,18333.33333333333,5773.502691896264,1.2727,53,1,Stable
ST0054,A0002,2025-09,30000,4,2025-09-01,2025,9,3,-1.0,-1.8369701987210294e-16,0,0,3,20000.0,20000.0,15000.0,23333.33333333333,21666.666666666668,18750.0,5773.502691896264,1.2444,53,1,Stable
ST0054,A0002,2025-10,20000,2,2025-10-01,2025,10,4,-0.8660254037844386,0.5000000000000001,0,1,3,30000.0,30000.0,15000.0,26666.666666666668,23333.33333333333,20000.0,5773.502691896264,1.3333,53,1,Stable
ST0054,A0002,2025-11,30000,3,2025-11-01,2025,11,4,-0.5000000000000004,0.8660254037844384,0,1,3,20000.0,20000.0,15000.0,23333.33333333333,23333.33333333333,20416.666666666668,5773.502691896264,1.1428,53,1,Stable
ST0054,A0002,2025-12,30000,4,2025-12-01,2025,12,4,-2.4492935982947064e-16,1.0,0,1,0,30000.0,30000.0,15000.0,26666.666666666668,25000.0,21666.666666666668,5773.502691896264,1.2307,53,1,Stable
ST0056,A0001,2024-05,52000,4,2024-05-01,2024,5,2,0.4999999999999999,-0.8660254037844387,0,0,2,45000.0,30000.0,10000.0,30000.0,33333.333333333336,42000.0,14999.999999999998,0.7143,55,0,Stable
ST0056,A0001,2024-06,23000,2,2024-06-01,2024,6,2,1.2246467991473532e-16,-1.0,0,0,2,52000.0,15000.0,65000.0,37333.333333333336,34500.0,45500.0,19655.36398374076,0.8205,55,0,Stable
ST0056,A0001,2024-07,45000,5,2024-07-01,2024,7,3,-0.4999999999999997,-0.8660254037844388,0,0,2,23000.0,45000.0,60000.0,40000.0,32500.0,42000.0,15132.745950421557,0.9524,55,0,Stable
ST0056,A0001,2024-08,30000,2,2024-08-01,2024,8,3,-0.8660254037844385,-0.5000000000000004,0,0,3,45000.0,52000.0,65000.0,40000.0,35000.0,40750.0,15132.745950421557,0.9816,55,0,Stable
ST0056,A0001,2024-09,30000,3,2024-09-01,2024,9,3,-1.0,-1.8369701987210294e-16,0,0,3,30000.0,23000.0,55000.0,32666.666666666668,35000.0,37833.333333333336,11239.810200058237,0.8634,55,0,Stable
ST0056,A0001,2024-10,30000,4,2024-10-01,2024,10,4,-0.8660254037844386,0.5000000000000001,0,1,3,30000.0,45000.0,49000.0,35000.0,37500.0,35750.0,8660.254037844383,0.979,55,0,Stable
ST0056,A0001,2024-11,30000,2,2024-11-01,2024,11,4,-0.5000000000000004,0.8660254037844384,0,1,3,30000.0,30000.0,45000.0,30000.0,35000.0,34166.666666666664,0.0,0.878,55,0,Stable
ST0056,A0001,2024-12,30000,3,2024-12-01,2024,12,4,-2.4492935982947064e-16,1.0,0,1,0,30000.0,30000.0,35000.0,30000.0,31333.33333333333,32916.666666666664,0.0,0.9114,55,0,Stable
ST0056,A0001,2025-01,30000,2,2025-01-01,2025,1,1,0.4999999999999999,0.8660254037844387,1,0,0,30000.0,30000.0,30000.0,30000.0,32500.0,32500.0,0.0,0.923,55,0,Stable
ST0056,A0001,2025-02,19000,3,2025-02-01,2025,2,1,0.8660254037844386,0.5000000000000001,1,0,0,30000.0,30000.0,30000.0,30000.0,30000.0,32500.0,0.0,0.923,55,0,Stable
ST0056,A0001,2025-03,26000,2,2025-03-01,2025,3,1,1.0,6.123233995736766e-17,1,0,1,19000.0,30000.0,15000.0,26333.33333333333,28166.666666666668,31583.33333333333,6350.852961085862,0.8337,55,0,Stable
ST0056,A0001,2025-04,30000,2,2025-04-01,2025,4,2,0.8660254037844387,-0.4999999999999998,0,0,1,26000.0,30000.0,45000.0,25000.0,27500.0,32500.0,5567.764362829995,0.7692,55,0,Stable
ST0056,A0001,2025-05,25000,2,2025-05-01,2025,5,2,0.4999999999999999,-0.8660254037844387,0,0,2,30000.0,19000.0,52000.0,25000.0,27500.0,31250.0,5567.764362829995,0.8,55,0,Stable
ST0056,A0001,2025-06,15000,1,2025-06-01,2025,6,2,1.2246467991473532e-16,-1.0,0,0,2,25000.0,26000.0,23000.0,27000.0,26666.666666666668,29000.0,2645.751311064545,0.931,55,0,Stable
ST0056,A0001,2025-07,25000,2,2025-07-01,2025,7,3,-0.4999999999999997,-0.8660254037844388,0,0,2,15000.0,30000.0,45000.0,23333.33333333333,24166.666666666668,28333.33333333333,7637.626158259711,0.8235,55,0,Stable
ST0056,A0001,2025-08,30000,3,2025-08-01,2025,8,3,-0.8660254037844385,-0.5000000000000004,0,0,3,25000.0,25000.0,30000.0,21666.666666666668,23333.33333333333,26666.666666666668,5773.502691896224,0.8125,55,0,Stable
ST0056,A0001,2025-09,15000,1,2025-09-01,2025,9,3,-1.0,-1.8369701987210294e-16,0,0,3,30000.0,15000.0,30000.0,23333.33333333333,25166.666666666668,26666.666666666668,7637.626158259711,0.875,55,0,Stable
ST0056,A0001,2025-10,30000,3,2025-10-01,2025,10,4,-0.8660254037844386,0.5000000000000001,0,1,3,15000.0,25000.0,30000.0,23333.33333333333,23333.33333333333,25416.666666666668,7637.626158259711,0.918,55,0,Stable
ST0056,A0001,2025-11,25000,2,2025-11-01,2025,11,4,-0.5000000000000004,0.8660254037844384,0,1,3,30000.0,30000.0,30000.0,25000.0,23333.33333333333,25416.666666666668,8660.25403784437,0.9836,55,0,Stable
ST0056,A0001,2025-12,20000,2,2025-12-01,2025,12,4,-2.4492935982947064e-16,1.0,0,1,0,25000.0,15000.0,30000.0,23333.33333333333,23333.33333333333,25000.0,7637.626158259712,0.9333,55,0,Stable
ST0056,A0002,2024-05,30000,2,2024-05-01,2024,5,2,0.4999999999999999,-0.8660254037844387,0,0,2,30000.0,30000.0,15000.0,30000.0,30000.0,26250.0,0.0,1.1428,55,1,Stable
ST0056,A0002,2024-06,30000,3,2024-06-01,2024,6,2,1.2246467991473532e-16,-1.0,0,0,2,30000.0,30000.0,15000.0,30000.0,30000.0,27500.0,0.0,1.0909,55,1,Stable
ST0056,A0002,2024-07,15000,2,2024-07-01,2024,7,3,-0.4999999999999997,-0.8660254037844388,0,0,2,30000.0,30000.0,30000.0,30000.0,30000.0,28750.0,0.0,1.0434,55,1,Stable
ST0056,A0002,2024-08,30000,3,2024-08-01,2024,8,3,-0.8660254037844385,-0.5000000000000004,0,0,3,15000.0,30000.0,30000.0,25000.0,27500.0,27500.0,8660.254037844386,0.9091,55,1,Stable
ST0056,A0002,2024-09,30000,3,2024-09-01,2024,9,3,-1.0,-1.8369701987210294e-16,0,0,3,30000.0,30000.0,15000.0,25000.0,27500.0,27500.0,8660.254037844386,0.9091,55,1,Stable
ST0056,A0002,2024-10,30000,2,2024-10-01,2024,10,4,-0.8660254037844386,0.5000000000000001,0,1,3,30000.0,15000.0,30000.0,25000.0,27500.0,28750.0,8660.254037844386,0.8695,55,1,Stable
ST0056,A0002,2024-11,28000,3,2024-11-01,2024,11,4,-0.5000000000000004,0.8660254037844384,0,1,3,30000.0,30000.0,30000.0,30000.0,27500.0,28750.0,0.0,1.0434,55,1,Stable
ST0056,A0002,2024-12,17000,2,2024-12-01,2024,12,4,-2.4492935982947064e-16,1.0,0,1,0,28000.0,30000.0,30000.0,29333.33333333333,27166.666666666668,28583.33333333333,1154.700538379251,1.0262,55,1,Stable
ST0056,A0002,2025-01,30000,4,2025-01-01,2025,1,1,0.4999999999999999,0.8660254037844387,1,0,0,17000.0,30000.0,30000.0,25000.0,25000.0,27500.0,7000.0,0.9091,55,1,Stable
ST0056,A0002,2025-02,30000,4,2025-02-01,2025,2,1,0.8660254037844386,0.5000000000000001,1,0,0,30000.0,28000.0,30000.0,25000.0,27500.0,27500.0,7000.0,0.9091,55,1,Stable
ST0056,A0002,2025-03,15000,2,2025-03-01,2025,3,1,1.0,6.123233995736766e-17,1,0,1,30000.0,17000.0,30000.0,25666.666666666668,27500.0,27500.0,7505.553499465134,0.9333,55,1,Stable
ST0056,A0002,2025-04,25000,4,2025-04-01,2025,4,2,0.8660254037844387,-0.4999999999999998,0,0,1,15000.0,30000.0,30000.0,25000.0,25000.0,26250.0,8660.254037844386,0.9523,55,1,Stable
ST0056,A0002,2025-05,25000,3,2025-05-01,2025,5,2,0.4999999999999999,-0.8660254037844387,0,0,2,25000.0,30000.0,30000.0,23333.33333333333,24166.666666666668,25833.33333333333,7637.626158259733,0.9032,55,1,Stable
ST0056,A0002,2025-06,30000,2,2025-06-01,2025,6,2,1.2246467991473532e-16,-1.0,0,0,2,25000.0,15000.0,30000.0,21666.666666666668,23666.666666666668,25416.666666666668,5773.502691896256,0.8524,55,1,Stable
ST0056,A0002,2025-07,20000,3,2025-07-01,2025,7,3,-0.4999999999999997,-0.8660254037844388,0,0,2,30000.0,25000.0,15000.0,26666.666666666668,25833.33333333333,25416.666666666668,2886.751345948124,1.0491,55,1,Stable
ST0056,A0002,2025-08,35000,4,2025-08-01,2025,8,3,-0.8660254037844385,-0.5000000000000004,0,0,3,20000.0,25000.0,30000.0,25000.0,24166.666666666668,25833.33333333333,4999.999999999997,0.9677,55,1,Stable
ST0056,A0002,2025-09,15000,1,2025-09-01,2025,9,3,-1.0,-1.8369701987210294e-16,0,0,3,35000.0,30000.0,30000.0,28333.33333333333,25000.0,26250.0,7637.626158259732,1.0793,55,1,Stable
ST0056,A0002,2025-10,30000,4,2025-10-01,2025,10,4,-0.8660254037844386,0.5000000000000001,0,1,3,15000.0,20000.0,30000.0,23333.33333333333,25000.0,25000.0,10408.329997330662,0.9333,55,1,Stable
ST0056,A0002,2025-11,25000,2,2025-11-01,2025,11,4,-0.5000000000000004,0.8660254037844384,0,1,3,30000.0,35000.0,28000.0,26666.666666666668,25833.33333333333,25000.0,10408.329997330662,1.0666,55,1,Stable
ST0056,A0002,2025-12,20000,2,2025-12-01,2025,12,4,-2.4492935982947064e-16,1.0,0,1,0,25000.0,15000.0,17000.0,23333.33333333333,25833.33333333333,24750.0,7637.626158259733,0.9427,55,1,Stable
ST0058,A0001,2024-10,12000,2,2024-10-01,2024,10,4,-0.8660254037844386,0.5000000000000001,0,1,3,8000.0,16000.0,5000.0,10666.666666666666,9500.0,11000.0,4618.802153517001,0.9696,57,0,Stable
ST0058,A0001,2024-11,13000,2,2024-11-01,2024,11,4,-0.5000000000000004,0.8660254037844384,0,1,3,12000.0,8000.0,10000.0,9333.333333333334,10166.666666666666,11583.333333333334,2309.401076758491,0.8057,57,0,Stable
ST0058,A0001,2024-12,12000,3,2024-12-01,2024,12,4,-2.4492935982947064e-16,1.0,0,1,0,13000.0,8000.0,26000.0,11000.0,11000.0,11833.333333333334,2645.7513110645823,0.9295,57,0,Stable
ST0058,A0001,2025-01,6000,1,2025-01-01,2025,1,1,0.4999999999999999,0.8660254037844387,1,0,0,12000.0,12000.0,18000.0,12333.333333333334,11500.0,10666.666666666666,577.350269189594,1.1561,57,0,Stable
ST0058,A0001,2025-02,10000,2,2025-02-01,2025,2,1,0.8660254037844386,0.5000000000000001,1,0,0,6000.0,13000.0,8000.0,10333.333333333334,9833.333333333334,9666.666666666666,3785.9388972001752,1.0689,57,0,Stable
ST0058,A0001,2025-03,6000,1,2025-03-01,2025,3,1,1.0,6.123233995736766e-17,1,0,1,10000.0,12000.0,8000.0,9333.333333333334,10166.666666666666,9833.333333333334,3055.050463303884,0.9491,57,0,Stable
ST0058,A0001,2025-04,12000,2,2025-04-01,2025,4,2,0.8660254037844387,-0.4999999999999998,0,0,1,6000.0,6000.0,8000.0,7333.333333333333,9833.333333333334,9666.666666666666,2309.401076758486,0.7585,57,0,Stable
ST0058,A0001,2025-05,11000,2,2025-05-01,2025,5,2,0.4999999999999999,-0.8660254037844387,0,0,2,12000.0,10000.0,8000.0,9333.333333333334,9833.333333333334,10000.0,3055.050463303884,0.9332,57,0,Stable
ST0058,A0001,2025-07,10000,2,2025-07-01,2025,7,3,-0.4999999999999997,-0.8660254037844388,0,0,2,11000.0,6000.0,9000.0,9666.666666666666,9500.0,10250.0,3214.5502536643094,0.943,57,0,Stable
ST0058,A0001,2025-08,5000,1,2025-08-01,2025,8,3,-0.8660254037844385,-0.5000000000000004,0,0,3,10000.0,12000.0,16000.0,11000.0,9166.666666666666,10333.333333333334,999.9999999999752,1.0644,57,0,Stable
ST0058,A0001,2025-09,11000,2,2025-09-01,2025,9,3,-1.0,-1.8369701987210294e-16,0,0,3,5000.0,11000.0,8000.0,8666.666666666666,9000.0,9416.666666666666,3214.5502536643085,0.9203,57,0,Stable
ST0058,A0001,2025-10,5000,1,2025-10-01,2025,10,4,-0.8660254037844386,0.5000000000000001,0,1,3,11000.0,10000.0,8000.0,8666.666666666666,9166.666666666666,9666.666666666666,3214.5502536643085,0.8965,57,0,Stable
ST0058,A0001,2025-11,5000,1,2025-11-01,2025,11,4,-0.5000000000000004,0.8660254037844384,0,1,3,5000.0,5000.0,12000.0,7000.0,9000.0,9416.666666666666,3464.1016151377435,0.7433,57,0,Stable
ST0058,A0001,2025-12,5000,1,2025-12-01,2025,12,4,-2.4492935982947064e-16,1.0,0,1,0,5000.0,11000.0,13000.0,7000.0,7833.333333333333,8833.333333333334,3464.1016151377435,0.7924,57,0,Stable
ST0062,A0002,2023-11,10000,1,2023-11-01,2023,11,4,-0.5000000000000004,0.8660254037844384,0,1,3,15000.0,10000.0,10000.0,13333.333333333334,17000.0,15416.666666666666,2886.7513459481297,0.8648,61,1,Stable
ST0062,A0002,2023-12,10000,1,2023-12-01,2023,12,4,-2.4492935982947064e-16,1.0,0,1,0,10000.0,15000.0,10000.0,13333.333333333334,15333.333333333334,15416.666666666666,2886.7513459481297,0.8648,61,1,Stable
ST0062,A0002,2024-01,10000,1,2024-01-01,2024,1,1,0.4999999999999999,0.8660254037844387,1,0,0,10000.0,15000.0,10000.0,11666.666666666666,14166.666666666666,15416.666666666666,2886.7513459481297,0.7567,61,1,Stable
ST0062,A0002,2024-02,20000,2,2024-02-01,2024,2,1,0.8660254037844386,0.5000000000000001,1,0,0,10000.0,10000.0,16000.0,10000.0,11666.666666666666,15416.666666666666,0.0,0.6486,61,1,Stable
ST0062,A0002,2024-03,10000,1,2024-03-01,2024,3,1,1.0,6.123233995736766e-17,1,0,1,20000.0,10000.0,15000.0,13333.333333333334,13333.333333333334,15750.0,5773.502691896258,0.8465,61,1,Stable
ST0062,A0002,2024-04,10000,1,2024-04-01,2024,4,2,0.8660254037844387,-0.4999999999999998,0,0,1,10000.0,10000.0,22000.0,13333.333333333334,12500.0,15333.333333333334,5773.502691896258,0.8695,61,1,Stable
ST0062,A0002,2024-05,10000,1,2024-05-01,2024,5,2,0.4999999999999999,-0.8660254037844387,0,0,2,10000.0,20000.0,20000.0,13333.333333333334,11666.666666666666,14333.333333333334,5773.502691896258,0.9302,61,1,Stable
ST0062,A0002,2024-06,20000,2,2024-06-01,2024,6,2,1.2246467991473532e-16,-1.0,0,0,2,10000.0,10000.0,17000.0,10000.0,11666.666666666666,13500.0,0.0,0.7407,61,1,Stable
ST0062,A0002,2024-07,10000,1,2024-07-01,2024,7,3,-0.4999999999999997,-0.8660254037844388,0,0,2,20000.0,10000.0,25000.0,13333.333333333334,13333.333333333334,13750.0,5773.502691896258,0.9696,61,1,Stable
ST0062,A0002,2024-08,10000,1,2024-08-01,2024,8,3,-0.8660254037844385,-0.5000000000000004,0,0,3,10000.0,10000.0,10000.0,13333.333333333334,13333.333333333334,12500.0,5773.502691896258,1.0666,61,1,Stable
ST0062,A0002,2024-09,10000,2,2024-09-01,2024,9,3,-1.0,-1.8369701987210294e-16,0,0,3,10000.0,20000.0,15000.0,13333.333333333334,11666.666666666666,12500.0,5773.502691896258,1.0666,61,1,Stable
ST0062,A0002,2024-10,10000,2,2024-10-01,2024,10,4,-0.8660254037844386,0.5000000000000001,0,1,3,10000.0,10000.0,15000.0,10000.0,11666.666666666666,12083.333333333334,0.0,0.8275,61,1,Stable
ST0062,A0002,2024-11,10000,1,2024-11-01,2024,11,4,-0.5000000000000004,0.8660254037844384,0,1,3,10000.0,10000.0,10000.0,10000.0,11666.666666666666,11666.666666666666,0.0,0.8571,61,1,Stable
ST0062,A0002,2024-12,15000,2,2024-12-01,2024,12,4,-2.4492935982947064e-16,1.0,0,1,0,10000.0,10000.0,10000.0,10000.0,11666.666666666666,11666.666666666666,0.0,0.8571,61,1,Stable
ST0062,A0002,2025-01,10000,2,2025-01-01,2025,1,1,0.4999999999999999,0.8660254037844387,1,0,0,15000.0,10000.0,10000.0,11666.666666666666,10833.333333333334,12083.333333333334,2886.7513459481297,0.9654,61,1,Stable
ST0062,A0002,2025-02,5000,1,2025-02-01,2025,2,1,0.8660254037844386,0.5000000000000001,1,0,0,10000.0,10000.0,20000.0,11666.666666666666,10833.333333333334,12083.333333333334,2886.7513459481297,0.9654,61,1,Stable
ST0062,A0002,2025-03,5000,1,2025-03-01,2025,3,1,1.0,6.123233995736766e-17,1,0,1,5000.0,15000.0,10000.0,10000.0,10000.0,10833.333333333334,5000.000000000001,0.923,61,1,Stable
ST0062,A0002,2025-04,15000,3,2025-04-01,2025,4,2,0.8660254037844387,-0.4999999999999998,0,0,1,5000.0,10000.0,10000.0,6666.666666666667,9166.666666666666,10416.666666666666,2886.75134594813,0.6399,61,1,Stable
ST0062,A0002,2025-05,10000,2,2025-05-01,2025,5,2,0.4999999999999999,-0.8660254037844387,0,0,2,15000.0,5000.0,10000.0,8333.333333333334,10000.0,10833.333333333334,5773.5026918962585,0.7692,61,1,Stable
ST0062,A0002,2025-06,5000,1,2025-06-01,2025,6,2,1.2246467991473532e-16,-1.0,0,0,2,10000.0,5000.0,20000.0,10000.0,10000.0,10833.333333333334,5000.0,0.923,61,1,Stable
ST0062,A0002,2025-07,10000,2,2025-07-01,2025,7,3,-0.4999999999999997,-0.8660254037844388,0,0,2,5000.0,15000.0,10000.0,10000.0,8333.333333333334,9583.333333333334,5000.0,1.0434,61,1,Stable
ST0062,A0002,2025-08,10000,2,2025-08-01,2025,8,3,-0.8660254037844385,-0.5000000000000004,0,0,3,10000.0,10000.0,10000.0,8333.333333333334,8333.333333333334,9583.333333333334,2886.7513459481293,0.8695,61,1,Stable
ST0062,A0002,2025-09,10000,2,2025-09-01,2025,9,3,-1.0,-1.8369701987210294e-16,0,0,3,10000.0,5000.0,10000.0,8333.333333333334,9166.666666666666,9583.333333333334,2886.7513459481293,0.8695,61,1,Stable
ST0062,A0002,2025-10,10000,2,2025-10-01,2025,10,4,-0.8660254037844386,0.5000000000000001,0,1,3,10000.0,10000.0,10000.0,10000.0,10000.0,9583.333333333334,0.0,1.0434,61,1,Stable
ST0062,A0002,2025-11,10000,2,2025-11-01,2025,11,4,-0.5000000000000004,0.8660254037844384,0,1,3,10000.0,10000.0,10000.0,10000.0,9166.666666666666,9583.333333333334,0.0,1.0434,61,1,Stable
ST0062,A0002,2025-12,10000,2,2025-12-01,2025,12,4,-2.4492935982947064e-16,1.0,0,1,0,10000.0,10000.0,15000.0,10000.0,9166.666666666666,9583.333333333334,0.0,1.0434,61,1,Stable
ST0064,A0001,2024-08,27000,5,2024-08-01,2024,8,3,-0.8660254037844385,-0.5000000000000004,0,0,3,27000.0,27000.0,8000.0,27000.0,24666.666666666668,22083.33333333333,0.0,1.2226,63,0,Stable
ST0064,A0001,2024-09,36000,4,2024-09-01,2024,9,3,-1.0,-1.8369701987210294e-16,0,0,3,27000.0,27000.0,16000.0,27000.0,25166.666666666668,23666.666666666668,0.0,1.1408,63,0,Stable
ST0064,A0001,2024-10,28000,4,2024-10-01,2024,10,4,-0.8660254037844386,0.5000000000000001,0,1,3,36000.0,27000.0,18000.0,30000.0,28500.0,25333.33333333333,5196.152422706633,1.1842,63,0,Stable
ST0064,A0001,2024-11,30000,4,2024-11-01,2024,11,4,-0.5000000000000004,0.8660254037844384,0,1,3,28000.0,27000.0,32000.0,30333.33333333333,28666.666666666668,26166.666666666668,4932.882862316249,1.1592,63,0,Stable
ST0064,A0001,2024-12,29000,4,2024-12-01,2024,12,4,-2.4492935982947064e-16,1.0,0,1,0,30000.0,36000.0,26000.0,31333.33333333333,29166.666666666668,26000.0,4163.331998932267,1.2051,63,0,Stable
ST0064,A0001,2025-01,24000,3,2025-01-01,2025,1,1,0.4999999999999999,0.8660254037844387,1,0,0,29000.0,28000.0,17000.0,29000.0,29500.0,26250.0,1000.0000000000064,1.1047,63,0,Stable
ST0064,A0001,2025-02,24000,5,2025-02-01,2025,2,1,0.8660254037844386,0.5000000000000001,1,0,0,24000.0,30000.0,24000.0,27666.666666666668,29000.0,26833.33333333333,3214.5502536643207,1.031,63,0,Stable
ST0064,A0001,2025-03,16000,2,2025-03-01,2025,3,1,1.0,6.123233995736766e-17,1,0,1,24000.0,29000.0,16000.0,25666.666666666668,28500.0,26833.33333333333,2886.751345948132,0.9565,63,0,Stable
ST0064,A0001,2025-04,26000,4,2025-04-01,2025,4,2,0.8660254037844387,-0.4999999999999998,0,0,1,16000.0,24000.0,27000.0,21333.33333333333,25166.666666666668,26833.33333333333,4618.802153517008,0.795,63,0,Stable
ST0064,A0001,2025-05,29000,4,2025-05-01,2025,5,2,0.4999999999999999,-0.8660254037844387,0,0,2,26000.0,24000.0,27000.0,22000.0,24833.33333333333,26750.0,5291.502622129183,0.8224,63,0,Stable
ST0064,A0001,2025-06,13000,2,2025-06-01,2025,6,2,1.2246467991473532e-16,-1.0,0,0,2,29000.0,16000.0,27000.0,23666.666666666668,24666.666666666668,26916.666666666668,6806.859285554046,0.8792,63,0,Stable
ST0064,A0001,2025-07,37000,5,2025-07-01,2025,7,3,-0.4999999999999997,-0.8660254037844388,0,0,2,13000.0,26000.0,27000.0,22666.666666666668,22000.0,25750.0,8504.900548115384,0.8802,63,0,Stable
ST0064,A0001,2025-08,18000,3,2025-08-01,2025,8,3,-0.8660254037844385,-0.5000000000000004,0,0,3,37000.0,29000.0,27000.0,26333.33333333333,24166.666666666668,26583.33333333333,12220.201853215574,0.9906,63,0,Stable
ST0064,A0001,2025-09,24000,3,2025-09-01,2025,9,3,-1.0,-1.8369701987210294e-16,0,0,3,18000.0,13000.0,36000.0,22666.666666666668,23166.666666666668,25833.33333333333,12662.279942148389,0.8774,63,0,Stable
ST0064,A0001,2025-10,24000,3,2025-10-01,2025,10,4,-0.8660254037844386,0.5000000000000001,0,1,3,24000.0,37000.0,28000.0,26333.33333333333,24500.0,24833.33333333333,9712.534856222312,1.0604,63,0,Stable
ST0064,A0001,2025-11,16000,2,2025-11-01,2025,11,4,-0.5000000000000004,0.8660254037844384,0,1,3,24000.0,18000.0,30000.0,22000.0,24166.666666666668,24500.0,3464.1016151377567,0.8979,63,0,Stable
ST0064,A0001,2025-12,24000,3,2025-12-01,2025,12,4,-2.4492935982947064e-16,1.0,0,1,0,16000.0,24000.0,29000.0,21333.33333333333,22000.0,23333.33333333333,4618.802153517007,0.9142,63,0,Stable
ST0064,A0002,2024-08,27000,4,2024-08-01,2024,8,3,-0.8660254037844385,-0.5000000000000004,0,0,3,36000.0,36000.0,8000.0,33000.0,28500.0,22666.666666666668,5196.152422706628,1.4558,63,1,Stable
ST0064,A0002,2024-09,26000,3,2024-09-01,2024,9,3,-1.0,-1.8369701987210294e-16,0,0,3,27000.0,27000.0,8000.0,30000.0,29000.0,24250.0,5196.152422706628,1.2371,63,1,Stable
ST0064,A0002,2024-10,28000,5,2024-10-01,2024,10,4,-0.8660254037844386,0.5000000000000001,0,1,3,26000.0,36000.0,18000.0,29666.666666666668,29333.33333333333,25750.0,5507.570547286099,1.1521,63,1,Stable
ST0064,A0002,2024-11,20000,4,2024-11-01,2024,11,4,-0.5000000000000004,0.8660254037844384,0,1,3,28000.0,27000.0,24000.0,27000.0,30000.0,26583.33333333333,999.9999999999852,1.0156,63,1,Stable
ST0064,A0002,2024-12,37000,6,2024-12-01,2024,12,4,-2.4492935982947064e-16,1.0,0,1,0,20000.0,26000.0,26000.0,24666.666666666668,27333.33333333333,26250.0,4163.331998932262,0.9396,63,1,Stable
ST0064,A0002,2025-01,16000,2,2025-01-01,2025,1,1,0.4999999999999999,0.8660254037844387,1,0,0,37000.0,28000.0,17000.0,28333.33333333333,29000.0,27166.666666666668,8504.900548115382,1.0429,63,1,Stable
ST0064,A0002,2025-02,24000,4,2025-02-01,2025,2,1,0.8660254037844386,0.5000000000000001,1,0,0,16000.0,20000.0,24000.0,24333.33333333333,25666.666666666668,27083.33333333333,11150.485789118486,0.8984,63,1,Stable
ST0064,A0002,2025-03,16000,2,2025-03-01,2025,3,1,1.0,6.123233995736766e-17,1,0,1,24000.0,37000.0,24000.0,25666.666666666668,25166.666666666668,27083.33333333333,10598.742063723095,0.9477,63,1,Stable
ST0064,A0002,2025-04,34000,5,2025-04-01,2025,4,2,0.8660254037844387,-0.4999999999999998,0,0,1,16000.0,16000.0,24000.0,18666.666666666668,23500.0,26416.666666666668,4618.802153517005,0.7066,63,1,Stable
ST0064,A0002,2025-05,13000,2,2025-05-01,2025,5,2,0.4999999999999999,-0.8660254037844387,0,0,2,34000.0,24000.0,36000.0,24666.666666666668,24500.0,27250.0,9018.499505645788,0.9052,63,1,Stable
ST0064,A0002,2025-06,18000,3,2025-06-01,2025,6,2,1.2246467991473532e-16,-1.0,0,0,2,13000.0,16000.0,27000.0,21000.0,23333.33333333333,25333.33333333333,11357.816691600548,0.8289,63,1,Stable
ST0064,A0002,2025-07,21000,4,2025-07-01,2025,7,3,-0.4999999999999997,-0.8660254037844388,0,0,2,18000.0,34000.0,36000.0,21666.666666666668,20166.666666666668,24583.33333333333,10969.655114602889,0.8813,63,1,Stable
ST0064,A0002,2025-08,18000,3,2025-08-01,2025,8,3,-0.8660254037844385,-0.5000000000000004,0,0,3,21000.0,13000.0,27000.0,17333.333333333332,21000.0,23333.33333333333,4041.451884327377,0.7428,63,1,Stable
ST0064,A0002,2025-09,16000,3,2025-09-01,2025,9,3,-1.0,-1.8369701987210294e-16,0,0,3,18000.0,18000.0,26000.0,19000.0,20000.0,22583.33333333333,1732.0508075688667,0.8413,63,1,Stable
ST0064,A0002,2025-10,22000,5,2025-10-01,2025,10,4,-0.8660254037844386,0.5000000000000001,0,1,3,16000.0,21000.0,28000.0,18333.33333333333,20000.0,21750.0,2516.6114784235783,0.8429,63,1,Stable
ST0064,A0002,2025-11,16000,2,2025-11-01,2025,11,4,-0.5000000000000004,0.8660254037844384,0,1,3,22000.0,18000.0,20000.0,18666.666666666668,18000.0,21250.0,3055.050463303889,0.8784,63,1,Stable
ST0064,A0002,2025-12,21000,4,2025-12-01,2025,12,4,-2.4492935982947064e-16,1.0,0,1,0,16000.0,16000.0,37000.0,18000.0,18500.0,20916.666666666668,3464.101615137752,0.8605,63,1,Stable
ST0065,A0001,2024-07,20000,5,2024-07-01,2024,7,3,-0.4999999999999997,-0.8660254037844388,0,0,2,16000.0,20000.0,5000.0,18666.666666666668,16000.0,15083.333333333334,2309.4010767585014,1.2375,64,0,Stable
ST0065,A0001,2024-08,16000,4,2024-08-01,2024,8,3,-0.8660254037844385,-0.5000000000000004,0,0,3,20000.0,20000.0,12000.0,18666.666666666668,17333.333333333332,16333.333333333334,2309.4010767585014,1.1428,64,0,Stable
ST0065,A0001,2024-09,20000,5,2024-09-01,2024,9,3,-1.0,-1.8369701987210294e-16,0,0,3,16000.0,16000.0,24000.0,17333.333333333332,18000.0,16666.666666666668,2309.4010767585014,1.0399,64,0,Stable
ST0065,A0001,2024-10,20000,5,2024-10-01,2024,10,4,-0.8660254037844386,0.5000000000000001,0,1,3,20000.0,20000.0,24000.0,18666.666666666668,18666.666666666668,16333.333333333334,2309.4010767585014,1.1428,64,0,Stable
ST0065,A0001,2024-11,16000,4,2024-11-01,2024,11,4,-0.5000000000000004,0.8660254037844384,0,1,3,20000.0,16000.0,16000.0,18666.666666666668,18666.666666666668,16000.0,2309.4010767585014,1.1666,64,0,Stable
ST0065,A0001,2024-12,20000,5,2024-12-01,2024,12,4,-2.4492935982947064e-16,1.0,0,1,0,16000.0,20000.0,4000.0,18666.666666666668,18000.0,16000.0,2309.4010767585014,1.1666,64,0,Stable
ST0065,A0001,2025-01,16000,4,2025-01-01,2025,1,1,0.4999999999999999,0.8660254037844387,1,0,0,20000.0,20000.0,12000.0,18666.666666666668,18666.666666666668,17333.333333333332,2309.4010767585014,1.0769,64,0,Stable
ST0065,A0001,2025-02,16000,4,2025-02-01,2025,2,1,0.8660254037844386,0.5000000000000001,1,0,0,16000.0,16000.0,12000.0,17333.333333333332,18000.0,17666.666666666668,2309.4010767585014,0.9811,64,0,Stable
ST0065,A0001,2025-03,12000,3,2025-03-01,2025,3,1,1.0,6.123233995736766e-17,1,0,1,16000.0,20000.0,16000.0,17333.333333333332,18000.0,18000.0,2309.4010767585014,0.9629,64,0,Stable
ST0065,A0001,2025-04,12000,3,2025-04-01,2025,4,2,0.8660254037844387,-0.4999999999999998,0,0,1,12000.0,16000.0,20000.0,14666.666666666666,16666.666666666668,17666.666666666668,2309.4010767585,0.8301,64,0,Stable
ST0065,A0001,2025-05,12000,3,2025-05-01,2025,5,2,0.4999999999999999,-0.8660254037844387,0,0,2,12000.0,16000.0,20000.0,13333.333333333334,15333.333333333334,17000.0,2309.4010767585,0.7843,64,0,Stable
ST0065,A0001,2025-06,8000,2,2025-06-01,2025,6,2,1.2246467991473532e-16,-1.0,0,0,2,12000.0,12000.0,16000.0,12000.0,14666.666666666666,16333.333333333334,0.0,0.7346,64,0,Stable
ST0065,A0001,2025-07,20000,5,2025-07-01,2025,7,3,-0.4999999999999997,-0.8660254037844388,0,0,2,8000.0,12000.0,20000.0,10666.666666666666,12666.666666666666,15666.666666666666,2309.4010767585,0.6808,64,0,Stable
ST0065,A0001,2025-08,12000,4,2025-08-01,2025,8,3,-0.8660254037844385,-0.5000000000000004,0,0,3,20000.0,12000.0,16000.0,13333.333333333334,13333.333333333334,15666.666666666666,6110.100926607785,0.851,64,0,Stable
ST0065,A0001,2025-09,16000,4,2025-09-01,2025,9,3,-1.0,-1.8369701987210294e-16,0,0,3,12000.0,8000.0,20000.0,13333.333333333334,12666.666666666666,15333.333333333334,6110.100926607785,0.8695,64,0,Stable
ST0065,A0001,2025-10,12000,3,2025-10-01,2025,10,4,-0.8660254037844386,0.5000000000000001,0,1,3,16000.0,20000.0,20000.0,16000.0,13333.333333333334,15000.0,3999.999999999997,1.0666,64,0,Stable
ST0065,A0001,2025-11,16000,4,2025-11-01,2025,11,4,-0.5000000000000004,0.8660254037844384,0,1,3,12000.0,12000.0,16000.0,13333.333333333334,13333.333333333334,14333.333333333334,2309.401076758498,0.9302,64,0,Stable
ST0065,A0001,2025-12,8000,2,2025-12-01,2025,12,4,-2.4492935982947064e-16,1.0,0,1,0,16000.0,16000.0,20000.0,14666.666666666666,14000.0,14333.333333333334,2309.401076758498,1.0232,64,0,Stable
ST0065,A0002,2024-08,8000,3,2024-08-01,2024,8,3,-0.8660254037844385,-0.5000000000000004,0,0,3,8000.0,12000.0,4000.0,9333.333333333334,9333.333333333334,8333.333333333334,2309.401076758502,1.1199,64,1,Stable
ST0065,A0002,2024-09,12000,4,2024-09-01,2024,9,3,-1.0,-1.8369701987210294e-16,0,0,3,8000.0,8000.0,8000.0,8000.0,9333.333333333334,8666.666666666666,0.0,0.923,64,1,Stable
ST0065,A0002,2024-10,8000,2,2024-10-01,2024,10,4,-0.8660254037844386,0.5000000000000001,0,1,3,12000.0,8000.0,8000.0,9333.333333333334,10000.0,9000.0,2309.4010767585014,1.0369,64,1,Stable
ST0065,A0002,2024-11,4000,1,2024-11-01,2024,11,4,-0.5000000000000004,0.8660254037844384,0,1,3,8000.0,8000.0,12000.0,9333.333333333334,9333.333333333334,9000.0,2309.4010767585014,1.0369,64,1,Stable
ST0065,A0002,2024-12,8000,2,2024-12-01,2024,12,4,-2.4492935982947064e-16,1.0,0,1,0,4000.0,12000.0,4000.0,8000.0,8000.0,8333.333333333334,3999.999999999999,0.9599,64,1,Stable
ST0065,A0002,2025-01,8000,2,2025-01-01,2025,1,1,0.4999999999999999,0.8660254037844387,1,0,0,8000.0,8000.0,8000.0,6666.666666666667,8000.0,8666.666666666666,2309.4010767585014,0.7691,64,1,Stable
ST0065,A0002,2025-02,8000,2,2025-02-01,2025,2,1,0.8660254037844386,0.5000000000000001,1,0,0,8000.0,4000.0,8000.0,6666.666666666667,8000.0,8666.666666666666,2309.4010767585014,0.7691,64,1,Stable
ST0065,A0002,2025-03,8000,2,2025-03-01,2025,3,1,1.0,6.123233995736766e-17,1,0,1,8000.0,8000.0,8000.0,8000.0,8000.0,8666.666666666666,0.0,0.923,64,1,Stable
ST0065,A0002,2025-04,4000,1,2025-04-01,2025,4,2,0.8660254037844387,-0.4999999999999998,0,0,1,8000.0,8000.0,12000.0,8000.0,7333.333333333333,8666.666666666666,0.0,0.923,64,1,Stable
ST0065,A0002,2025-05,8000,3,2025-05-01,2025,5,2,0.4999999999999999,-0.8660254037844387,0,0,2,4000.0,8000.0,12000.0,6666.666666666667,6666.666666666667,8000.0,2309.4010767585014,0.8332,64,1,Stable
ST0065,A0002,2025-06,8000,2,2025-06-01,2025,6,2,1.2246467991473532e-16,-1.0,0,0,2,8000.0,8000.0,8000.0,6666.666666666667,7333.333333333333,7666.666666666667,2309.4010767585014,0.8695,64,1,Stable
ST0065,A0002,2025-07,8000,2,2025-07-01,2025,7,3,-0.4999999999999997,-0.8660254037844388,0,0,2,8000.0,4000.0,8000.0,6666.666666666667,7333.333333333333,7666.666666666667,2309.4010767585014,0.8695,64,1,Stable
ST0065,A0002,2025-08,12000,3,2025-08-01,2025,8,3,-0.8660254037844385,-0.5000000000000004,0,0,3,8000.0,8000.0,8000.0,8000.0,7333.333333333333,7666.666666666667,0.0,1.0433,64,1,Stable
ST0065,A0002,2025-09,8000,2,2025-09-01,2025,9,3,-1.0,-1.8369701987210294e-16,0,0,3,12000.0,8000.0,12000.0,9333.333333333334,8000.0,8000.0,2309.401076758501,1.1665,64,1,Stable
ST0065,A0002,2025-10,8000,2,2025-10-01,2025,10,4,-0.8660254037844386,0.5000000000000001,0,1,3,8000.0,8000.0,8000.0,9333.333333333334,8000.0,7666.666666666667,2309.401076758501,1.2172,64,1,Stable
ST0065,A0002,2025-11,8000,4,2025-11-01,2025,11,4,-0.5000000000000004,0.8660254037844384,0,1,3,8000.0,12000.0,4000.0,9333.333333333334,8666.666666666666,7666.666666666667,2309.401076758501,1.2172,64,1,Stable
ST0066,A0001,2023-07,87000,6,2023-07-01,2023,7,3,-0.4999999999999997,-0.8660254037844388,0,0,2,83000.0,54000.0,32000.0,61666.66666666666,57000.0,52583.333333333336,18717.193521821944,1.1727,65,0,Stable
ST0066,A0001,2023-08,105000,9,2023-08-01,2023,8,3,-0.8660254037844385,-0.5000000000000004,0,0,3,87000.0,48000.0,47000.0,72666.66666666667,61333.333333333336,57166.66666666666,21455.380055672125,1.2711,65,0,Stable
ST0066,A0001,2023-09,105000,8,2023-09-01,2023,9,3,-1.0,-1.8369701987210294e-16,0,0,3,105000.0,83000.0,62000.0,91666.66666666669,70833.33333333333,62000.0,11718.93055416462,1.4785,65,0,Stable
ST0066,A0001,2023-10,95000,8,2023-10-01,2023,10,4,-0.8660254037844386,0.5000000000000001,0,1,3,105000.0,87000.0,34000.0,99000.0,80333.33333333333,65583.33333333333,10392.304845413251,1.5095,65,0,Stable
ST0066,A0001,2023-11,95000,6,2023-11-01,2023,11,4,-0.5000000000000004,0.8660254037844384,0,1,3,95000.0,105000.0,61000.0,101666.66666666669,87166.66666666667,70666.66666666667,5773.502691896237,1.4387,65,0,Stable
ST0066,A0001,2023-12,90000,7,2023-12-01,2023,12,4,-2.4492935982947064e-16,1.0,0,1,0,95000.0,105000.0,53000.0,98333.33333333331,95000.0,73500.0,5773.502691896237,1.3379,65,0,Stable
ST0066,A0001,2024-01,90000,5,2024-01-01,2024,1,1,0.4999999999999999,0.8660254037844387,1,0,0,90000.0,95000.0,61000.0,93333.33333333331,96166.66666666669,76583.33333333333,2886.75134594808,1.2187,65,0,Stable
ST0066,A0001,2024-02,65000,5,2024-02-01,2024,2,1,0.8660254037844386,0.5000000000000001,1,0,0,90000.0,95000.0,48000.0,91666.66666666669,96666.66666666669,79000.0,2886.75134594808,1.1603,65,0,Stable
ST0066,A0001,2024-03,75000,6,2024-03-01,2024,3,1,1.0,6.123233995736766e-17,1,0,1,65000.0,90000.0,48000.0,81666.66666666667,90000.0,80416.66666666667,14433.756729740637,1.0155,65,0,Stable
ST0066,A0001,2024-04,85000,7,2024-04-01,2024,4,2,0.8660254037844387,-0.4999999999999998,0,0,1,75000.0,90000.0,54000.0,76666.66666666667,85000.0,82666.66666666667,12583.05739211791,0.9274,65,0,Stable
ST0066,A0001,2024-05,100000,6,2024-05-01,2024,5,2,0.4999999999999999,-0.8660254037844387,0,0,2,85000.0,65000.0,48000.0,75000.0,83333.33333333333,85250.0,9999.999999999996,0.8798,65,0,Stable
ST0066,A0001,2024-06,95000,6,2024-06-01,2024,6,2,1.2246467991473532e-16,-1.0,0,0,2,100000.0,75000.0,83000.0,86666.66666666667,84166.66666666667,89583.33333333333,12583.05739211791,0.9674,65,0,Stable
ST0066,A0001,2024-07,105000,8,2024-07-01,2024,7,3,-0.4999999999999997,-0.8660254037844388,0,0,2,95000.0,85000.0,87000.0,93333.33333333331,85000.0,90583.33333333331,7637.62615825972,1.0303,65,0,Stable
ST0066,A0001,2024-08,105000,8,2024-08-01,2024,8,3,-0.8660254037844385,-0.5000000000000004,0,0,3,105000.0,100000.0,105000.0,100000.0,87500.0,92083.33333333331,4999.999999999982,1.086,65,0,Stable
ST0066,A0001,2024-09,110000,9,2024-09-01,2024,9,3,-1.0,-1.8369701987210294e-16,0,0,3,105000.0,95000.0,105000.0,101666.66666666669,94166.66666666669,92083.33333333331,5773.502691896241,1.1041,65,0,Stable
ST0066,A0001,2024-10,80000,7,2024-10-01,2024,10,4,-0.8660254037844386,0.5000000000000001,0,1,3,110000.0,105000.0,95000.0,106666.66666666669,100000.0,92500.0,2886.751345948089,1.1531,65,0,Stable
ST0066,A0001,2024-11,95000,9,2024-11-01,2024,11,4,-0.5000000000000004,0.8660254037844384,0,1,3,80000.0,105000.0,95000.0,98333.33333333331,99166.66666666669,91250.0,16072.75126832158,1.0776,65,0,Stable
ST0066,A0001,2024-12,97000,9,2024-12-01,2024,12,4,-2.4492935982947064e-16,1.0,0,1,0,95000.0,110000.0,90000.0,95000.0,98333.33333333331,91250.0,14999.999999999987,1.0411,65,0,Stable
ST0066,A0001,2025-01,87000,8,2025-01-01,2025,1,1,0.4999999999999999,0.8660254037844387,1,0,0,97000.0,80000.0,90000.0,90666.66666666669,98666.66666666669,91833.33333333331,9291.573243177549,0.9873,65,0,Stable
ST0066,A0001,2025-02,81000,8,2025-02-01,2025,2,1,0.8660254037844386,0.5000000000000001,1,0,0,87000.0,95000.0,65000.0,93000.0,95666.66666666669,91583.33333333331,5291.502622129142,1.0155,65,0,Stable
ST0066,A0001,2025-03,75000,6,2025-03-01,2025,3,1,1.0,6.123233995736766e-17,1,0,1,81000.0,97000.0,75000.0,88333.33333333333,91666.66666666669,92916.66666666669,8082.903768654733,0.9507,65,0,Stable
ST0066,A0001,2025-04,95000,7,2025-04-01,2025,4,2,0.8660254037844387,-0.4999999999999998,0,0,1,75000.0,87000.0,85000.0,81000.0,85833.33333333333,92916.66666666669,5999.99999999996,0.8717,65,0,Stable
ST0066,A0001,2025-05,80000,8,2025-05-01,2025,5,2,0.4999999999999999,-0.8660254037844387,0,0,2,95000.0,81000.0,100000.0,83666.66666666667,88333.33333333333,93750.0,10263.202878893744,0.8924,65,0,Stable
ST0066,A0001,2025-06,85000,8,2025-06-01,2025,6,2,1.2246467991473532e-16,-1.0,0,0,2,80000.0,75000.0,95000.0,83333.33333333333,85833.33333333333,92083.33333333331,10408.329997330638,0.905,65,0,Stable
ST0066,A0001,2025-07,102000,8,2025-07-01,2025,7,3,-0.4999999999999997,-0.8660254037844388,0,0,2,85000.0,95000.0,105000.0,86666.66666666667,83833.33333333333,91250.0,7637.626158259701,0.9498,65,0,Stable
ST0066,A0001,2025-08,70000,6,2025-08-01,2025,8,3,-0.8660254037844385,-0.5000000000000004,0,0,3,102000.0,80000.0,105000.0,89000.0,86333.33333333333,91000.0,11532.562594670777,0.978,65,0,Stable
ST0066,A0001,2025-09,89000,8,2025-09-01,2025,9,3,-1.0,-1.8369701987210294e-16,0,0,3,70000.0,85000.0,110000.0,85666.66666666667,84500.0,88083.33333333333,16010.413278030424,0.9726,65,0,Stable
ST0066,A0001,2025-10,93000,8,2025-10-01,2025,10,4,-0.8660254037844386,0.5000000000000001,0,1,3,89000.0,102000.0,80000.0,87000.0,86833.33333333333,86333.33333333333,16093.476939431068,1.0077,65,0,Stable
ST0066,A0001,2025-11,90000,9,2025-11-01,2025,11,4,-0.5000000000000004,0.8660254037844384,0,1,3,93000.0,70000.0,95000.0,84000.0,86500.0,87416.66666666667,12288.20572744449,0.9609,65,0,Stable
ST0066,A0001,2025-12,120000,9,2025-12-01,2025,12,4,-2.4492935982947064e-16,1.0,0,1,0,90000.0,89000.0,97000.0,90666.66666666669,88166.66666666667,87000.0,2081.665999466033,1.0421,65,0,Stable
ST0066,A0002,2023-07,45000,4,2023-07-01,2023,7,3,-0.4999999999999997,-0.8660254037844388,0,0,2,63000.0,62000.0,64000.0,61000.0,57166.66666666666,60583.333333333336,2645.751311064599,1.0069,65,1,Stable
ST0066,A0002,2023-08,45000,4,2023-08-01,2023,8,3,-0.8660254037844385,-0.5000000000000004,0,0,3,45000.0,58000.0,49000.0,55333.333333333336,57666.66666666666,59000.0,9291.573243177572,0.9378,65,1,Stable
ST0066,A0002,2023-09,30000,3,2023-09-01,2023,9,3,-1.0,-1.8369701987210294e-16,0,0,3,45000.0,63000.0,70000.0,51000.0,55500.0,58666.66666666666,10392.304845413268,0.8693,65,1,Stable
ST0066,A0002,2023-10,60000,5,2023-10-01,2023,10,4,-0.8660254037844386,0.5000000000000001,0,1,3,30000.0,45000.0,59000.0,40000.0,50500.0,55333.333333333336,8660.25403784439,0.7229,65,1,Stable
ST0066,A0002,2023-11,60000,5,2023-11-01,2023,11,4,-0.5000000000000004,0.8660254037844384,0,1,3,60000.0,45000.0,73000.0,45000.0,50166.66666666666,55416.66666666666,15000.000000000002,0.812,65,1,Stable
ST0066,A0002,2023-12,58000,6,2023-12-01,2023,12,4,-2.4492935982947064e-16,1.0,0,1,0,60000.0,30000.0,69000.0,50000.0,50500.0,54333.333333333336,17320.508075688776,0.9202,65,1,Stable
ST0066,A0002,2024-01,57000,5,2024-01-01,2024,1,1,0.4999999999999999,0.8660254037844387,1,0,0,58000.0,60000.0,42000.0,59333.333333333336,49666.66666666666,53416.66666666666,1154.7005383792784,1.1107,65,1,Stable
ST0066,A0002,2024-02,60000,6,2024-02-01,2024,2,1,0.8660254037844386,0.5000000000000001,1,0,0,57000.0,60000.0,58000.0,58333.333333333336,51666.66666666666,54666.66666666666,1527.5252316519682,1.0671,65,1,Stable
ST0066,A0002,2024-03,95000,6,2024-03-01,2024,3,1,1.0,6.123233995736766e-17,1,0,1,60000.0,58000.0,60000.0,58333.333333333336,54166.66666666666,54833.333333333336,1527.5252316519682,1.0638,65,1,Stable
ST0066,A0002,2024-04,60000,5,2024-04-01,2024,4,2,0.8660254037844387,-0.4999999999999998,0,0,1,95000.0,57000.0,62000.0,70666.66666666667,65000.0,57750.0,21126.602503321097,1.2236,65,1,Stable
ST0066,A0002,2024-05,60000,5,2024-05-01,2024,5,2,0.4999999999999999,-0.8660254037844387,0,0,2,60000.0,60000.0,58000.0,71666.66666666667,65000.0,57583.333333333336,20207.2594216369,1.2446,65,1,Stable
ST0066,A0002,2024-06,75000,8,2024-06-01,2024,6,2,1.2246467991473532e-16,-1.0,0,0,2,60000.0,95000.0,63000.0,71666.66666666667,65000.0,57750.0,20207.2594216369,1.241,65,1,Stable
ST0066,A0002,2024-07,75000,5,2024-07-01,2024,7,3,-0.4999999999999997,-0.8660254037844388,0,0,2,75000.0,60000.0,45000.0,65000.0,67833.33333333333,58750.0,8660.254037844392,1.1064,65,1,Stable
ST0066,A0002,2024-08,90000,7,2024-08-01,2024,8,3,-0.8660254037844385,-0.5000000000000004,0,0,3,75000.0,60000.0,45000.0,70000.0,70833.33333333333,61250.0,8660.254037844383,1.1428,65,1,Stable
ST0066,A0002,2024-09,75000,8,2024-09-01,2024,9,3,-1.0,-1.8369701987210294e-16,0,0,3,90000.0,75000.0,30000.0,80000.0,75833.33333333333,65000.0,8660.254037844354,1.2308,65,1,Stable
ST0066,A0002,2024-10,75000,8,2024-10-01,2024,10,4,-0.8660254037844386,0.5000000000000001,0,1,3,75000.0,75000.0,60000.0,80000.0,72500.0,68750.0,8660.254037844354,1.1636,65,1,Stable
ST0066,A0002,2024-11,75000,6,2024-11-01,2024,11,4,-0.5000000000000004,0.8660254037844384,0,1,3,75000.0,90000.0,60000.0,80000.0,75000.0,70000.0,8660.254037844354,1.1428,65,1,Stable
ST0066,A0002,2024-12,69000,5,2024-12-01,2024,12,4,-2.4492935982947064e-16,1.0,0,1,0,75000.0,75000.0,58000.0,75000.0,77500.0,71250.0,0.0,1.0526,65,1,Stable
ST0066,A0002,2025-01,46000,3,2025-01-01,2025,1,1,0.4999999999999999,0.8660254037844387,1,0,0,69000.0,75000.0,57000.0,73000.0,76500.0,72166.66666666667,3464.1016151377244,1.0115,65,1,Stable
ST0066,A0002,2025-02,70000,7,2025-02-01,2025,2,1,0.8660254037844386,0.5000000000000001,1,0,0,46000.0,75000.0,60000.0,63333.333333333336,71666.66666666667,71250.0,15307.950004273387,0.8889,65,1,Stable
ST0066,A0002,2025-03,45000,5,2025-03-01,2025,3,1,1.0,6.123233995736766e-17,1,0,1,70000.0,69000.0,95000.0,61666.66666666666,68333.33333333333,72083.33333333333,13576.94123627755,0.8555,65,1,Stable
ST0066,A0002,2025-04,80000,8,2025-04-01,2025,4,2,0.8660254037844387,-0.4999999999999998,0,0,1,45000.0,46000.0,60000.0,53666.66666666666,63333.333333333336,67916.66666666667,14153.915830374794,0.7902,65,1,Stable
ST0066,A0002,2025-05,60000,6,2025-05-01,2025,5,2,0.4999999999999999,-0.8660254037844387,0,0,2,80000.0,70000.0,60000.0,65000.0,64166.66666666666,69583.33333333333,18027.75637731995,0.9341,65,1,Stable
ST0066,A0002,2025-06,55000,6,2025-06-01,2025,6,2,1.2246467991473532e-16,-1.0,0,0,2,60000.0,45000.0,75000.0,61666.66666666666,61666.66666666666,69583.33333333333,17559.422921421243,0.8862,65,1,Stable
ST0066,A0002,2025-07,113000,8,2025-07-01,2025,7,3,-0.4999999999999997,-0.8660254037844388,0,0,2,55000.0,80000.0,75000.0,65000.0,59333.333333333336,67916.66666666667,13228.75655532296,0.957,65,1,Stable
ST0066,A0002,2025-08,105000,8,2025-08-01,2025,8,3,-0.8660254037844385,-0.5000000000000004,0,0,3,113000.0,60000.0,90000.0,76000.0,70500.0,71083.33333333333,32140.31735997639,1.0692,65,1,Stable
ST0066,A0002,2025-09,90000,7,2025-09-01,2025,9,3,-1.0,-1.8369701987210294e-16,0,0,3,105000.0,55000.0,75000.0,91000.0,76333.33333333333,72333.33333333333,31432.46729100341,1.258,65,1,Stable
ST0066,A0002,2025-10,85000,6,2025-10-01,2025,10,4,-0.8660254037844386,0.5000000000000001,0,1,3,90000.0,113000.0,75000.0,102666.66666666669,83833.33333333333,73583.33333333333,11676.18659209126,1.3952,65,1,Stable
ST0066,A0002,2025-11,84000,9,2025-11-01,2025,11,4,-0.5000000000000004,0.8660254037844384,0,1,3,85000.0,105000.0,75000.0,93333.33333333331,84666.66666666667,74416.66666666667,10408.329997330611,1.2542,65,1,Stable
ST0066,A0002,2025-12,88000,9,2025-12-01,2025,12,4,-2.4492935982947064e-16,1.0,0,1,0,84000.0,90000.0,69000.0,86333.33333333333,88666.66666666667,75166.66666666667,3214.550253664219,1.1485,65,1,Stable
ST0067,A0001,2022-06,56000,7,2022-06-01,2022,6,2,1.2246467991473532e-16,-1.0,0,0,2,78000.0,60000.0,15000.0,65000.0,58833.333333333336,49000.0,11357.81669160054,1.3265,66,0,Stable
ST0067,A0001,2022-07,60000,7,2022-07-01,2022,7,3,-0.4999999999999997,-0.8660254037844388,0,0,2,56000.0,57000.0,50000.0,63666.66666666666,59000.0,52416.66666666666,12423.096769056145,1.2146,66,0,Stable
ST0067,A0001,2022-08,57000,6,2022-08-01,2022,8,3,-0.8660254037844385,-0.5000000000000004,0,0,3,60000.0,78000.0,35000.0,64666.66666666666,62666.66666666666,53250.0,11718.930554164624,1.2144,66,0,Stable
ST0067,A0001,2022-09,44000,4,2022-09-01,2022,9,3,-1.0,-1.8369701987210294e-16,0,0,3,57000.0,56000.0,45000.0,57666.66666666666,61333.333333333336,55083.333333333336,2081.665999466086,1.0469,66,0,Stable
ST0067,A0001,2022-10,40000,5,2022-10-01,2022,10,4,-0.8660254037844386,0.5000000000000001,0,1,3,44000.0,60000.0,30000.0,53666.66666666666,58666.66666666666,55000.0,8504.900548115369,0.9757,66,0,Stable
ST0067,A0001,2022-11,52000,6,2022-11-01,2022,11,4,-0.5000000000000004,0.8660254037844384,0,1,3,40000.0,57000.0,60000.0,47000.0,55833.333333333336,55833.333333333336,8888.194417315577,0.8418,66,0,Stable
ST0067,A0001,2022-12,52000,6,2022-12-01,2022,12,4,-2.4492935982947064e-16,1.0,0,1,0,52000.0,44000.0,55000.0,45333.333333333336,51500.0,55166.66666666666,6110.100926607767,0.8217,66,0,Stable
ST0067,A0001,2023-01,36000,4,2023-01-01,2023,1,1,0.4999999999999999,0.8660254037844387,1,0,0,52000.0,40000.0,38000.0,48000.0,50833.333333333336,54916.66666666666,6928.203230275492,0.874,66,0,Stable
ST0067,A0001,2023-02,30000,3,2023-02-01,2023,2,1,0.8660254037844386,0.5000000000000001,1,0,0,36000.0,52000.0,65000.0,46666.66666666666,46833.333333333336,54750.0,9237.604307033998,0.8523,66,0,Stable
ST0067,A0001,2023-03,45000,7,2023-03-01,2023,3,1,1.0,6.123233995736766e-17,1,0,1,30000.0,52000.0,60000.0,39333.333333333336,42333.333333333336,51833.333333333336,11372.481406154642,0.7588,66,0,Stable
ST0067,A0001,2023-04,36000,3,2023-04-01,2023,4,2,0.8660254037844387,-0.4999999999999998,0,0,1,45000.0,36000.0,57000.0,37000.0,42500.0,50583.333333333336,7549.834435270734,0.7315,66,0,Stable
ST0067,A0001,2023-05,34000,3,2023-05-01,2023,5,2,0.4999999999999999,-0.8660254037844387,0,0,2,36000.0,30000.0,78000.0,37000.0,41833.333333333336,48833.333333333336,7549.834435270734,0.7577,66,0,Stable
ST0067,A0001,2023-06,103000,9,2023-06-01,2023,6,2,1.2246467991473532e-16,-1.0,0,0,2,34000.0,45000.0,56000.0,38333.333333333336,38833.333333333336,45166.66666666666,5859.465277082296,0.8487,66,0,Stable
ST0067,A0001,2023-07,83000,5,2023-07-01,2023,7,3,-0.4999999999999997,-0.8660254037844388,0,0,2,103000.0,36000.0,60000.0,57666.66666666666,47333.333333333336,49083.333333333336,39272.55190757704,1.1748,66,0,Stable
ST0067,A0001,2023-08,86000,5,2023-08-01,2023,8,3,-0.8660254037844385,-0.5000000000000004,0,0,3,83000.0,34000.0,57000.0,73333.33333333333,55166.66666666666,51000.0,35501.17368951811,1.4379,66,0,Stable
ST0067,A0001,2023-09,53000,3,2023-09-01,2023,9,3,-1.0,-1.8369701987210294e-16,0,0,3,86000.0,103000.0,44000.0,90666.66666666669,64500.0,53416.66666666666,10785.793124908949,1.6973,66,0,Stable
ST0067,A0001,2023-10,65000,4,2023-10-01,2023,10,4,-0.8660254037844386,0.5000000000000001,0,1,3,53000.0,83000.0,40000.0,74000.0,65833.33333333333,54166.66666666666,18248.28759089465,1.3661,66,0,Stable
ST0067,A0001,2023-11,53000,3,2023-11-01,2023,11,4,-0.5000000000000004,0.8660254037844384,0,1,3,65000.0,86000.0,52000.0,68000.0,70666.66666666667,56250.0,16703.29308849006,1.2089,66,0,Stable
ST0067,A0001,2023-12,68000,4,2023-12-01,2023,12,4,-2.4492935982947064e-16,1.0,0,1,0,53000.0,53000.0,52000.0,57000.0,73833.33333333333,56333.333333333336,6928.203230275496,1.0118,66,0,Stable
ST0067,A0001,2024-01,53000,3,2024-01-01,2024,1,1,0.4999999999999999,0.8660254037844387,1,0,0,68000.0,65000.0,36000.0,62000.0,68000.0,57666.66666666666,7937.25393319376,1.0751,66,0,Stable
ST0067,A0001,2024-02,45000,3,2024-02-01,2024,2,1,0.8660254037844386,0.5000000000000001,1,0,0,53000.0,53000.0,30000.0,58000.0,63000.0,59083.333333333336,8660.254037844375,0.9816,66,0,Stable
ST0067,A0001,2024-03,45000,3,2024-03-01,2024,3,1,1.0,6.123233995736766e-17,1,0,1,45000.0,68000.0,45000.0,55333.333333333336,56166.66666666666,60333.333333333336,11676.186592091324,0.9171,66,0,Stable
ST0067,A0001,2024-04,60000,4,2024-04-01,2024,4,2,0.8660254037844387,-0.4999999999999998,0,0,1,45000.0,53000.0,36000.0,47666.66666666666,54833.333333333336,60333.333333333336,4618.802153516993,0.79,66,0,Stable
ST0067,A0001,2024-05,85000,5,2024-05-01,2024,5,2,0.4999999999999999,-0.8660254037844387,0,0,2,60000.0,45000.0,34000.0,50000.0,54000.0,62333.333333333336,8660.25403784438,0.8021,66,0,Stable
ST0067,A0001,2024-06,60000,4,2024-06-01,2024,6,2,1.2246467991473532e-16,-1.0,0,0,2,85000.0,45000.0,103000.0,63333.333333333336,59333.333333333336,66583.33333333333,20207.2594216369,0.9512,66,0,Stable
ST0067,A0001,2024-07,79000,5,2024-07-01,2024,7,3,-0.4999999999999997,-0.8660254037844388,0,0,2,60000.0,60000.0,83000.0,68333.33333333333,58000.0,63000.0,14433.756729740637,1.0846,66,0,Stable
ST0067,A0001,2024-08,46000,4,2024-08-01,2024,8,3,-0.8660254037844385,-0.5000000000000004,0,0,3,79000.0,85000.0,86000.0,74666.66666666667,62333.333333333336,62666.66666666666,13051.181300301254,1.1915,66,0,Stable
ST0067,A0001,2024-09,60000,4,2024-09-01,2024,9,3,-1.0,-1.8369701987210294e-16,0,0,3,46000.0,60000.0,53000.0,61666.66666666666,62500.0,59333.333333333336,16563.010998406455,1.0393,66,0,Stable
ST0067,A0001,2024-10,75000,5,2024-10-01,2024,10,4,-0.8660254037844386,0.5000000000000001,0,1,3,60000.0,79000.0,65000.0,61666.66666666666,65000.0,59916.66666666666,16563.010998406455,1.0292,66,0,Stable
ST0067,A0001,2024-11,45000,3,2024-11-01,2024,11,4,-0.5000000000000004,0.8660254037844384,0,1,3,75000.0,46000.0,53000.0,60333.333333333336,67500.0,60750.0,14502.873278538053,0.9931,66,0,Stable
ST0067,A0001,2024-12,59000,4,2024-12-01,2024,12,4,-2.4492935982947064e-16,1.0,0,1,0,45000.0,60000.0,68000.0,60000.0,60833.333333333336,60083.333333333336,14999.99999999999,0.9986,66,0,Stable
ST0067,A0001,2025-01,50000,3,2025-01-01,2025,1,1,0.4999999999999999,0.8660254037844387,1,0,0,59000.0,75000.0,53000.0,59666.66666666666,60666.66666666666,59333.333333333336,15011.10699893026,1.0056,66,0,Stable
ST0067,A0001,2025-02,30000,2,2025-02-01,2025,2,1,0.8660254037844386,0.5000000000000001,1,0,0,50000.0,45000.0,45000.0,51333.333333333336,55833.333333333336,59083.333333333336,7094.598884597564,0.8688,66,0,Stable
ST0067,A0001,2025-03,60000,4,2025-03-01,2025,3,1,1.0,6.123233995736766e-17,1,0,1,30000.0,59000.0,45000.0,46333.333333333336,53166.66666666666,57833.333333333336,14843.62938547487,0.8011,66,0,Stable
ST0067,A0001,2025-04,60000,4,2025-04-01,2025,4,2,0.8660254037844387,-0.4999999999999998,0,0,1,60000.0,50000.0,60000.0,46666.66666666666,53166.66666666666,59083.333333333336,15275.252316519458,0.7898,66,0,Stable
ST0067,A0001,2025-05,44000,3,2025-05-01,2025,5,2,0.4999999999999999,-0.8660254037844387,0,0,2,60000.0,30000.0,85000.0,50000.0,50666.66666666666,59083.333333333336,17320.508075688766,0.8462,66,0,Stable
ST0067,A0001,2025-06,46000,3,2025-06-01,2025,6,2,1.2246467991473532e-16,-1.0,0,0,2,44000.0,60000.0,60000.0,54666.66666666666,50500.0,55666.66666666666,9237.604307033998,0.982,66,0,Stable
ST0067,A0001,2025-07,50000,5,2025-07-01,2025,7,3,-0.4999999999999997,-0.8660254037844388,0,0,2,46000.0,60000.0,79000.0,50000.0,48333.333333333336,54500.0,8717.797887081331,0.9174,66,0,Stable
ST0067,A0001,2025-08,45000,4,2025-08-01,2025,8,3,-0.8660254037844385,-0.5000000000000004,0,0,3,50000.0,44000.0,46000.0,46666.66666666666,48333.333333333336,52083.333333333336,3055.0504633038504,0.896,66,0,Stable
ST0067,A0001,2025-09,30000,2,2025-09-01,2025,9,3,-1.0,-1.8369701987210294e-16,0,0,3,45000.0,46000.0,60000.0,47000.0,50833.333333333336,52000.0,2645.751311064542,0.9038,66,0,Stable
ST0067,A0001,2025-10,45000,3,2025-10-01,2025,10,4,-0.8660254037844386,0.5000000000000001,0,1,3,30000.0,50000.0,75000.0,41666.66666666666,45833.333333333336,49500.0,10408.329997330651,0.8417,66,0,Stable
ST0067,A0001,2025-11,59000,4,2025-11-01,2025,11,4,-0.5000000000000004,0.8660254037844384,0,1,3,45000.0,45000.0,45000.0,40000.0,43333.333333333336,47000.0,8660.25403784437,0.851,66,0,Stable
ST0067,A0001,2025-12,50000,3,2025-12-01,2025,12,4,-2.4492935982947064e-16,1.0,0,1,0,59000.0,30000.0,59000.0,44666.66666666666,45833.333333333336,48166.66666666666,14502.873278538053,0.9273,66,0,Stable
ST0067,A0002,2022-07,28000,6,2022-07-01,2022,7,3,-0.4999999999999997,-0.8660254037844388,0,0,2,82000.0,35500.0,15000.0,64166.66666666666,39250.0,26708.33333333333,25071.564237863848,2.4024,66,1,Stable
ST0067,A0002,2022-08,31000,5,2022-08-01,2022,8,3,-0.8660254037844385,-0.5000000000000004,0,0,3,28000.0,75000.0,5000.0,61666.66666666666,43083.333333333336,27791.666666666668,29365.512652316043,2.2188,66,1,Stable
ST0067,A0002,2022-09,24000,3,2022-09-01,2022,9,3,-1.0,-1.8369701987210294e-16,0,0,3,31000.0,82000.0,20000.0,47000.0,45583.333333333336,29958.33333333333,30347.981810987047,1.5688,66,1,Stable
ST0067,A0002,2022-10,21000,4,2022-10-01,2022,10,4,-0.8660254037844386,0.5000000000000001,0,1,3,24000.0,28000.0,5000.0,27666.666666666668,45916.66666666666,30291.666666666668,3511.8845842844053,0.9133,66,1,Stable
ST0067,A0002,2022-11,27000,5,2022-11-01,2022,11,4,-0.5000000000000004,0.8660254037844384,0,1,3,21000.0,31000.0,22000.0,25333.33333333333,43500.0,31625.0,5131.601439446999,0.801,66,1,Stable
ST0067,A0002,2022-12,22000,4,2022-12-01,2022,12,4,-2.4492935982947064e-16,1.0,0,1,0,27000.0,24000.0,18000.0,24000.0,35500.0,32041.666666666668,3000.000000000204,0.749,66,1,Stable
ST0067,A0002,2023-01,19000,4,2023-01-01,2023,1,1,0.4999999999999999,0.8660254037844387,1,0,0,22000.0,21000.0,5000.0,23333.33333333333,25500.0,32375.0,3214.550253664512,0.7207,66,1,Stable
ST0067,A0002,2023-02,23000,3,2023-02-01,2023,2,1,0.8660254037844386,0.5000000000000001,1,0,0,19000.0,27000.0,16000.0,22666.666666666668,24000.0,33541.666666666664,4041.451884327536,0.6758,66,1,Stable
ST0067,A0002,2023-03,18000,4,2023-03-01,2023,3,1,1.0,6.123233995736766e-17,1,0,1,23000.0,22000.0,22000.0,21333.33333333333,22666.666666666668,34125.0,2081.665999466444,0.6251,66,1,Stable
ST0067,A0002,2023-04,31000,4,2023-04-01,2023,4,2,0.8660254037844387,-0.4999999999999998,0,0,1,18000.0,19000.0,35500.0,20000.0,21666.666666666668,33791.666666666664,2645.751311064843,0.5918,66,1,Stable
ST0067,A0002,2023-05,26000,3,2023-05-01,2023,5,2,0.4999999999999999,-0.8660254037844387,0,0,2,31000.0,23000.0,75000.0,24000.0,23333.33333333333,33416.666666666664,6557.438524302092,0.7182,66,1,Stable
ST0067,A0002,2023-06,15000,5,2023-06-01,2023,6,2,1.2246467991473532e-16,-1.0,0,0,2,26000.0,18000.0,82000.0,25000.0,23166.666666666668,29333.33333333333,6557.438524302091,0.8522,66,1,Stable
ST0067,A0002,2023-07,30000,2,2023-07-01,2023,7,3,-0.4999999999999997,-0.8660254037844388,0,0,2,15000.0,31000.0,28000.0,24000.0,22000.0,23750.0,8185.352771872524,1.0105,66,1,Stable
ST0067,A0002,2023-08,30000,2,2023-08-01,2023,8,3,-0.8660254037844385,-0.5000000000000004,0,0,3,30000.0,26000.0,31000.0,23666.666666666668,23833.33333333333,23916.666666666668,7767.453465154108,0.9895,66,1,Stable
ST0067,A0002,2023-09,15000,1,2023-09-01,2023,9,3,-1.0,-1.8369701987210294e-16,0,0,3,30000.0,15000.0,24000.0,25000.0,25000.0,23833.33333333333,8660.254037844456,1.0489,66,1,Stable
ST0067,A0002,2023-10,30000,3,2023-10-01,2023,10,4,-0.8660254037844386,0.5000000000000001,0,1,3,15000.0,30000.0,21000.0,25000.0,24500.0,23083.33333333333,8660.254037844456,1.083,66,1,Stable
ST0067,A0002,2023-11,15000,2,2023-11-01,2023,11,4,-0.5000000000000004,0.8660254037844384,0,1,3,30000.0,30000.0,27000.0,25000.0,24333.33333333333,23833.33333333333,8660.254037844456,1.0489,66,1,Stable
ST0067,A0002,2023-12,60000,4,2023-12-01,2023,12,4,-2.4492935982947064e-16,1.0,0,1,0,15000.0,15000.0,22000.0,20000.0,22500.0,22833.33333333333,8660.254037844465,0.8759,66,1,Stable
ST0067,A0002,2024-01,30000,2,2024-01-01,2024,1,1,0.4999999999999999,0.8660254037844387,1,0,0,60000.0,30000.0,19000.0,35000.0,30000.0,26000.0,22912.87847477922,1.3461,66,1,Stable
ST0067,A0002,2024-02,45000,3,2024-02-01,2024,2,1,0.8660254037844386,0.5000000000000001,1,0,0,30000.0,15000.0,23000.0,35000.0,30000.0,26916.666666666668,22912.87847477922,1.3003,66,1,Stable
ST0067,A0002,2024-03,45000,3,2024-03-01,2024,3,1,1.0,6.123233995736766e-17,1,0,1,45000.0,60000.0,18000.0,45000.0,32500.0,28750.0,15000.000000000024,1.5652,66,1,Stable
ST0067,A0002,2024-04,45000,3,2024-04-01,2024,4,2,0.8660254037844387,-0.4999999999999998,0,0,1,45000.0,30000.0,31000.0,40000.0,37500.0,31000.0,8660.254037844436,1.2903,66,1,Stable
ST0067,A0002,2024-05,30000,2,2024-05-01,2024,5,2,0.4999999999999999,-0.8660254037844387,0,0,2,45000.0,45000.0,26000.0,45000.0,40000.0,32166.666666666668,0.0,1.3989,66,1,Stable
ST0067,A0002,2024-06,45000,3,2024-06-01,2024,6,2,1.2246467991473532e-16,-1.0,0,0,2,30000.0,45000.0,15000.0,40000.0,42500.0,32500.0,8660.254037844436,1.2307,66,1,Stable
ST0067,A0002,2024-07,30000,2,2024-07-01,2024,7,3,-0.4999999999999997,-0.8660254037844388,0,0,2,45000.0,45000.0,30000.0,40000.0,40000.0,35000.0,8660.254037844436,1.1428,66,1,Stable
ST0067,A0002,2024-08,30000,2,2024-08-01,2024,8,3,-0.8660254037844385,-0.5000000000000004,0,0,3,30000.0,30000.0,30000.0,35000.0,40000.0,35000.0,8660.254037844441,1.0,66,1,Stable
ST0067,A0002,2024-09,30000,2,2024-09-01,2024,9,3,-1.0,-1.8369701987210294e-16,0,0,3,30000.0,45000.0,15000.0,35000.0,37500.0,35000.0,8660.254037844441,1.0,66,1,Stable
ST0067,A0002,2024-10,15000,1,2024-10-01,2024,10,4,-0.8660254037844386,0.5000000000000001,0,1,3,30000.0,30000.0,30000.0,30000.0,35000.0,36250.0,0.0,0.8276,66,1,Stable
ST0067,A0002,2024-11,30000,2,2024-11-01,2024,11,4,-0.5000000000000004,0.8660254037844384,0,1,3,15000.0,30000.0,15000.0,25000.0,30000.0,35000.0,8660.254037844454,0.7143,66,1,Stable
ST0067,A0002,2024-12,30000,2,2024-12-01,2024,12,4,-2.4492935982947064e-16,1.0,0,1,0,30000.0,30000.0,60000.0,25000.0,30000.0,36250.0,8660.254037844454,0.6896,66,1,Stable
ST0067,A0002,2025-01,30000,3,2025-01-01,2025,1,1,0.4999999999999999,0.8660254037844387,1,0,0,30000.0,15000.0,30000.0,25000.0,27500.0,33750.0,8660.254037844454,0.7407,66,1,Stable
ST0067,A0002,2025-02,25000,3,2025-02-01,2025,2,1,0.8660254037844386,0.5000000000000001,1,0,0,30000.0,30000.0,45000.0,30000.0,27500.0,33750.0,0.0,0.8889,66,1,Stable
ST0067,A0002,2025-03,40000,3,2025-03-01,2025,3,1,1.0,6.123233995736766e-17,1,0,1,25000.0,30000.0,45000.0,28333.33333333333,26666.666666666668,32083.33333333333,2886.751345948318,0.8831,66,1,Stable
ST0067,A0002,2025-04,45000,3,2025-04-01,2025,4,2,0.8660254037844387,-0.4999999999999998,0,0,1,40000.0,30000.0,45000.0,31666.666666666668,28333.33333333333,31666.666666666668,7637.626158259802,1.0,66,1,Stable
ST0067,A0002,2025-05,30000,2,2025-05-01,2025,5,2,0.4999999999999999,-0.8660254037844387,0,0,2,45000.0,25000.0,30000.0,36666.66666666666,33333.333333333336,31666.666666666668,10408.329997330711,1.1579,66,1,Stable
ST0067,A0002,2025-06,27000,2,2025-06-01,2025,6,2,1.2246467991473532e-16,-1.0,0,0,2,30000.0,40000.0,45000.0,38333.333333333336,33333.333333333336,31666.666666666668,7637.626158259795,1.2105,66,1,Stable
ST0067,A0002,2025-07,40000,3,2025-07-01,2025,7,3,-0.4999999999999997,-0.8660254037844388,0,0,2,27000.0,45000.0,30000.0,34000.0,32833.333333333336,30166.666666666668,9643.650760993003,1.127,66,1,Stable
ST0067,A0002,2025-08,15000,1,2025-08-01,2025,8,3,-0.8660254037844385,-0.5000000000000004,0,0,3,40000.0,30000.0,30000.0,32333.33333333333,34500.0,31000.0,6806.8592855541165,1.043,66,1,Stable
ST0067,A0002,2025-09,25000,3,2025-09-01,2025,9,3,-1.0,-1.8369701987210294e-16,0,0,3,15000.0,27000.0,30000.0,27333.33333333333,32833.333333333336,29750.0,12503.332889007406,0.9187,66,1,Stable
ST0067,A0002,2025-10,30000,2,2025-10-01,2025,10,4,-0.8660254037844386,0.5000000000000001,0,1,3,25000.0,40000.0,15000.0,26666.666666666668,30333.33333333333,29333.33333333333,12583.057392117957,0.9091,66,1,Stable
ST0067,A0002,2025-11,30000,2,2025-11-01,2025,11,4,-0.5000000000000004,0.8660254037844384,0,1,3,30000.0,15000.0,30000.0,23333.33333333333,27833.33333333333,30583.33333333333,7637.626158259797,0.7629,66,1,Stable
ST0067,A0002,2025-12,45000,3,2025-12-01,2025,12,4,-2.4492935982947064e-16,1.0,0,1,0,30000.0,25000.0,30000.0,28333.33333333333,27833.33333333333,30583.33333333333,2886.7513459483,0.9264,66,1,Stable
ST0068,A0001,2022-02,70000,4,2022-02-01,2022,2,1,0.8660254037844386,0.5000000000000001,1,0,0,40000.0,50000.0,27000.0,43333.333333333336,45333.333333333336,35333.333333333336,5773.502691896255,1.2264,67,0,Stable
ST0068,A0001,2022-03,45000,6,2022-03-01,2022,3,1,1.0,6.123233995736766e-17,1,0,1,70000.0,40000.0,22000.0,50000.0,48666.66666666666,38916.66666666666,17320.508075688773,1.2848,67,0,Stable
ST0068,A0001,2022-04,45000,3,2022-04-01,2022,4,2,0.8660254037844387,-0.4999999999999998,0,0,1,45000.0,40000.0,23000.0,51666.66666666666,49166.66666666666,40833.333333333336,16072.751268321592,1.2653,67,0,Stable
ST0068,A0001,2022-05,55000,3,2022-05-01,2022,5,2,0.4999999999999999,-0.8660254037844387,0,0,2,45000.0,70000.0,35000.0,53333.333333333336,48333.333333333336,42666.66666666666,14433.756729740644,1.25,67,0,Stable
ST0068,A0001,2022-06,25000,1,2022-06-01,2022,6,2,1.2246467991473532e-16,-1.0,0,0,2,55000.0,45000.0,25000.0,48333.333333333336,49166.66666666666,44333.333333333336,5773.502691896259,1.0902,67,0,Stable
ST0068,A0001,2022-07,50000,3,2022-07-01,2022,7,3,-0.4999999999999997,-0.8660254037844388,0,0,2,25000.0,45000.0,20000.0,41666.66666666666,46666.66666666666,44333.333333333336,15275.252316519463,0.9398,67,0,Stable
ST0068,A0001,2022-08,65000,4,2022-08-01,2022,8,3,-0.8660254037844385,-0.5000000000000004,0,0,3,50000.0,55000.0,50000.0,43333.333333333336,48333.333333333336,46833.333333333336,16072.75126832159,0.9252,67,0,Stable
ST0068,A0001,2022-09,35000,3,2022-09-01,2022,9,3,-1.0,-1.8369701987210294e-16,0,0,3,65000.0,25000.0,42000.0,46666.66666666666,47500.0,48083.333333333336,20207.259421636903,0.9705,67,0,Stable
ST0068,A0001,2022-10,30000,2,2022-10-01,2022,10,4,-0.8660254037844386,0.5000000000000001,0,1,3,35000.0,50000.0,50000.0,50000.0,45833.333333333336,47500.0,15000.000000000002,1.0526,67,0,Stable
ST0068,A0001,2022-11,45000,3,2022-11-01,2022,11,4,-0.5000000000000004,0.8660254037844384,0,1,3,30000.0,65000.0,50000.0,43333.333333333336,43333.333333333336,45833.333333333336,18929.694486000917,0.9454,67,0,Stable
ST0068,A0001,2022-12,55000,4,2022-12-01,2022,12,4,-2.4492935982947064e-16,1.0,0,1,0,45000.0,35000.0,40000.0,36666.66666666666,41666.66666666666,45416.66666666666,7637.626158259743,0.8073,67,0,Stable
ST0068,A0001,2023-01,40000,3,2023-01-01,2023,1,1,0.4999999999999999,0.8660254037844387,1,0,0,55000.0,30000.0,40000.0,43333.333333333336,46666.66666666666,46666.66666666666,12583.057392117918,0.9286,67,0,Stable
ST0068,A0001,2023-02,50000,3,2023-02-01,2023,2,1,0.8660254037844386,0.5000000000000001,1,0,0,40000.0,45000.0,70000.0,46666.66666666666,45000.0,46666.66666666666,7637.626158259735,1.0,67,0,Stable
ST0068,A0001,2023-03,25000,4,2023-03-01,2023,3,1,1.0,6.123233995736766e-17,1,0,1,50000.0,55000.0,45000.0,48333.333333333336,42500.0,45000.0,7637.626158259735,1.0741,67,0,Stable
ST0068,A0001,2023-04,35000,3,2023-04-01,2023,4,2,0.8660254037844387,-0.4999999999999998,0,0,1,25000.0,40000.0,45000.0,38333.333333333336,40833.333333333336,43333.333333333336,12583.057392117918,0.8846,67,0,Stable
ST0068,A0001,2023-05,45000,3,2023-05-01,2023,5,2,0.4999999999999999,-0.8660254037844387,0,0,2,35000.0,50000.0,55000.0,36666.66666666666,41666.66666666666,42500.0,12583.057392117918,0.8627,67,0,Stable
ST0068,A0001,2023-06,109000,7,2023-06-01,2023,6,2,1.2246467991473532e-16,-1.0,0,0,2,45000.0,25000.0,25000.0,35000.0,41666.66666666666,41666.66666666666,10000.000000000002,0.84,67,0,Stable
ST0068,A0001,2023-07,103000,5,2023-07-01,2023,7,3,-0.4999999999999997,-0.8660254037844388,0,0,2,109000.0,35000.0,50000.0,63000.0,50666.66666666666,48666.66666666666,40149.71979976946,1.2945,67,0,Stable
ST0068,A0001,2023-08,95000,4,2023-08-01,2023,8,3,-0.8660254037844385,-0.5000000000000004,0,0,3,103000.0,45000.0,65000.0,85666.66666666667,61166.66666666666,53083.333333333336,35345.9097114975,1.6138,67,0,Stable
ST0068,A0001,2023-09,75000,3,2023-09-01,2023,9,3,-1.0,-1.8369701987210294e-16,0,0,3,95000.0,109000.0,35000.0,102333.33333333331,68666.66666666667,55583.333333333336,7023.769168568474,1.841,67,0,Stable
ST0068,A0001,2023-10,84000,3,2023-10-01,2023,10,4,-0.8660254037844386,0.5000000000000001,0,1,3,75000.0,103000.0,30000.0,91000.0,77000.0,58916.66666666666,14422.205101855949,1.5445,67,0,Stable
ST0068,A0001,2023-11,56000,3,2023-11-01,2023,11,4,-0.5000000000000004,0.8660254037844384,0,1,3,84000.0,95000.0,45000.0,84666.66666666667,85166.66666666667,63416.66666666666,10016.652800877797,1.3351,67,0,Stable
ST0068,A0001,2023-12,56000,2,2023-12-01,2023,12,4,-2.4492935982947064e-16,1.0,0,1,0,56000.0,75000.0,55000.0,71666.66666666667,87000.0,64333.333333333336,14294.521094927704,1.114,67,0,Stable
ST0068,A0001,2024-01,56000,4,2024-01-01,2024,1,1,0.4999999999999999,0.8660254037844387,1,0,0,56000.0,84000.0,40000.0,65333.333333333336,78166.66666666667,64416.66666666666,16165.807537309516,1.0142,67,0,Stable
ST0068,A0001,2024-02,28000,1,2024-02-01,2024,2,1,0.8660254037844386,0.5000000000000001,1,0,0,56000.0,56000.0,50000.0,56000.0,70333.33333333333,65750.0,0.0,0.8517,67,0,Stable
ST0068,A0001,2024-03,50000,3,2024-03-01,2024,3,1,1.0,6.123233995736766e-17,1,0,1,28000.0,56000.0,25000.0,46666.66666666666,59166.66666666666,63916.66666666666,16165.807537309516,0.7301,67,0,Stable
ST0068,A0001,2024-04,56000,2,2024-04-01,2024,4,2,0.8660254037844387,-0.4999999999999998,0,0,1,50000.0,56000.0,35000.0,44666.66666666666,55000.0,66000.0,14742.22959166398,0.6768,67,0,Stable
ST0068,A0001,2024-05,53000,2,2024-05-01,2024,5,2,0.4999999999999999,-0.8660254037844387,0,0,2,56000.0,28000.0,45000.0,44666.66666666666,50333.333333333336,67750.0,14742.22959166398,0.6593,67,0,Stable
ST0068,A0001,2024-06,48000,2,2024-06-01,2024,6,2,1.2246467991473532e-16,-1.0,0,0,2,53000.0,50000.0,109000.0,53000.0,49833.333333333336,68416.66666666667,2999.999999999975,0.7747,67,0,Stable
ST0068,A0001,2024-07,45000,2,2024-07-01,2024,7,3,-0.4999999999999997,-0.8660254037844388,0,0,2,48000.0,56000.0,103000.0,52333.333333333336,48500.0,63333.333333333336,4041.451884327363,0.8263,67,0,Stable
ST0068,A0001,2024-08,48000,2,2024-08-01,2024,8,3,-0.8660254037844385,-0.5000000000000004,0,0,3,45000.0,53000.0,95000.0,48666.66666666666,46666.66666666666,58500.0,4041.451884327363,0.8319,67,0,Stable
ST0068,A0001,2024-09,56000,2,2024-09-01,2024,9,3,-1.0,-1.8369701987210294e-16,0,0,3,48000.0,48000.0,75000.0,47000.0,50000.0,54583.333333333336,1732.0508075688342,0.8611,67,0,Stable
ST0068,A0001,2024-10,73000,5,2024-10-01,2024,10,4,-0.8660254037844386,0.5000000000000001,0,1,3,56000.0,45000.0,84000.0,49666.66666666666,51000.0,53000.0,5686.240703077315,0.9371,67,0,Stable
ST0068,A0001,2024-11,53000,2,2024-11-01,2024,11,4,-0.5000000000000004,0.8660254037844384,0,1,3,73000.0,48000.0,56000.0,59000.0,53833.333333333336,52083.333333333336,12767.1453348037,1.1328,67,0,Stable
ST0068,A0001,2024-12,48000,2,2024-12-01,2024,12,4,-2.4492935982947064e-16,1.0,0,1,0,53000.0,56000.0,56000.0,60666.66666666666,53833.333333333336,51833.333333333336,10785.79312490895,1.1704,67,0,Stable
ST0068,A0001,2025-01,35000,4,2025-01-01,2025,1,1,0.4999999999999999,0.8660254037844387,1,0,0,48000.0,73000.0,56000.0,58000.0,53833.333333333336,51166.66666666666,13228.756555322949,1.1335,67,0,Stable
ST0068,A0001,2025-02,45000,4,2025-02-01,2025,2,1,0.8660254037844386,0.5000000000000001,1,0,0,35000.0,53000.0,28000.0,45333.333333333336,52166.66666666666,49416.66666666666,9291.573243177563,0.9174,67,0,Stable
ST0068,A0001,2025-03,50000,3,2025-03-01,2025,3,1,1.0,6.123233995736766e-17,1,0,1,45000.0,48000.0,50000.0,42666.66666666666,51666.66666666666,50833.333333333336,6806.85928555404,0.8393,67,0,Stable
ST0068,A0001,2025-04,62000,3,2025-04-01,2025,4,2,0.8660254037844387,-0.4999999999999998,0,0,1,50000.0,35000.0,56000.0,43333.333333333336,50666.66666666666,50833.333333333336,7637.626158259726,0.8524,67,0,Stable
ST0068,A0001,2025-05,61000,4,2025-05-01,2025,5,2,0.4999999999999999,-0.8660254037844387,0,0,2,62000.0,45000.0,53000.0,52333.333333333336,48833.333333333336,51333.333333333336,8736.894948054096,1.0195,67,0,Stable
ST0068,A0001,2025-06,45000,2,2025-06-01,2025,6,2,1.2246467991473532e-16,-1.0,0,0,2,61000.0,50000.0,48000.0,57666.66666666666,50166.66666666666,52000.0,6658.328118479382,1.109,67,0,Stable
ST0068,A0001,2025-07,78000,4,2025-07-01,2025,7,3,-0.4999999999999997,-0.8660254037844388,0,0,2,45000.0,62000.0,45000.0,56000.0,49666.66666666666,51750.0,9539.39201416945,1.0821,67,0,Stable
ST0068,A0001,2025-08,53000,2,2025-08-01,2025,8,3,-0.8660254037844385,-0.5000000000000004,0,0,3,78000.0,61000.0,48000.0,61333.333333333336,56833.333333333336,54500.0,16502.525059315412,1.1254,67,0,Stable
ST0068,A0001,2025-09,53000,2,2025-09-01,2025,9,3,-1.0,-1.8369701987210294e-16,0,0,3,53000.0,45000.0,56000.0,58666.66666666666,58166.66666666666,54916.66666666666,17214.33511156714,1.0683,67,0,Stable
ST0068,A0001,2025-10,78000,5,2025-10-01,2025,10,4,-0.8660254037844386,0.5000000000000001,0,1,3,53000.0,78000.0,73000.0,61333.333333333336,58666.66666666666,54666.66666666666,14433.75672974064,1.1219,67,0,Stable
ST0068,A0001,2025-11,20000,1,2025-11-01,2025,11,4,-0.5000000000000004,0.8660254037844384,0,1,3,78000.0,53000.0,53000.0,61333.333333333336,61333.333333333336,55083.333333333336,14433.75672974064,1.1134,67,0,Stable
ST0068,A0001,2025-12,50000,3,2025-12-01,2025,12,4,-2.4492935982947064e-16,1.0,0,1,0,20000.0,53000.0,48000.0,50333.333333333336,54500.0,52333.333333333336,29091.808698211484,0.9618,67,0,Stable
ST0069,A0001,2024-08,24000,4,2024-08-01,2024,8,3,-0.8660254037844385,-0.5000000000000004,0,0,3,32000.0,24000.0,8000.0,24000.0,24000.0,22000.0,8000.0,1.0909,68,0,Stable
ST0069,A0001,2024-09,40000,5,2024-09-01,2024,9,3,-1.0,-1.8369701987210294e-16,0,0,3,24000.0,16000.0,24000.0,24000.0,22666.666666666668,23333.33333333333,8000.0,1.0285,68,0,Stable
ST0069,A0001,2024-10,21000,4,2024-10-01,2024,10,4,-0.8660254037844386,0.5000000000000001,0,1,3,40000.0,32000.0,16000.0,32000.0,26666.666666666668,24666.666666666668,8000.0,1.2972,68,0,Stable
ST0069,A0001,2024-11,29000,4,2024-11-01,2024,11,4,-0.5000000000000004,0.8660254037844384,0,1,3,21000.0,24000.0,32000.0,28333.33333333333,26166.666666666668,25083.33333333333,10214.368964029709,1.1295,68,0,Stable
ST0069,A0001,2024-12,29000,4,2024-12-01,2024,12,4,-2.4492935982947064e-16,1.0,0,1,0,29000.0,40000.0,16000.0,30000.0,27000.0,24833.33333333333,9539.392014169456,1.208,68,0,Stable
ST0069,A0001,2025-01,29000,4,2025-01-01,2025,1,1,0.4999999999999999,0.8660254037844387,1,0,0,29000.0,21000.0,24000.0,26333.33333333333,29166.666666666668,25916.666666666668,4618.802153517006,1.016,68,0,Stable
ST0069,A0001,2025-02,10000,2,2025-02-01,2025,2,1,0.8660254037844386,0.5000000000000001,1,0,0,29000.0,29000.0,32000.0,29000.0,28666.666666666668,26333.33333333333,0.0,1.1012,68,0,Stable
ST0069,A0001,2025-03,13000,2,2025-03-01,2025,3,1,1.0,6.123233995736766e-17,1,0,1,10000.0,29000.0,16000.0,22666.666666666668,26333.33333333333,24500.0,10969.65511460289,0.9251,68,0,Stable
ST0069,A0001,2025-04,19000,4,2025-04-01,2025,4,2,0.8660254037844387,-0.4999999999999998,0,0,1,13000.0,29000.0,24000.0,17333.333333333332,21833.33333333333,24250.0,10214.368964029709,0.7147,68,0,Stable
ST0069,A0001,2025-05,20000,4,2025-05-01,2025,5,2,0.4999999999999999,-0.8660254037844387,0,0,2,19000.0,10000.0,24000.0,14000.0,21500.0,23833.33333333333,4582.575694955841,0.5874,68,0,Stable
ST0069,A0001,2025-06,10000,2,2025-06-01,2025,6,2,1.2246467991473532e-16,-1.0,0,0,2,20000.0,13000.0,16000.0,17333.333333333332,20000.0,23500.0,3785.9388972001866,0.7376,68,0,Stable
ST0069,A0001,2025-07,17000,4,2025-07-01,2025,7,3,-0.4999999999999997,-0.8660254037844388,0,0,2,10000.0,19000.0,32000.0,16333.333333333334,16833.333333333332,23000.0,5507.5705472861055,0.7101,68,0,Stable
ST0069,A0001,2025-08,14000,2,2025-08-01,2025,8,3,-0.8660254037844385,-0.5000000000000004,0,0,3,17000.0,20000.0,24000.0,15666.666666666666,14833.333333333334,21750.0,5131.601439446888,0.7203,68,0,Stable
ST0069,A0001,2025-09,23000,4,2025-09-01,2025,9,3,-1.0,-1.8369701987210294e-16,0,0,3,14000.0,10000.0,40000.0,13666.666666666666,15500.0,20916.666666666668,3511.884584284252,0.6534,68,0,Stable
ST0069,A0001,2025-10,10000,2,2025-10-01,2025,10,4,-0.8660254037844386,0.5000000000000001,0,1,3,23000.0,17000.0,21000.0,18000.0,17166.666666666668,19500.0,4582.5756949558445,0.923,68,0,Stable
ST0069,A0001,2025-11,22000,5,2025-11-01,2025,11,4,-0.5000000000000004,0.8660254037844384,0,1,3,10000.0,14000.0,29000.0,15666.666666666666,15666.666666666666,18583.33333333333,6658.328118479396,0.843,68,0,Stable
ST0069,A0001,2025-12,20000,4,2025-12-01,2025,12,4,-2.4492935982947064e-16,1.0,0,1,0,22000.0,23000.0,29000.0,18333.33333333333,16000.0,18000.0,7234.178138070238,1.0185,68,0,Stable
ST0072,A0001,2024-01,8000,2,2024-01-01,2024,1,1,0.4999999999999999,0.8660254037844387,1,0,0,2000.0,8000.0,8000.0,5333.333333333333,9500.0,7500.0,3055.0504633038963,0.711,71,0,Stable
ST0072,A0001,2024-04,8000,1,2024-04-01,2024,4,2,0.8660254037844387,-0.4999999999999998,0,0,1,8000.0,6000.0,5000.0,5333.333333333333,8333.333333333334,7500.0,3055.0504633038963,0.711,71,0,Stable
ST0072,A0001,2024-05,9000,1,2024-05-01,2024,5,2,0.4999999999999999,-0.8660254037844387,0,0,2,8000.0,2000.0,2000.0,6000.0,6666.666666666667,7750.0,3464.101615137757,0.7741,71,0,Stable
ST0072,A0001,2024-08,8000,1,2024-08-01,2024,8,3,-0.8660254037844385,-0.5000000000000004,0,0,3,9000.0,8000.0,3000.0,8333.333333333334,6833.333333333333,8333.333333333334,577.3502691896347,0.9999,71,0,Stable
ST0072,A0001,2025-01,8000,1,2025-01-01,2025,1,1,0.4999999999999999,0.8660254037844387,1,0,0,8000.0,8000.0,10000.0,8333.333333333334,6833.333333333333,8750.0,577.3502691896347,0.9523,71,0,Stable
ST0072,A0001,2025-02,6000,1,2025-02-01,2025,2,1,0.8660254037844386,0.5000000000000001,1,0,0,8000.0,9000.0,5000.0,8333.333333333334,7166.666666666667,8583.333333333334,577.3502691896347,0.9708,71,0,Stable
ST0072,A0001,2025-03,11000,2,2025-03-01,2025,3,1,1.0,6.123233995736766e-17,1,0,1,6000.0,8000.0,15000.0,7333.333333333333,7833.333333333333,8666.666666666666,1154.7005383792568,0.8461,71,0,Stable
ST0072,A0001,2025-04,5000,1,2025-04-01,2025,4,2,0.8660254037844387,-0.4999999999999998,0,0,1,11000.0,8000.0,18000.0,8333.333333333334,8333.333333333334,8333.333333333334,2516.6114784235856,0.9999,71,0,Stable
ST0072,A0001,2025-05,9000,2,2025-05-01,2025,5,2,0.4999999999999999,-0.8660254037844387,0,0,2,5000.0,6000.0,8000.0,7333.333333333333,7833.333333333333,7250.0,3214.55025366432,1.0114,71,0,Stable
ST0072,A0001,2025-06,5000,1,2025-06-01,2025,6,2,1.2246467991473532e-16,-1.0,0,0,2,9000.0,11000.0,8000.0,8333.333333333334,7833.333333333333,7333.333333333333,3055.050463303895,1.1362,71,0,Stable
ST0072,A0001,2025-07,5000,1,2025-07-01,2025,7,3,-0.4999999999999997,-0.8660254037844388,0,0,2,5000.0,5000.0,6000.0,6333.333333333333,7333.333333333333,7083.333333333333,2309.401076758506,0.894,71,0,Stable
ST0072,A0001,2025-08,5000,1,2025-08-01,2025,8,3,-0.8660254037844385,-0.5000000000000004,0,0,3,5000.0,9000.0,2000.0,6333.333333333333,6833.333333333333,7000.0,2309.401076758506,0.9046,71,0,Stable
ST0072,A0001,2025-09,5000,1,2025-09-01,2025,9,3,-1.0,-1.8369701987210294e-16,0,0,3,5000.0,5000.0,8000.0,5000.0,6666.666666666667,7250.0,0.0,0.6896,71,0,Stable
ST0072,A0001,2025-10,5000,1,2025-10-01,2025,10,4,-0.8660254037844386,0.5000000000000001,0,1,3,5000.0,5000.0,8000.0,5000.0,5666.666666666667,7000.0,0.0,0.7142,71,0,Stable
ST0072,A0001,2025-11,5000,1,2025-11-01,2025,11,4,-0.5000000000000004,0.8660254037844384,0,1,3,5000.0,5000.0,9000.0,5000.0,5666.666666666667,6750.0,0.0,0.7406,71,0,Stable
ST0072,A0001,2025-12,5000,1,2025-12-01,2025,12,4,-2.4492935982947064e-16,1.0,0,1,0,5000.0,5000.0,8000.0,5000.0,5000.0,6416.666666666667,0.0,0.7791,71,0,Stable
ST0073,A0001,2022-06,78000,7,2022-06-01,2022,6,2,1.2246467991473532e-16,-1.0,0,0,2,83000.0,85000.0,30000.0,81666.66666666667,84000.0,77166.66666666667,4163.331998932269,1.0583,72,0,Stable
ST0073,A0001,2022-07,68000,6,2022-07-01,2022,7,3,-0.4999999999999997,-0.8660254037844388,0,0,2,78000.0,77000.0,70000.0,79333.33333333333,81500.0,81166.66666666667,3214.5502536643244,0.9774,72,0,Stable
ST0073,A0001,2022-08,29000,3,2022-08-01,2022,8,3,-0.8660254037844385,-0.5000000000000004,0,0,3,68000.0,83000.0,76000.0,76333.33333333333,80500.0,81000.0,7637.626158259735,0.9424,72,0,Stable
ST0073,A0001,2022-11,8000,1,2022-11-01,2022,11,4,-0.5000000000000004,0.8660254037844384,0,1,3,29000.0,78000.0,99000.0,58333.333333333336,70000.0,77083.33333333333,25890.79630550852,0.7567,72,0,Stable
ST0073,A0001,2022-12,17000,3,2022-12-01,2022,12,4,-2.4492935982947064e-16,1.0,0,1,0,8000.0,68000.0,74000.0,35000.0,57166.66666666666,69500.0,30446.67469527666,0.5036,72,0,Stable
ST0073,A0001,2023-05,23000,2,2023-05-01,2023,5,2,0.4999999999999999,-0.8660254037844387,0,0,2,17000.0,29000.0,73000.0,18000.0,47166.66666666666,64750.0,10535.65375285274,0.278,72,0,Stable
ST0073,A0001,2023-06,103000,7,2023-06-01,2023,6,2,1.2246467991473532e-16,-1.0,0,0,2,23000.0,8000.0,93000.0,16000.0,37166.66666666666,60583.333333333336,7549.83443527075,0.2641,72,0,Stable
ST0073,A0001,2023-07,91000,4,2023-07-01,2023,7,3,-0.4999999999999997,-0.8660254037844388,0,0,2,103000.0,17000.0,74000.0,47666.66666666666,41333.333333333336,61416.66666666666,48013.88688008224,0.7761,72,0,Stable
ST0073,A0001,2023-08,72000,5,2023-08-01,2023,8,3,-0.8660254037844385,-0.5000000000000004,0,0,3,91000.0,23000.0,92000.0,72333.33333333333,45166.66666666666,62833.333333333336,43143.17249963582,1.1512,72,0,Stable
ST0073,A0001,2023-09,76000,5,2023-09-01,2023,9,3,-1.0,-1.8369701987210294e-16,0,0,3,72000.0,103000.0,85000.0,88666.66666666667,52333.333333333336,61166.66666666666,15631.165450257768,1.4496,72,0,Stable
ST0073,A0001,2023-10,76000,5,2023-10-01,2023,10,4,-0.8660254037844386,0.5000000000000001,0,1,3,76000.0,91000.0,77000.0,79666.66666666667,63666.66666666666,60416.66666666666,10016.652800877751,1.3186,72,0,Stable
ST0073,A0001,2023-11,68000,4,2023-11-01,2023,11,4,-0.5000000000000004,0.8660254037844384,0,1,3,76000.0,72000.0,83000.0,74666.66666666667,73500.0,60333.333333333336,2309.4010767582536,1.2375,72,0,Stable
ST0073,A0001,2023-12,83000,5,2023-12-01,2023,12,4,-2.4492935982947064e-16,1.0,0,1,0,68000.0,76000.0,78000.0,73333.33333333333,81000.0,59083.333333333336,4618.802153516878,1.2412,72,0,Stable
ST0073,A0001,2024-01,49000,3,2024-01-01,2024,1,1,0.4999999999999999,0.8660254037844387,1,0,0,83000.0,76000.0,68000.0,75666.66666666667,77666.66666666667,59500.0,7505.553499465053,1.2717,72,0,Stable
ST0073,A0001,2024-02,62000,4,2024-02-01,2024,2,1,0.8660254037844386,0.5000000000000001,1,0,0,49000.0,68000.0,29000.0,66666.66666666667,70666.66666666667,57916.66666666666,17039.17055884271,1.1511,72,0,Stable
ST0073,A0001,2024-03,62000,4,2024-03-01,2024,3,1,1.0,6.123233995736766e-17,1,0,1,62000.0,83000.0,8000.0,64666.66666666666,69000.0,60666.66666666666,17156.145643276996,1.0659,72,0,Stable
ST0073,A0001,2024-04,60000,5,2024-04-01,2024,4,2,0.8660254037844387,-0.4999999999999998,0,0,1,62000.0,49000.0,17000.0,57666.66666666666,66666.66666666667,65166.66666666666,7505.553499465056,0.8849,72,0,Stable
ST0073,A0001,2024-05,77000,6,2024-05-01,2024,5,2,0.4999999999999999,-0.8660254037844387,0,0,2,60000.0,62000.0,23000.0,61333.333333333336,64000.0,68750.0,1154.7005383787462,0.8921,72,0,Stable
ST0073,A0001,2024-06,45000,3,2024-06-01,2024,6,2,1.2246467991473532e-16,-1.0,0,0,2,77000.0,62000.0,103000.0,66333.33333333333,65500.0,73250.0,9291.573243177509,0.9056,72,0,Stable
ST0073,A0001,2024-07,75000,6,2024-07-01,2024,7,3,-0.4999999999999997,-0.8660254037844388,0,0,2,45000.0,60000.0,91000.0,60666.66666666666,59166.66666666666,68416.66666666667,16010.413278030404,0.8867,72,0,Stable
ST0073,A0001,2024-08,75000,5,2024-08-01,2024,8,3,-0.8660254037844385,-0.5000000000000004,0,0,3,75000.0,77000.0,72000.0,65666.66666666667,63500.0,67083.33333333333,17925.77287966497,0.9789,72,0,Stable
ST0073,A0001,2024-09,90000,7,2024-09-01,2024,9,3,-1.0,-1.8369701987210294e-16,0,0,3,75000.0,45000.0,76000.0,65000.0,65666.66666666667,67333.33333333333,17320.50807568874,0.9653,72,0,Stable
ST0073,A0001,2024-10,90000,5,2024-10-01,2024,10,4,-0.8660254037844386,0.5000000000000001,0,1,3,90000.0,75000.0,76000.0,80000.0,70333.33333333333,68500.0,8660.254037844294,1.1679,72,0,Stable
ST0073,A0001,2024-11,77000,7,2024-11-01,2024,11,4,-0.5000000000000004,0.8660254037844384,0,1,3,90000.0,75000.0,68000.0,85000.0,75333.33333333333,69666.66666666667,8660.254037844279,1.2201,72,0,Stable
ST0073,A0001,2024-12,92000,9,2024-12-01,2024,12,4,-2.4492935982947064e-16,1.0,0,1,0,77000.0,90000.0,83000.0,85666.66666666667,75333.33333333333,70416.66666666667,7505.553499465011,1.2166,72,0,Stable
ST0073,A0001,2025-01,75000,5,2025-01-01,2025,1,1,0.4999999999999999,0.8660254037844387,1,0,0,92000.0,90000.0,49000.0,86333.33333333333,83166.66666666667,71166.66666666667,8144.52781524696,1.2131,72,0,Stable
ST0073,A0001,2025-02,60000,4,2025-02-01,2025,2,1,0.8660254037844386,0.5000000000000001,1,0,0,75000.0,77000.0,62000.0,81333.33333333333,83166.66666666667,73333.33333333333,9291.573243177483,1.1091,72,0,Stable
ST0073,A0001,2025-03,45000,3,2025-03-01,2025,3,1,1.0,6.123233995736766e-17,1,0,1,60000.0,92000.0,62000.0,75666.66666666667,80666.66666666667,73166.66666666667,16010.413278030395,1.0342,72,0,Stable
ST0073,A0001,2025-04,60000,6,2025-04-01,2025,4,2,0.8660254037844387,-0.4999999999999998,0,0,1,45000.0,75000.0,60000.0,60000.0,73166.66666666667,71750.0,14999.999999999987,0.8362,72,0,Stable
ST0073,A0001,2025-05,60000,4,2025-05-01,2025,5,2,0.4999999999999999,-0.8660254037844387,0,0,2,60000.0,60000.0,77000.0,55000.0,68166.66666666667,71750.0,8660.254037844386,0.7665,72,0,Stable
ST0073,A0001,2025-06,60000,6,2025-06-01,2025,6,2,1.2246467991473532e-16,-1.0,0,0,2,60000.0,45000.0,45000.0,55000.0,65333.333333333336,70333.33333333333,8660.254037844386,0.782,72,0,Stable
ST0073,A0001,2025-07,75000,7,2025-07-01,2025,7,3,-0.4999999999999997,-0.8660254037844388,0,0,2,60000.0,60000.0,75000.0,60000.0,60000.0,71583.33333333333,0.0,0.8382,72,0,Stable
ST0073,A0001,2025-08,60000,6,2025-08-01,2025,8,3,-0.8660254037844385,-0.5000000000000004,0,0,3,75000.0,60000.0,75000.0,65000.0,60000.0,71583.33333333333,8660.25403784435,0.908,72,0,Stable
ST0073,A0001,2025-09,62000,6,2025-09-01,2025,9,3,-1.0,-1.8369701987210294e-16,0,0,3,60000.0,60000.0,90000.0,65000.0,60000.0,70333.33333333333,8660.25403784435,0.9242,72,0,Stable
ST0073,A0001,2025-10,75000,7,2025-10-01,2025,10,4,-0.8660254037844386,0.5000000000000001,0,1,3,62000.0,75000.0,90000.0,65666.66666666667,62833.333333333336,68000.0,8144.527815247036,0.9657,72,0,Stable
ST0073,A0001,2025-11,60000,5,2025-11-01,2025,11,4,-0.5000000000000004,0.8660254037844384,0,1,3,75000.0,60000.0,77000.0,65666.66666666667,65333.333333333336,66750.0,8144.527815247036,0.9838,72,0,Stable
ST0073,A0001,2025-12,76000,6,2025-12-01,2025,12,4,-2.4492935982947064e-16,1.0,0,1,0,60000.0,62000.0,92000.0,65666.66666666667,65333.333333333336,65333.333333333336,8144.527815247036,1.0051,72,0,Stable
ST0074,A0001,2023-03,44000,7,2023-03-01,2023,3,1,1.0,6.123233995736766e-17,1,0,1,39000.0,44000.0,30000.0,45666.66666666666,44166.66666666666,44750.0,7637.626158259734,1.0205,73,0,Stable
ST0074,A0001,2023-04,47000,9,2023-04-01,2023,4,2,0.8660254037844387,-0.4999999999999998,0,0,1,44000.0,54000.0,32000.0,45666.66666666666,43000.0,45916.66666666666,7637.626158259734,0.9945,73,0,Stable
ST0074,A0001,2023-05,32000,5,2023-05-01,2023,5,2,0.4999999999999999,-0.8660254037844387,0,0,2,47000.0,39000.0,58000.0,43333.333333333336,44666.66666666666,47166.66666666666,4041.4518843273786,0.9187,73,0,Stable
ST0074,A0001,2023-06,93000,4,2023-06-01,2023,6,2,1.2246467991473532e-16,-1.0,0,0,2,32000.0,44000.0,48000.0,41000.0,43333.333333333336,45000.0,7937.25393319377,0.9111,73,0,Stable
ST0074,A0001,2023-07,94000,7,2023-07-01,2023,7,3,-0.4999999999999997,-0.8660254037844388,0,0,2,93000.0,47000.0,45000.0,57333.333333333336,51500.0,48750.0,31785.74103797697,1.176,73,0,Stable
ST0074,A0001,2023-08,78000,7,2023-08-01,2023,8,3,-0.8660254037844385,-0.5000000000000004,0,0,3,94000.0,32000.0,59000.0,73000.0,58166.66666666666,52833.333333333336,35510.56180912941,1.3817,73,0,Stable
ST0074,A0001,2023-09,87000,7,2023-09-01,2023,9,3,-1.0,-1.8369701987210294e-16,0,0,3,78000.0,93000.0,51000.0,88333.33333333333,64666.66666666666,54416.66666666666,8962.886439832513,1.6232,73,0,Stable
ST0074,A0001,2023-10,45000,3,2023-10-01,2023,10,4,-0.8660254037844386,0.5000000000000001,0,1,3,87000.0,94000.0,37000.0,86333.33333333333,71833.33333333333,57416.66666666666,8020.806277010655,1.5036,73,0,Stable
ST0074,A0001,2023-11,15000,1,2023-11-01,2023,11,4,-0.5000000000000004,0.8660254037844384,0,1,3,45000.0,78000.0,40000.0,70000.0,71500.0,58083.333333333336,22113.344387495985,1.2051,73,0,Stable
ST0074,A0001,2023-12,45000,5,2023-12-01,2023,12,4,-2.4492935982947064e-16,1.0,0,1,0,15000.0,87000.0,44000.0,49000.0,68666.66666666667,56000.0,36166.28264005025,0.875,73,0,Stable
ST0074,A0001,2024-01,45000,3,2024-01-01,2024,1,1,0.4999999999999999,0.8660254037844387,1,0,0,45000.0,45000.0,54000.0,35000.0,60666.66666666666,56083.333333333336,17320.50807568878,0.6241,73,0,Stable
ST0074,A0001,2024-02,35000,2,2024-02-01,2024,2,1,0.8660254037844386,0.5000000000000001,1,0,0,45000.0,15000.0,39000.0,35000.0,52500.0,55333.333333333336,17320.50807568878,0.6325,73,0,Stable
ST0074,A0001,2024-03,64000,5,2024-03-01,2024,3,1,1.0,6.123233995736766e-17,1,0,1,35000.0,45000.0,44000.0,41666.66666666666,45333.333333333336,55000.0,5773.502691896278,0.7576,73,0,Stable
ST0074,A0001,2024-04,50000,3,2024-04-01,2024,4,2,0.8660254037844387,-0.4999999999999998,0,0,1,64000.0,45000.0,47000.0,48000.0,41500.0,56666.66666666666,14730.919862656245,0.847,73,0,Stable
ST0074,A0001,2024-05,80000,7,2024-05-01,2024,5,2,0.4999999999999999,-0.8660254037844387,0,0,2,50000.0,35000.0,32000.0,49666.66666666666,42333.333333333336,56916.66666666666,14502.873278538067,0.8726,73,0,Stable
ST0074,A0001,2024-06,70000,4,2024-06-01,2024,6,2,1.2246467991473532e-16,-1.0,0,0,2,80000.0,64000.0,93000.0,64666.66666666666,53166.66666666666,60916.66666666666,15011.10699893028,1.0615,73,0,Stable
ST0074,A0001,2024-07,92000,7,2024-07-01,2024,7,3,-0.4999999999999997,-0.8660254037844388,0,0,2,70000.0,50000.0,94000.0,66666.66666666667,57333.333333333336,59000.0,15275.252316519474,1.1299,73,0,Stable
ST0074,A0001,2024-08,52000,4,2024-08-01,2024,8,3,-0.8660254037844385,-0.5000000000000004,0,0,3,92000.0,80000.0,78000.0,80666.66666666667,65166.66666666666,58833.333333333336,11015.141094572213,1.3711,73,0,Stable
ST0074,A0001,2024-09,70000,7,2024-09-01,2024,9,3,-1.0,-1.8369701987210294e-16,0,0,3,52000.0,70000.0,87000.0,71333.33333333333,68000.0,56666.66666666666,20033.305601755623,1.2588,73,0,Stable
ST0074,A0001,2024-10,30000,2,2024-10-01,2024,10,4,-0.8660254037844386,0.5000000000000001,0,1,3,70000.0,92000.0,45000.0,71333.33333333333,69000.0,55250.0,20033.305601755623,1.2911,73,0,Stable
ST0074,A0001,2024-11,37000,3,2024-11-01,2024,11,4,-0.5000000000000004,0.8660254037844384,0,1,3,30000.0,52000.0,15000.0,50666.66666666666,65666.66666666667,54000.0,20033.30560175562,0.9383,73,0,Stable
ST0074,A0001,2024-12,65000,5,2024-12-01,2024,12,4,-2.4492935982947064e-16,1.0,0,1,0,37000.0,70000.0,45000.0,45666.66666666666,58500.0,55833.333333333336,21361.959960016145,0.8179,73,0,Stable
ST0074,A0001,2025-01,52000,3,2025-01-01,2025,1,1,0.4999999999999999,0.8660254037844387,1,0,0,65000.0,30000.0,45000.0,44000.0,57666.66666666666,57500.0,18520.259177452124,0.7652,73,0,Stable
ST0074,A0001,2025-02,30000,3,2025-02-01,2025,2,1,0.8660254037844386,0.5000000000000001,1,0,0,52000.0,37000.0,35000.0,51333.333333333336,51000.0,58083.333333333336,14011.89970465579,0.8838,73,0,Stable
ST0074,A0001,2025-03,75000,7,2025-03-01,2025,3,1,1.0,6.123233995736766e-17,1,0,1,30000.0,65000.0,64000.0,49000.0,47333.333333333336,57666.66666666666,17691.806012954123,0.8497,73,0,Stable
ST0074,A0001,2025-04,90000,7,2025-04-01,2025,4,2,0.8660254037844387,-0.4999999999999998,0,0,1,75000.0,52000.0,50000.0,52333.333333333336,48166.66666666666,58583.333333333336,22501.85177565022,0.8933,73,0,Stable
ST0074,A0001,2025-05,65000,4,2025-05-01,2025,5,2,0.4999999999999999,-0.8660254037844387,0,0,2,90000.0,30000.0,80000.0,65000.0,58166.66666666666,61916.66666666666,31224.989991991984,1.0498,73,0,Stable
ST0074,A0001,2025-06,31000,3,2025-06-01,2025,6,2,1.2246467991473532e-16,-1.0,0,0,2,65000.0,75000.0,70000.0,76666.66666666667,62833.333333333336,60666.66666666666,12583.057392117904,1.2637,73,0,Stable
ST0074,A0001,2025-07,67000,6,2025-07-01,2025,7,3,-0.4999999999999997,-0.8660254037844388,0,0,2,31000.0,90000.0,92000.0,62000.0,57166.66666666666,57416.66666666666,29614.18578992169,1.0798,73,0,Stable
ST0074,A0001,2025-08,52000,4,2025-08-01,2025,8,3,-0.8660254037844385,-0.5000000000000004,0,0,3,67000.0,65000.0,52000.0,54333.333333333336,59666.66666666666,55333.333333333336,20231.987873991347,0.9819,73,0,Stable
ST0074,A0001,2025-09,34000,2,2025-09-01,2025,9,3,-1.0,-1.8369701987210294e-16,0,0,3,52000.0,31000.0,70000.0,50000.0,63333.333333333336,55333.333333333336,18083.141320025115,0.9036,73,0,Stable
ST0074,A0001,2025-10,45000,3,2025-10-01,2025,10,4,-0.8660254037844386,0.5000000000000001,0,1,3,34000.0,67000.0,30000.0,51000.0,56500.0,52333.333333333336,16522.711641858295,0.9745,73,0,Stable
ST0074,A0001,2025-11,49000,5,2025-11-01,2025,11,4,-0.5000000000000004,0.8660254037844384,0,1,3,45000.0,52000.0,37000.0,43666.66666666666,49000.0,53583.333333333336,9073.771725877446,0.8149,73,0,Stable
ST0074,A0001,2025-12,19000,2,2025-12-01,2025,12,4,-2.4492935982947064e-16,1.0,0,1,0,49000.0,34000.0,65000.0,42666.66666666666,46333.333333333336,54583.333333333336,7767.453465154006,0.7817,73,0,Stable
ST0074,A0002,2023-03,138000,14,2023-03-01,2023,3,1,1.0,6.123233995736766e-17,1,0,1,98000.0,136000.0,10000.0,112000.0,108500.0,98500.0,20880.613017821128,1.137,73,1,Stable
ST0074,A0002,2023-04,105000,9,2023-04-01,2023,4,2,0.8660254037844387,-0.4999999999999998,0,0,1,138000.0,102000.0,39000.0,112666.66666666669,111500.0,109166.66666666669,22030.282189144436,1.0321,73,1,Stable
ST0074,A0002,2023-05,86000,5,2023-05-01,2023,5,2,0.4999999999999999,-0.8660254037844387,0,0,2,105000.0,98000.0,104000.0,113666.66666666669,113500.0,114666.66666666669,21361.95996001618,0.9913,73,1,Stable
ST0074,A0002,2023-06,60000,5,2023-06-01,2023,6,2,1.2246467991473532e-16,-1.0,0,0,2,86000.0,138000.0,180000.0,109666.66666666669,110833.33333333331,113166.66666666669,26312.227829154537,0.9691,73,1,Stable
ST0074,A0002,2023-07,81000,4,2023-07-01,2023,7,3,-0.4999999999999997,-0.8660254037844388,0,0,2,60000.0,105000.0,94000.0,83666.66666666667,98166.66666666669,103166.66666666669,22590.55849980993,0.811,73,1,Stable
ST0074,A0002,2023-08,46000,2,2023-08-01,2023,8,3,-0.8660254037844385,-0.5000000000000004,0,0,3,81000.0,86000.0,104000.0,75666.66666666667,94666.66666666669,102083.33333333331,13796.1347243833,0.7412,73,1,Stable
ST0074,A0002,2023-09,108000,5,2023-09-01,2023,9,3,-1.0,-1.8369701987210294e-16,0,0,3,46000.0,60000.0,120000.0,62333.333333333336,86000.0,97250.0,17616.280348965123,0.641,73,1,Stable
ST0074,A0002,2023-10,108000,6,2023-10-01,2023,10,4,-0.8660254037844386,0.5000000000000001,0,1,3,108000.0,81000.0,93000.0,78333.33333333333,81000.0,96250.0,31085.90248542472,0.8138,73,1,Stable
ST0074,A0002,2023-11,108000,7,2023-11-01,2023,11,4,-0.5000000000000004,0.8660254037844384,0,1,3,108000.0,46000.0,102000.0,87333.33333333333,81500.0,97500.0,35795.71668975682,0.8957,73,1,Stable
ST0074,A0002,2023-12,97000,7,2023-12-01,2023,12,4,-2.4492935982947064e-16,1.0,0,1,0,108000.0,108000.0,136000.0,108000.0,85166.66666666667,98000.0,0.0,1.102,73,1,Stable
ST0074,A0002,2024-01,61000,3,2024-01-01,2024,1,1,0.4999999999999999,0.8660254037844387,1,0,0,97000.0,108000.0,102000.0,104333.33333333331,91333.33333333331,94750.0,6350.852961086012,1.1011,73,1,Stable
ST0074,A0002,2024-02,126000,9,2024-02-01,2024,2,1,0.8660254037844386,0.5000000000000001,1,0,0,61000.0,108000.0,98000.0,88666.66666666667,88000.0,91333.33333333331,24583.19208998976,0.9708,73,1,Stable
ST0074,A0002,2024-03,102000,8,2024-03-01,2024,3,1,1.0,6.123233995736766e-17,1,0,1,126000.0,97000.0,138000.0,94666.66666666669,101333.33333333331,93666.66666666669,32562.759915789316,1.0107,73,1,Stable
ST0074,A0002,2024-04,117000,8,2024-04-01,2024,4,2,0.8660254037844387,-0.4999999999999998,0,0,1,102000.0,61000.0,105000.0,96333.33333333331,100333.33333333331,90666.66666666669,32868.42456421261,1.0625,73,1,Stable
ST0074,A0002,2024-05,112000,8,2024-05-01,2024,5,2,0.4999999999999999,-0.8660254037844387,0,0,2,117000.0,126000.0,86000.0,115000.0,101833.33333333331,91666.66666666669,12124.35565298222,1.2545,73,1,Stable
ST0074,A0002,2024-06,72000,6,2024-06-01,2024,6,2,1.2246467991473532e-16,-1.0,0,0,2,112000.0,102000.0,60000.0,110333.33333333331,102500.0,93833.33333333331,7637.626158259858,1.1758,73,1,Stable
ST0074,A0002,2024-07,59000,3,2024-07-01,2024,7,3,-0.4999999999999997,-0.8660254037844388,0,0,2,72000.0,117000.0,81000.0,100333.33333333331,98333.33333333331,94833.33333333331,24664.414311581277,1.058,73,1,Stable
ST0074,A0002,2024-08,100000,8,2024-08-01,2024,8,3,-0.8660254037844385,-0.5000000000000004,0,0,3,59000.0,112000.0,46000.0,81000.0,98000.0,93000.0,27622.4546338663,0.871,73,1,Stable
ST0074,A0002,2024-09,40000,3,2024-09-01,2024,9,3,-1.0,-1.8369701987210294e-16,0,0,3,100000.0,72000.0,108000.0,77000.0,93666.66666666669,97500.0,20952.326839757006,0.7897,73,1,Stable
ST0074,A0002,2024-10,117000,8,2024-10-01,2024,10,4,-0.8660254037844386,0.5000000000000001,0,1,3,40000.0,59000.0,108000.0,66333.33333333333,83333.33333333333,91833.33333333331,30664.85501895183,0.7223,73,1,Stable
ST0074,A0002,2024-11,124000,11,2024-11-01,2024,11,4,-0.5000000000000004,0.8660254037844384,0,1,3,117000.0,100000.0,108000.0,85666.66666666667,83333.33333333333,92583.33333333331,40451.61719058133,0.9253,73,1,Stable
ST0074,A0002,2024-12,50000,3,2024-12-01,2024,12,4,-2.4492935982947064e-16,1.0,0,1,0,124000.0,40000.0,97000.0,93666.66666666669,85333.33333333333,93916.66666666669,46608.29682935577,0.9973,73,1,Stable
ST0074,A0002,2025-01,86000,6,2025-01-01,2025,1,1,0.4999999999999999,0.8660254037844387,1,0,0,50000.0,117000.0,61000.0,97000.0,81666.66666666667,90000.0,40853.39643163101,1.0778,73,1,Stable
ST0074,A0002,2025-02,80000,7,2025-02-01,2025,2,1,0.8660254037844386,0.5000000000000001,1,0,0,86000.0,124000.0,126000.0,86666.66666666667,86166.66666666667,92083.33333333331,37004.50423034113,0.9412,73,1,Stable
ST0074,A0002,2025-03,62000,6,2025-03-01,2025,3,1,1.0,6.123233995736766e-17,1,0,1,80000.0,50000.0,102000.0,72000.0,82833.33333333333,88250.0,19287.301521985948,0.8159,73,1,Stable
ST0074,A0002,2025-04,50000,3,2025-04-01,2025,4,2,0.8660254037844387,-0.4999999999999998,0,0,1,62000.0,86000.0,117000.0,76000.0,86500.0,84916.66666666667,12489.995996796852,0.895,73,1,Stable
ST0074,A0002,2025-05,57000,5,2025-05-01,2025,5,2,0.4999999999999999,-0.8660254037844387,0,0,2,50000.0,80000.0,112000.0,64000.0,75333.33333333333,79333.33333333333,15099.668870541547,0.8067,73,1,Stable
ST0074,A0002,2025-06,61000,5,2025-06-01,2025,6,2,1.2246467991473532e-16,-1.0,0,0,2,57000.0,62000.0,72000.0,56333.333333333336,64166.66666666666,74750.0,6027.713773341827,0.7536,73,1,Stable
ST0074,A0002,2025-07,63000,7,2025-07-01,2025,7,3,-0.4999999999999997,-0.8660254037844388,0,0,2,61000.0,50000.0,59000.0,56000.0,66000.0,73833.33333333333,5567.76436283015,0.7585,73,1,Stable
ST0074,A0002,2025-08,36000,5,2025-08-01,2025,8,3,-0.8660254037844385,-0.5000000000000004,0,0,3,63000.0,57000.0,100000.0,60333.333333333336,62166.66666666666,74166.66666666667,3055.050463304128,0.8135,73,1,Stable
ST0074,A0002,2025-09,33000,5,2025-09-01,2025,9,3,-1.0,-1.8369701987210294e-16,0,0,3,36000.0,61000.0,40000.0,53333.333333333336,54833.333333333336,68833.33333333333,15044.378795195726,0.7748,73,1,Stable
ST0074,A0002,2025-10,76000,8,2025-10-01,2025,10,4,-0.8660254037844386,0.5000000000000001,0,1,3,33000.0,63000.0,117000.0,44000.0,50000.0,68250.0,16522.71164185835,0.6447,73,1,Stable
ST0074,A0002,2025-11,46000,3,2025-11-01,2025,11,4,-0.5000000000000004,0.8660254037844384,0,1,3,76000.0,36000.0,124000.0,48333.333333333336,54333.333333333336,64833.333333333336,24006.94344004115,0.7455,73,1,Stable
ST0074,A0002,2025-12,106000,10,2025-12-01,2025,12,4,-2.4492935982947064e-16,1.0,0,1,0,46000.0,33000.0,50000.0,51666.66666666666,52500.0,58333.333333333336,22052.966542697483,0.8857,73,1,Stable
ST0081,A0001,2022-10,15000,3,2022-10-01,2022,10,4,-0.8660254037844386,0.5000000000000001,0,1,3,15000.0,15000.0,16000.0,15000.0,14833.333333333334,15000.0,0.0,0.9999,80,0,Stable
ST0081,A0001,2022-11,10000,2,2022-11-01,2022,11,4,-0.5000000000000004,0.8660254037844384,0,1,3,15000.0,15000.0,20000.0,15000.0,14000.0,14916.666666666666,0.0,1.0055,80,0,Stable
ST0081,A0001,2022-12,25000,3,2022-12-01,2022,12,4,-2.4492935982947064e-16,1.0,0,1,0,10000.0,15000.0,10000.0,13333.333333333334,13166.666666666666,14083.333333333334,2886.7513459481343,0.9467,80,0,Stable
ST0081,A0001,2023-01,13000,5,2023-01-01,2023,1,1,0.4999999999999999,0.8660254037844387,1,0,0,25000.0,15000.0,15000.0,16666.666666666668,15833.333333333334,15333.333333333334,7637.626158259734,1.0869,80,0,Stable
ST0081,A0001,2023-02,10000,2,2023-02-01,2023,2,1,0.8660254037844386,0.5000000000000001,1,0,0,13000.0,10000.0,20000.0,16000.0,15500.0,15166.666666666666,7937.253933193772,1.0549,80,0,Stable
ST0081,A0001,2023-03,8000,2,2023-03-01,2023,3,1,1.0,6.123233995736766e-17,1,0,1,10000.0,25000.0,10000.0,16000.0,14666.666666666666,14333.333333333334,7937.253933193772,1.1162,80,0,Stable
ST0081,A0001,2023-04,11000,3,2023-04-01,2023,4,2,0.8660254037844387,-0.4999999999999998,0,0,1,8000.0,13000.0,20000.0,10333.333333333334,13500.0,14166.666666666666,2516.6114784235865,0.7294,80,0,Stable
ST0081,A0001,2023-05,12000,2,2023-05-01,2023,5,2,0.4999999999999999,-0.8660254037844387,0,0,2,11000.0,10000.0,15000.0,9666.666666666666,12833.333333333334,13416.666666666666,1527.5252316519525,0.7204,80,0,Stable
ST0081,A0001,2023-06,18000,2,2023-06-01,2023,6,2,1.2246467991473532e-16,-1.0,0,0,2,12000.0,8000.0,9000.0,10333.333333333334,13166.666666666666,13166.666666666666,2081.665999466137,0.7848,80,0,Stable
ST0081,A0001,2023-07,19000,3,2023-07-01,2023,7,3,-0.4999999999999997,-0.8660254037844388,0,0,2,18000.0,11000.0,15000.0,13666.666666666666,12000.0,13916.666666666666,3785.938897200185,0.982,80,0,Stable
ST0081,A0001,2023-08,15000,1,2023-08-01,2023,8,3,-0.8660254037844385,-0.5000000000000004,0,0,3,19000.0,12000.0,15000.0,16333.333333333334,13000.0,14250.0,3785.938897200185,1.1461,80,0,Stable
ST0081,A0001,2023-09,15000,1,2023-09-01,2023,9,3,-1.0,-1.8369701987210294e-16,0,0,3,15000.0,18000.0,15000.0,17333.333333333332,13833.333333333334,14250.0,2081.665999466136,1.2163,80,0,Stable
ST0081,A0001,2023-10,30000,2,2023-10-01,2023,10,4,-0.8660254037844386,0.5000000000000001,0,1,3,15000.0,19000.0,15000.0,16333.333333333334,15000.0,14250.0,2309.401076758506,1.1461,80,0,Stable
ST0081,A0001,2023-11,15000,1,2023-11-01,2023,11,4,-0.5000000000000004,0.8660254037844384,0,1,3,30000.0,15000.0,10000.0,20000.0,18166.666666666668,15500.0,8660.254037844388,1.2902,80,0,Stable
ST0081,A0001,2023-12,15000,2,2023-12-01,2023,12,4,-2.4492935982947064e-16,1.0,0,1,0,15000.0,15000.0,25000.0,20000.0,18666.666666666668,15916.666666666666,8660.254037844388,1.2565,80,0,Stable
ST0081,A0001,2024-01,15000,2,2024-01-01,2024,1,1,0.4999999999999999,0.8660254037844387,1,0,0,15000.0,30000.0,13000.0,20000.0,18166.666666666668,15083.333333333334,8660.254037844388,1.3259,80,0,Stable
ST0081,A0001,2024-03,15000,1,2024-03-01,2024,3,1,1.0,6.123233995736766e-17,1,0,1,15000.0,15000.0,10000.0,15000.0,17500.0,15250.0,0.0,0.9835,80,0,Stable
ST0081,A0001,2024-04,15000,1,2024-04-01,2024,4,2,0.8660254037844387,-0.4999999999999998,0,0,1,15000.0,15000.0,8000.0,15000.0,17500.0,15666.666666666666,0.0,0.9574,80,0,Stable
ST0081,A0001,2024-05,15000,1,2024-05-01,2024,5,2,0.4999999999999999,-0.8660254037844387,0,0,2,15000.0,15000.0,11000.0,15000.0,17500.0,16250.0,0.0,0.923,80,0,Stable
ST0081,A0001,2024-06,15000,1,2024-06-01,2024,6,2,1.2246467991473532e-16,-1.0,0,0,2,15000.0,15000.0,12000.0,15000.0,15000.0,16583.333333333332,0.0,0.9045,80,0,Stable
ST0081,A0001,2024-07,15000,1,2024-07-01,2024,7,3,-0.4999999999999997,-0.8660254037844388,0,0,2,15000.0,15000.0,18000.0,15000.0,15000.0,16833.333333333332,0.0,0.891,80,0,Stable
ST0081,A0001,2024-09,20000,3,2024-09-01,2024,9,3,-1.0,-1.8369701987210294e-16,0,0,3,15000.0,15000.0,19000.0,15000.0,15000.0,16583.333333333332,0.0,0.9045,80,0,Stable
ST0081,A0001,2024-10,10000,2,2024-10-01,2024,10,4,-0.8660254037844386,0.5000000000000001,0,1,3,20000.0,15000.0,15000.0,16666.666666666668,15833.333333333334,16666.666666666668,2886.751345948131,0.9999,80,0,Stable
ST0081,A0001,2024-11,10000,1,2024-11-01,2024,11,4,-0.5000000000000004,0.8660254037844384,0,1,3,10000.0,15000.0,15000.0,15000.0,15000.0,16250.0,5000.000000000001,0.923,80,0,Stable
ST0081,A0001,2024-12,10000,1,2024-12-01,2024,12,4,-2.4492935982947064e-16,1.0,0,1,0,10000.0,20000.0,30000.0,13333.333333333334,14166.666666666666,15833.333333333334,5773.5026918962585,0.8421,80,0,Stable
ST0081,A0001,2025-01,10000,1,2025-01-01,2025,1,1,0.4999999999999999,0.8660254037844387,1,0,0,10000.0,10000.0,15000.0,10000.0,13333.333333333334,14166.666666666666,0.0,0.7058,80,0,Stable
ST0081,A0001,2025-02,10000,1,2025-02-01,2025,2,1,0.8660254037844386,0.5000000000000001,1,0,0,10000.0,10000.0,15000.0,10000.0,12500.0,13750.0,0.0,0.7272,80,0,Stable
ST0081,A0001,2025-08,15000,1,2025-08-01,2025,8,3,-0.8660254037844385,-0.5000000000000004,0,0,3,10000.0,10000.0,15000.0,10000.0,11666.666666666666,13333.333333333334,0.0,0.7499,80,0,Stable
ST0081,A0001,2025-10,15000,3,2025-10-01,2025,10,4,-0.8660254037844386,0.5000000000000001,0,1,3,15000.0,10000.0,15000.0,11666.666666666666,10833.333333333334,13333.333333333334,2886.7513459481315,0.8749,80,0,Stable
ST0081,A0001,2025-11,15000,3,2025-11-01,2025,11,4,-0.5000000000000004,0.8660254037844384,0,1,3,15000.0,10000.0,15000.0,13333.333333333334,11666.666666666666,13333.333333333334,2886.7513459481315,0.9999,80,0,Stable
ST0081,A0001,2025-12,13000,2,2025-12-01,2025,12,4,-2.4492935982947064e-16,1.0,0,1,0,15000.0,15000.0,15000.0,15000.0,12500.0,13333.333333333334,0.0,1.1249,80,0,Stable
ST0084,A0001,2023-06,162000,10,2023-06-01,2023,6,2,1.2246467991473532e-16,-1.0,0,0,2,95000.0,145000.0,65000.0,119000.0,114333.33333333331,111000.0,25059.928172283344,1.0721,83,0,Stable
ST0084,A0001,2023-07,195000,10,2023-07-01,2023,7,3,-0.4999999999999997,-0.8660254037844388,0,0,2,162000.0,117000.0,92000.0,124666.66666666669,122166.66666666669,119083.33333333331,34151.62270424839,1.0469,83,0,Stable
ST0084,A0001,2023-08,165000,10,2023-08-01,2023,8,3,-0.8660254037844385,-0.5000000000000004,0,0,3,195000.0,95000.0,120000.0,150666.66666666666,135833.33333333334,127666.66666666669,50954.2278258962,1.1801,83,0,Stable
ST0084,A0001,2023-09,176000,11,2023-09-01,2023,9,3,-1.0,-1.8369701987210294e-16,0,0,3,165000.0,162000.0,143000.0,174000.0,146500.0,131416.66666666666,18248.287590894684,1.324,83,0,Stable
ST0084,A0001,2023-10,205000,13,2023-10-01,2023,10,4,-0.8660254037844386,0.5000000000000001,0,1,3,176000.0,195000.0,114000.0,178666.66666666666,151666.66666666666,134166.66666666666,15176.736583776312,1.3317,83,0,Stable
ST0084,A0001,2023-11,202000,13,2023-11-01,2023,11,4,-0.5000000000000004,0.8660254037844384,0,1,3,205000.0,165000.0,112000.0,182000.0,166333.33333333334,141750.0,20663.97831977185,1.2839,83,0,Stable
ST0084,A0001,2023-12,156000,10,2023-12-01,2023,12,4,-2.4492935982947064e-16,1.0,0,1,0,202000.0,176000.0,115000.0,194333.3333333333,184166.66666666663,149250.0,15947.83161854094,1.3021,83,0,Stable
ST0084,A0001,2024-01,126000,8,2024-01-01,2024,1,1,0.4999999999999999,0.8660254037844387,1,0,0,156000.0,205000.0,113000.0,187666.66666666663,183166.66666666663,152666.66666666666,27465.129406819364,1.2292,83,0,Stable
ST0084,A0001,2024-02,140000,8,2024-02-01,2024,2,1,0.8660254037844386,0.5000000000000001,1,0,0,126000.0,202000.0,101000.0,161333.33333333334,171666.66666666666,153750.0,38279.67258654826,1.0493,83,0,Stable
ST0084,A0001,2024-03,125000,7,2024-03-01,2024,3,1,1.0,6.123233995736766e-17,1,0,1,140000.0,156000.0,145000.0,140666.66666666666,167500.0,157000.0,15011.1069989303,0.896,83,0,Stable
ST0084,A0001,2024-04,164000,10,2024-04-01,2024,4,2,0.8660254037844387,-0.4999999999999998,0,0,1,125000.0,126000.0,117000.0,130333.33333333331,159000.0,155333.33333333334,8386.497083606133,0.8391,83,0,Stable
ST0084,A0001,2024-05,196000,10,2024-05-01,2024,5,2,0.4999999999999999,-0.8660254037844387,0,0,2,164000.0,140000.0,95000.0,143000.0,152166.66666666666,159250.0,19672.315572906024,0.898,83,0,Stable
ST0084,A0001,2024-06,138000,8,2024-06-01,2024,6,2,1.2246467991473532e-16,-1.0,0,0,2,196000.0,125000.0,162000.0,161666.66666666666,151166.66666666666,167666.66666666666,35557.46522649406,0.9642,83,0,Stable
ST0084,A0001,2024-07,180000,11,2024-07-01,2024,7,3,-0.4999999999999997,-0.8660254037844388,0,0,2,138000.0,164000.0,195000.0,166000.0,148166.66666666666,165666.66666666666,29051.678092667924,1.002,83,0,Stable
ST0084,A0001,2024-08,135000,9,2024-08-01,2024,8,3,-0.8660254037844385,-0.5000000000000004,0,0,3,180000.0,196000.0,165000.0,171333.33333333334,157166.66666666666,164416.66666666666,29955.52258488132,1.0421,83,0,Stable
ST0084,A0001,2024-09,189000,13,2024-09-01,2024,9,3,-1.0,-1.8369701987210294e-16,0,0,3,135000.0,138000.0,176000.0,151000.0,156333.33333333334,161916.66666666666,25159.49125081828,0.9326,83,0,Stable
ST0084,A0001,2024-10,163000,9,2024-10-01,2024,10,4,-0.8660254037844386,0.5000000000000001,0,1,3,189000.0,180000.0,205000.0,168000.0,167000.0,163000.0,28930.95228297889,1.0307,83,0,Stable
ST0084,A0001,2024-11,154000,11,2024-11-01,2024,11,4,-0.5000000000000004,0.8660254037844384,0,1,3,163000.0,135000.0,202000.0,162333.33333333334,166833.33333333334,159500.0,27006.17213403882,1.0178,83,0,Stable
ST0084,A0001,2024-12,168000,12,2024-12-01,2024,12,4,-2.4492935982947064e-16,1.0,0,1,0,154000.0,189000.0,156000.0,168666.66666666666,159833.33333333334,155500.0,18175.07450695415,1.0847,83,0,Stable
ST0084,A0001,2025-01,153000,10,2025-01-01,2025,1,1,0.4999999999999999,0.8660254037844387,1,0,0,168000.0,163000.0,126000.0,161666.66666666666,164833.33333333334,156500.0,7094.598884597674,1.033,83,0,Stable
ST0084,A0001,2025-02,130000,9,2025-02-01,2025,2,1,0.8660254037844386,0.5000000000000001,1,0,0,153000.0,154000.0,140000.0,158333.33333333334,160333.33333333334,158750.0,8386.497083606158,0.9974,83,0,Stable
ST0084,A0001,2025-03,115000,6,2025-03-01,2025,3,1,1.0,6.123233995736766e-17,1,0,1,130000.0,168000.0,125000.0,150333.33333333334,159500.0,157916.66666666666,19139.83629327416,0.952,83,0,Stable
ST0084,A0001,2025-04,153000,9,2025-04-01,2025,4,2,0.8660254037844387,-0.4999999999999998,0,0,1,115000.0,153000.0,164000.0,132666.66666666666,147166.66666666666,157083.33333333334,19139.83629327416,0.8446,83,0,Stable
ST0084,A0001,2025-05,131000,10,2025-05-01,2025,5,2,0.4999999999999999,-0.8660254037844387,0,0,2,153000.0,130000.0,196000.0,132666.66666666666,145500.0,156166.66666666666,19139.83629327416,0.8495,83,0,Stable
ST0084,A0001,2025-06,118000,10,2025-06-01,2025,6,2,1.2246467991473532e-16,-1.0,0,0,2,131000.0,115000.0,138000.0,133000.0,141666.66666666666,150750.0,19078.78402833895,0.8822,83,0,Stable
ST0084,A0001,2025-07,168000,9,2025-07-01,2025,7,3,-0.4999999999999997,-0.8660254037844388,0,0,2,118000.0,153000.0,180000.0,134000.0,133333.33333333334,149083.33333333334,17691.806012954174,0.8988,83,0,Stable
ST0084,A0001,2025-08,117000,7,2025-08-01,2025,8,3,-0.8660254037844385,-0.5000000000000004,0,0,3,168000.0,131000.0,135000.0,139000.0,135833.33333333334,148083.33333333334,25942.243542145723,0.9387,83,0,Stable
ST0084,A0001,2025-09,126000,7,2025-09-01,2025,9,3,-1.0,-1.8369701987210294e-16,0,0,3,117000.0,118000.0,189000.0,134333.33333333334,133666.66666666666,146583.33333333334,29160.475533388253,0.9164,83,0,Stable
ST0084,A0001,2025-10,148000,10,2025-10-01,2025,10,4,-0.8660254037844386,0.5000000000000001,0,1,3,126000.0,168000.0,163000.0,137000.0,135500.0,141333.33333333334,27221.315177632427,0.9693,83,0,Stable
ST0084,A0001,2025-11,131000,12,2025-11-01,2025,11,4,-0.5000000000000004,0.8660254037844384,0,1,3,148000.0,117000.0,154000.0,130333.33333333331,134666.66666666666,140083.33333333334,15947.831618540962,0.9304,83,0,Stable
ST0084,A0001,2025-12,150000,13,2025-12-01,2025,12,4,-2.4492935982947064e-16,1.0,0,1,0,131000.0,126000.0,168000.0,135000.0,134666.66666666666,138166.66666666666,11532.562594670862,0.9771,83,0,Stable
ST0084,A0002,2023-06,35000,5,2023-06-01,2023,6,2,1.2246467991473532e-16,-1.0,0,0,2,50000.0,80000.0,72000.0,65666.66666666667,58666.66666666666,60583.333333333336,15044.37879519568,1.0839,83,1,Stable
ST0084,A0002,2023-07,45000,3,2023-07-01,2023,7,3,-0.4999999999999997,-0.8660254037844388,0,0,2,35000.0,67000.0,63000.0,50666.66666666666,54500.0,57500.0,16010.413278030446,0.8811,83,1,Stable
ST0084,A0002,2023-08,45000,3,2023-08-01,2023,8,3,-0.8660254037844385,-0.5000000000000004,0,0,3,45000.0,50000.0,40000.0,43333.333333333336,56000.0,56000.0,7637.62615825976,0.7738,83,1,Stable
ST0084,A0002,2023-09,45000,3,2023-09-01,2023,9,3,-1.0,-1.8369701987210294e-16,0,0,3,45000.0,35000.0,55000.0,41666.66666666666,53666.66666666666,56416.66666666666,5773.502691896294,0.7385,83,1,Stable
ST0084,A0002,2023-10,60000,4,2023-10-01,2023,10,4,-0.8660254037844386,0.5000000000000001,0,1,3,45000.0,45000.0,54000.0,45000.0,47833.333333333336,55583.333333333336,0.0,0.8096,83,1,Stable
ST0084,A0002,2023-11,60000,5,2023-11-01,2023,11,4,-0.5000000000000004,0.8660254037844384,0,1,3,60000.0,45000.0,91000.0,50000.0,46666.66666666666,56083.333333333336,8660.254037844412,0.8915,83,1,Stable
ST0084,A0002,2023-12,45000,3,2023-12-01,2023,12,4,-2.4492935982947064e-16,1.0,0,1,0,60000.0,45000.0,60000.0,55000.0,48333.333333333336,53500.0,8660.254037844412,1.028,83,1,Stable
ST0084,A0002,2024-01,48000,3,2024-01-01,2024,1,1,0.4999999999999999,0.8660254037844387,1,0,0,45000.0,60000.0,36000.0,55000.0,50000.0,52250.0,8660.254037844412,1.0526,83,1,Stable
ST0084,A0002,2024-02,78000,5,2024-02-01,2024,2,1,0.8660254037844386,0.5000000000000001,1,0,0,48000.0,60000.0,59000.0,51000.0,50500.0,53250.0,7937.253933193799,0.9577,83,1,Stable
ST0084,A0002,2024-03,62000,4,2024-03-01,2024,3,1,1.0,6.123233995736766e-17,1,0,1,78000.0,45000.0,80000.0,57000.0,56000.0,54833.333333333336,18248.28759089467,1.0395,83,1,Stable
ST0084,A0002,2024-04,48000,3,2024-04-01,2024,4,2,0.8660254037844387,-0.4999999999999998,0,0,1,62000.0,48000.0,67000.0,62666.66666666666,58833.333333333336,53333.333333333336,15011.106998930283,1.175,83,1,Stable
ST0084,A0002,2024-05,63000,4,2024-05-01,2024,5,2,0.4999999999999999,-0.8660254037844387,0,0,2,48000.0,78000.0,50000.0,62666.66666666666,56833.333333333336,51750.0,15011.106998930283,1.2109,83,1,Stable
ST0084,A0002,2024-06,60000,5,2024-06-01,2024,6,2,1.2246467991473532e-16,-1.0,0,0,2,63000.0,62000.0,35000.0,57666.66666666666,57333.333333333336,52833.333333333336,8386.497083606106,1.0915,83,1,Stable
ST0084,A0002,2024-07,60000,5,2024-07-01,2024,7,3,-0.4999999999999997,-0.8660254037844388,0,0,2,60000.0,48000.0,45000.0,57000.0,59833.333333333336,54916.66666666666,7937.253933193796,1.0379,83,1,Stable
ST0084,A0002,2024-08,60000,4,2024-08-01,2024,8,3,-0.8660254037844385,-0.5000000000000004,0,0,3,60000.0,63000.0,45000.0,61000.0,61833.333333333336,56166.66666666666,1732.050807568989,1.086,83,1,Stable
ST0084,A0002,2024-09,60000,5,2024-09-01,2024,9,3,-1.0,-1.8369701987210294e-16,0,0,3,60000.0,60000.0,45000.0,60000.0,58833.333333333336,57416.66666666666,0.0,1.045,83,1,Stable
ST0084,A0002,2024-10,60000,4,2024-10-01,2024,10,4,-0.8660254037844386,0.5000000000000001,0,1,3,60000.0,60000.0,60000.0,60000.0,58500.0,58666.66666666666,0.0,1.0227,83,1,Stable
ST0084,A0002,2024-11,62000,4,2024-11-01,2024,11,4,-0.5000000000000004,0.8660254037844384,0,1,3,60000.0,60000.0,60000.0,60000.0,60500.0,58666.66666666666,0.0,1.0227,83,1,Stable
ST0084,A0002,2024-12,45000,4,2024-12-01,2024,12,4,-2.4492935982947064e-16,1.0,0,1,0,62000.0,60000.0,45000.0,60666.66666666666,60333.333333333336,58833.333333333336,1154.7005383794203,1.0311,83,1,Stable
ST0084,A0002,2025-01,70000,8,2025-01-01,2025,1,1,0.4999999999999999,0.8660254037844387,1,0,0,45000.0,60000.0,48000.0,55666.66666666666,57833.333333333336,58833.333333333336,9291.573243177589,0.9462,83,1,Stable
ST0084,A0002,2025-02,54000,8,2025-02-01,2025,2,1,0.8660254037844386,0.5000000000000001,1,0,0,70000.0,62000.0,78000.0,59000.0,59500.0,60666.66666666666,12767.14533480372,0.9725,83,1,Stable
ST0084,A0002,2025-03,35000,3,2025-03-01,2025,3,1,1.0,6.123233995736766e-17,1,0,1,54000.0,45000.0,62000.0,56333.333333333336,58500.0,58666.66666666666,12662.2799421484,0.9602,83,1,Stable
ST0084,A0002,2025-04,40000,5,2025-04-01,2025,4,2,0.8660254037844387,-0.4999999999999998,0,0,1,35000.0,70000.0,48000.0,53000.0,54333.333333333336,56416.66666666666,17521.415467935243,0.9394,83,1,Stable
ST0084,A0002,2025-05,46000,4,2025-05-01,2025,5,2,0.4999999999999999,-0.8660254037844387,0,0,2,40000.0,54000.0,63000.0,43000.0,51000.0,55750.0,9848.857801796124,0.7713,83,1,Stable
ST0084,A0002,2025-06,37000,4,2025-06-01,2025,6,2,1.2246467991473532e-16,-1.0,0,0,2,46000.0,35000.0,60000.0,40333.333333333336,48333.333333333336,54333.333333333336,5507.570547286134,0.7423,83,1,Stable
ST0084,A0002,2025-07,54000,5,2025-07-01,2025,7,3,-0.4999999999999997,-0.8660254037844388,0,0,2,37000.0,40000.0,60000.0,41000.0,47000.0,52416.66666666666,4582.575694955877,0.7822,83,1,Stable
ST0084,A0002,2025-08,30000,2,2025-08-01,2025,8,3,-0.8660254037844385,-0.5000000000000004,0,0,3,54000.0,46000.0,60000.0,45666.66666666666,44333.333333333336,51916.66666666666,8504.900548115404,0.8796,83,1,Stable
ST0084,A0002,2025-09,45000,4,2025-09-01,2025,9,3,-1.0,-1.8369701987210294e-16,0,0,3,30000.0,37000.0,60000.0,40333.333333333336,40333.333333333336,49416.66666666666,12342.339054382428,0.8162,83,1,Stable
ST0084,A0002,2025-10,45000,4,2025-10-01,2025,10,4,-0.8660254037844386,0.5000000000000001,0,1,3,45000.0,54000.0,60000.0,43000.0,42000.0,48166.66666666666,12124.355652982156,0.8927,83,1,Stable
ST0084,A0002,2025-11,45000,3,2025-11-01,2025,11,4,-0.5000000000000004,0.8660254037844384,0,1,3,45000.0,30000.0,62000.0,40000.0,42833.333333333336,46916.66666666666,8660.254037844408,0.8526,83,1,Stable
ST0084,A0002,2025-12,49000,5,2025-12-01,2025,12,4,-2.4492935982947064e-16,1.0,0,1,0,45000.0,45000.0,45000.0,45000.0,42666.66666666666,45500.0,0.0,0.989,83,1,Stable
ST0085,A0002,2021-02,13000,3,2021-02-01,2021,2,1,0.8660254037844386,0.5000000000000001,1,0,0,10000.0,13000.0,3000.0,14000.0,15666.666666666666,12833.333333333334,4582.575694955841,1.0908,84,1,Stable
ST0085,A0002,2021-03,15000,3,2021-03-01,2021,3,1,1.0,6.123233995736766e-17,1,0,1,13000.0,19000.0,2000.0,14000.0,15333.333333333334,13666.666666666666,4582.575694955841,1.0243,84,1,Stable
ST0085,A0002,2021-04,9000,2,2021-04-01,2021,4,2,0.8660254037844387,-0.4999999999999998,0,0,1,15000.0,10000.0,9000.0,12666.666666666666,15333.333333333334,14750.0,2516.6114784235847,0.8587,84,1,Stable
ST0085,A0002,2021-05,14000,3,2021-05-01,2021,5,2,0.4999999999999999,-0.8660254037844387,0,0,2,9000.0,13000.0,16000.0,12333.333333333334,13166.666666666666,14750.0,3055.050463303895,0.8361,84,1,Stable
ST0085,A0002,2021-06,9000,3,2021-06-01,2021,6,2,1.2246467991473532e-16,-1.0,0,0,2,14000.0,15000.0,11000.0,12666.666666666666,13333.333333333334,14583.333333333334,3214.5502536643203,0.8685,84,1,Stable
ST0085,A0002,2021-07,17000,5,2021-07-01,2021,7,3,-0.4999999999999997,-0.8660254037844388,0,0,2,9000.0,9000.0,19000.0,10666.666666666666,11666.666666666666,14416.666666666666,2886.7513459481306,0.7398,84,1,Stable
ST0085,A0002,2021-08,16000,4,2021-08-01,2021,8,3,-0.8660254037844385,-0.5000000000000004,0,0,3,17000.0,14000.0,15000.0,13333.333333333334,12833.333333333334,14250.0,4041.451884327382,0.9356,84,1,Stable
ST0085,A0002,2021-09,12000,3,2021-09-01,2021,9,3,-1.0,-1.8369701987210294e-16,0,0,3,16000.0,9000.0,15000.0,14000.0,13333.333333333334,14333.333333333334,4358.898943540675,0.9767,84,1,Stable
ST0085,A0002,2021-10,15000,3,2021-10-01,2021,10,4,-0.8660254037844386,0.5000000000000001,0,1,3,12000.0,17000.0,22000.0,15000.0,12833.333333333334,14083.333333333334,2645.7513110645928,1.065,84,1,Stable
ST0085,A0002,2021-11,14000,3,2021-11-01,2021,11,4,-0.5000000000000004,0.8660254037844384,0,1,3,15000.0,16000.0,13000.0,14333.333333333334,13833.333333333334,13500.0,2081.6659994661354,1.0616,84,1,Stable
ST0085,A0002,2021-12,16000,4,2021-12-01,2021,12,4,-2.4492935982947064e-16,1.0,0,1,0,14000.0,12000.0,19000.0,13666.666666666666,13833.333333333334,13583.333333333334,1527.5252316519504,1.0061,84,1,Stable
ST0085,A0002,2022-01,12000,3,2022-01-01,2022,1,1,0.4999999999999999,0.8660254037844387,1,0,0,16000.0,15000.0,10000.0,15000.0,15000.0,13333.333333333334,1000.0000000000064,1.1249,84,1,Stable
ST0085,A0002,2022-02,12000,3,2022-02-01,2022,2,1,0.8660254037844386,0.5000000000000001,1,0,0,12000.0,14000.0,13000.0,14000.0,14166.666666666666,13500.0,2000.0000000000032,1.037,84,1,Stable
ST0085,A0002,2022-03,14000,3,2022-03-01,2022,3,1,1.0,6.123233995736766e-17,1,0,1,12000.0,16000.0,15000.0,13333.333333333334,13500.0,13416.666666666666,2309.401076758506,0.9937,84,1,Stable
ST0085,A0002,2022-04,15000,3,2022-04-01,2022,4,2,0.8660254037844387,-0.4999999999999998,0,0,1,14000.0,12000.0,9000.0,12666.666666666666,13833.333333333334,13333.333333333334,1154.7005383792582,0.9499,84,1,Stable
ST0085,A0002,2022-05,8000,1,2022-05-01,2022,5,2,0.4999999999999999,-0.8660254037844387,0,0,2,15000.0,12000.0,14000.0,13666.666666666666,13833.333333333334,13833.333333333334,1527.525231651952,0.9879,84,1,Stable
ST0085,A0002,2022-06,7000,1,2022-06-01,2022,6,2,1.2246467991473532e-16,-1.0,0,0,2,8000.0,14000.0,9000.0,12333.333333333334,12833.333333333334,13333.333333333334,3785.938897200185,0.9249,84,1,Stable
ST0085,A0002,2022-08,5000,1,2022-08-01,2022,8,3,-0.8660254037844385,-0.5000000000000004,0,0,3,7000.0,15000.0,17000.0,10000.0,11333.333333333334,13166.666666666666,4358.898943540677,0.7594,84,1,Stable
ST0085,A0002,2022-09,5000,1,2022-09-01,2022,9,3,-1.0,-1.8369701987210294e-16,0,0,3,5000.0,8000.0,16000.0,6666.666666666667,10166.666666666666,12166.666666666666,1527.5252316519543,0.5479,84,1,Stable
ST0085,A0002,2022-10,15000,3,2022-10-01,2022,10,4,-0.8660254037844386,0.5000000000000001,0,1,3,5000.0,7000.0,12000.0,5666.666666666667,9000.0,11250.0,1154.7005383792616,0.5037,84,1,Stable
ST0085,A0002,2022-12,20000,4,2022-12-01,2022,12,4,-2.4492935982947064e-16,1.0,0,1,0,15000.0,5000.0,15000.0,8333.333333333334,9166.666666666666,11500.0,5773.502691896259,0.7246,84,1,Stable
ST0085,A0002,2023-01,10000,2,2023-01-01,2023,1,1,0.4999999999999999,0.8660254037844387,1,0,0,20000.0,5000.0,14000.0,13333.333333333334,10000.0,11916.666666666666,7637.626158259734,1.1188,84,1,Stable
ST0085,A0002,2023-02,25000,5,2023-02-01,2023,2,1,0.8660254037844386,0.5000000000000001,1,0,0,10000.0,15000.0,16000.0,15000.0,10333.333333333334,11583.333333333334,5000.000000000002,1.2949,84,1,Stable
ST0085,A0002,2023-03,17000,4,2023-03-01,2023,3,1,1.0,6.123233995736766e-17,1,0,1,25000.0,20000.0,12000.0,18333.33333333333,13333.333333333334,12333.333333333334,7637.626158259735,1.4864,84,1,Stable
ST0085,A0002,2023-04,5000,1,2023-04-01,2023,4,2,0.8660254037844387,-0.4999999999999998,0,0,1,17000.0,10000.0,12000.0,17333.333333333332,15333.333333333334,12750.0,7505.553499465136,1.3594,84,1,Stable
ST0085,A0002,2023-05,24000,3,2023-05-01,2023,5,2,0.4999999999999999,-0.8660254037844387,0,0,2,5000.0,25000.0,14000.0,15666.666666666666,15333.333333333334,12166.666666666666,10066.445913694335,1.2876,84,1,Stable
ST0085,A0002,2023-06,18000,3,2023-06-01,2023,6,2,1.2246467991473532e-16,-1.0,0,0,2,24000.0,17000.0,15000.0,15333.333333333334,16833.333333333332,13000.0,9609.023536933051,1.1794,84,1,Stable
ST0085,A0002,2023-07,25000,2,2023-07-01,2023,7,3,-0.4999999999999997,-0.8660254037844388,0,0,2,18000.0,5000.0,8000.0,15666.666666666666,16500.0,13250.0,9712.534856222312,1.1823,84,1,Stable
ST0085,A0002,2023-08,8000,1,2023-08-01,2023,8,3,-0.8660254037844385,-0.5000000000000004,0,0,3,25000.0,24000.0,7000.0,22333.33333333333,19000.0,14666.666666666666,3785.938897200181,1.5226,84,1,Stable
ST0085,A0002,2023-09,16000,2,2023-09-01,2023,9,3,-1.0,-1.8369701987210294e-16,0,0,3,8000.0,18000.0,5000.0,17000.0,16166.666666666666,14750.0,8544.003745317534,1.1525,84,1,Stable
ST0085,A0002,2023-10,26000,3,2023-10-01,2023,10,4,-0.8660254037844386,0.5000000000000001,0,1,3,16000.0,25000.0,5000.0,16333.333333333334,16000.0,15666.666666666666,8504.900548115384,1.0425,84,1,Stable
ST0085,A0002,2023-11,8000,1,2023-11-01,2023,11,4,-0.5000000000000004,0.8660254037844384,0,1,3,26000.0,8000.0,15000.0,16666.666666666668,19500.0,17416.666666666668,9018.499505645788,0.9569,84,1,Stable
ST0085,A0002,2023-12,31000,3,2023-12-01,2023,12,4,-2.4492935982947064e-16,1.0,0,1,0,8000.0,16000.0,20000.0,16666.666666666668,16833.333333333332,16833.333333333332,9018.499505645788,0.99,84,1,Stable
ST0085,A0002,2024-01,10000,2,2024-01-01,2024,1,1,0.4999999999999999,0.8660254037844387,1,0,0,31000.0,26000.0,10000.0,21666.666666666668,19000.0,17750.0,12096.8315410827,1.2206,84,1,Stable
ST0085,A0002,2024-02,18000,3,2024-02-01,2024,2,1,0.8660254037844386,0.5000000000000001,1,0,0,10000.0,8000.0,25000.0,16333.333333333334,16500.0,17750.0,12741.00990241093,0.9201,84,1,Stable
ST0085,A0002,2024-03,10000,2,2024-03-01,2024,3,1,1.0,6.123233995736766e-17,1,0,1,18000.0,31000.0,17000.0,19666.666666666668,18166.666666666668,17166.666666666668,10598.742063723095,1.1456,84,1,Stable
ST0085,A0002,2024-04,15000,2,2024-04-01,2024,4,2,0.8660254037844387,-0.4999999999999998,0,0,1,10000.0,10000.0,5000.0,12666.666666666666,17166.666666666668,16583.333333333332,4618.802153517013,0.7638,84,1,Stable
ST0085,A0002,2024-05,17000,3,2024-05-01,2024,5,2,0.4999999999999999,-0.8660254037844387,0,0,2,15000.0,18000.0,24000.0,14333.333333333334,15333.333333333334,17416.666666666668,4041.451884327385,0.8229,84,1,Stable
ST0085,A0002,2024-06,10000,2,2024-06-01,2024,6,2,1.2246467991473532e-16,-1.0,0,0,2,17000.0,10000.0,18000.0,14000.0,16833.333333333332,16833.333333333332,3605.551275463995,0.8316,84,1,Stable
ST0085,A0002,2024-07,15000,3,2024-07-01,2024,7,3,-0.4999999999999997,-0.8660254037844388,0,0,2,10000.0,15000.0,25000.0,14000.0,13333.333333333334,16166.666666666666,3605.551275463995,0.8659,84,1,Stable
ST0085,A0002,2024-08,10000,2,2024-08-01,2024,8,3,-0.8660254037844385,-0.5000000000000004,0,0,3,15000.0,17000.0,8000.0,14000.0,14166.666666666666,15333.333333333334,3605.551275463995,0.913,84,1,Stable
ST0085,A0002,2024-09,10000,2,2024-09-01,2024,9,3,-1.0,-1.8369701987210294e-16,0,0,3,10000.0,10000.0,16000.0,11666.666666666666,12833.333333333334,15500.0,2886.751345948142,0.7526,84,1,Stable
ST0085,A0002,2024-10,20000,2,2024-10-01,2024,10,4,-0.8660254037844386,0.5000000000000001,0,1,3,10000.0,15000.0,26000.0,11666.666666666666,12833.333333333334,15000.0,2886.751345948142,0.7777,84,1,Stable
ST0085,A0002,2024-11,10000,2,2024-11-01,2024,11,4,-0.5000000000000004,0.8660254037844384,0,1,3,20000.0,10000.0,8000.0,13333.333333333334,13666.666666666666,14500.0,5773.502691896262,0.9195,84,1,Stable
ST0085,A0002,2024-12,15000,3,2024-12-01,2024,12,4,-2.4492935982947064e-16,1.0,0,1,0,10000.0,10000.0,31000.0,13333.333333333334,12500.0,14666.666666666666,5773.502691896262,0.909,84,1,Stable
ST0085,A0002,2025-01,10000,2,2025-01-01,2025,1,1,0.4999999999999999,0.8660254037844387,1,0,0,15000.0,20000.0,10000.0,15000.0,13333.333333333334,13333.333333333334,5000.000000000003,1.1249,84,1,Stable
ST0085,A0002,2025-02,15000,3,2025-02-01,2025,2,1,0.8660254037844386,0.5000000000000001,1,0,0,10000.0,10000.0,18000.0,11666.666666666666,12500.0,13333.333333333334,2886.7513459481424,0.8749,84,1,Stable
ST0085,A0002,2025-03,10000,2,2025-03-01,2025,3,1,1.0,6.123233995736766e-17,1,0,1,15000.0,15000.0,10000.0,13333.333333333334,13333.333333333334,13083.333333333334,2886.7513459481384,1.019,84,1,Stable
ST0085,A0002,2025-04,19000,2,2025-04-01,2025,4,2,0.8660254037844387,-0.4999999999999998,0,0,1,10000.0,10000.0,15000.0,11666.666666666666,13333.333333333334,13083.333333333334,2886.7513459481424,0.8917,84,1,Stable
ST0085,A0002,2025-05,10000,2,2025-05-01,2025,5,2,0.4999999999999999,-0.8660254037844387,0,0,2,19000.0,15000.0,17000.0,14666.666666666666,13166.666666666666,13416.666666666666,4509.249752822899,1.0931,84,1,Stable
ST0085,A0002,2025-06,15000,3,2025-06-01,2025,6,2,1.2246467991473532e-16,-1.0,0,0,2,10000.0,10000.0,10000.0,13000.0,13166.666666666666,12833.333333333334,5196.1524227066375,1.0129,84,1,Stable
ST0085,A0002,2025-07,20000,4,2025-07-01,2025,7,3,-0.4999999999999997,-0.8660254037844388,0,0,2,15000.0,19000.0,15000.0,14666.666666666666,13166.666666666666,13250.0,4509.249752822899,1.1068,84,1,Stable
ST0085,A0002,2025-08,15000,3,2025-08-01,2025,8,3,-0.8660254037844385,-0.5000000000000004,0,0,3,20000.0,10000.0,10000.0,15000.0,14833.333333333334,13666.666666666666,5000.000000000003,1.0975,84,1,Stable
ST0085,A0002,2025-09,10000,2,2025-09-01,2025,9,3,-1.0,-1.8369701987210294e-16,0,0,3,15000.0,15000.0,10000.0,16666.666666666668,14833.333333333334,14083.333333333334,2886.7513459481297,1.1833,84,1,Stable
ST0085,A0002,2025-10,15000,3,2025-10-01,2025,10,4,-0.8660254037844386,0.5000000000000001,0,1,3,10000.0,20000.0,20000.0,15000.0,14833.333333333334,14083.333333333334,5000.000000000003,1.065,84,1,Stable
ST0085,A0002,2025-11,15000,3,2025-11-01,2025,11,4,-0.5000000000000004,0.8660254037844384,0,1,3,15000.0,15000.0,10000.0,13333.333333333334,14166.666666666666,13666.666666666666,2886.7513459481384,0.9755,84,1,Stable
ST0085,A0002,2025-12,23000,4,2025-12-01,2025,12,4,-2.4492935982947064e-16,1.0,0,1,0,15000.0,10000.0,15000.0,13333.333333333334,15000.0,14083.333333333334,2886.7513459481384,0.9467,84,1,Stable
ST0092,A0001,2021-01,4000,1,2021-01-01,2021,1,1,0.4999999999999999,0.8660254037844387,1,0,0,4000.0,3000.0,1000.0,4666.666666666667,4666.666666666667,4416.666666666667,2081.6659994661327,1.0564,90,0,Stable
ST0092,A0001,2021-02,4000,1,2021-02-01,2021,2,1,0.8660254037844386,0.5000000000000001,1,0,0,4000.0,7000.0,8000.0,5000.0,4666.666666666667,4666.666666666667,1732.0508075688772,1.0712,90,0,Stable
ST0092,A0001,2021-03,4000,1,2021-03-01,2021,3,1,1.0,6.123233995736766e-17,1,0,1,4000.0,4000.0,4000.0,4000.0,4833.333333333333,4333.333333333333,0.0,0.9229,90,0,Stable
ST0092,A0001,2021-04,5000,2,2021-04-01,2021,4,2,0.8660254037844387,-0.4999999999999998,0,0,1,4000.0,4000.0,4000.0,4000.0,4333.333333333333,4333.333333333333,0.0,0.9229,90,0,Stable
ST0092,A0001,2021-05,8000,2,2021-05-01,2021,5,2,0.4999999999999999,-0.8660254037844387,0,0,2,5000.0,4000.0,4000.0,4333.333333333333,4666.666666666667,4416.666666666667,577.3502691896259,0.9809,90,0,Stable
ST0092,A0001,2021-06,4000,1,2021-06-01,2021,6,2,1.2246467991473532e-16,-1.0,0,0,2,8000.0,4000.0,4000.0,5666.666666666667,4833.333333333333,4750.0,2081.6659994661327,1.1927,90,0,Stable
ST0092,A0001,2021-07,4000,1,2021-07-01,2021,7,3,-0.4999999999999997,-0.8660254037844388,0,0,2,4000.0,5000.0,4000.0,5666.666666666667,4833.333333333333,4750.0,2081.6659994661327,1.1927,90,0,Stable
ST0092,A0001,2021-08,4000,1,2021-08-01,2021,8,3,-0.8660254037844385,-0.5000000000000004,0,0,3,4000.0,8000.0,3000.0,5333.333333333333,4833.333333333333,4750.0,2309.4010767585028,1.1226,90,0,Stable
ST0092,A0001,2021-09,4000,1,2021-09-01,2021,9,3,-1.0,-1.8369701987210294e-16,0,0,3,4000.0,4000.0,7000.0,4000.0,4833.333333333333,4833.333333333333,0.0,0.8274,90,0,Stable
ST0092,A0001,2021-10,7000,2,2021-10-01,2021,10,4,-0.8660254037844386,0.5000000000000001,0,1,3,4000.0,4000.0,3000.0,4000.0,4833.333333333333,4583.333333333333,0.0,0.8725,90,0,Stable
ST0092,A0001,2021-12,6000,2,2021-12-01,2021,12,4,-2.4492935982947064e-16,1.0,0,1,0,7000.0,4000.0,7000.0,5000.0,5166.666666666667,4916.666666666667,1732.0508075688772,1.0167,90,0,Stable
ST0092,A0001,2022-01,6000,2,2022-01-01,2022,1,1,0.4999999999999999,0.8660254037844387,1,0,0,6000.0,4000.0,4000.0,5666.666666666667,4833.333333333333,4833.333333333333,1527.5252316519473,1.1722,90,0,Stable
ST0092,A0001,2022-03,4000,1,2022-03-01,2022,3,1,1.0,6.123233995736766e-17,1,0,1,6000.0,7000.0,4000.0,6333.333333333333,5166.666666666667,5000.0,577.3502691896294,1.2664,90,0,Stable
ST0092,A0001,2022-05,4000,1,2022-05-01,2022,5,2,0.4999999999999999,-0.8660254037844387,0,0,2,4000.0,6000.0,4000.0,5333.333333333333,5166.666666666667,5000.0,1154.7005383792518,1.0665,90,0,Stable
ST0092,A0001,2022-08,5000,1,2022-08-01,2022,8,3,-0.8660254037844385,-0.5000000000000004,0,0,3,4000.0,6000.0,4000.0,4666.666666666667,5166.666666666667,5000.0,1154.7005383792507,0.9331,90,0,Stable
ST0092,A0001,2022-11,5000,1,2022-11-01,2022,11,4,-0.5000000000000004,0.8660254037844384,0,1,3,5000.0,4000.0,5000.0,4333.333333333333,5333.333333333333,5083.333333333333,577.3502691896227,0.8523,90,0,Stable
ST0092,A0001,2022-12,5000,1,2022-12-01,2022,12,4,-2.4492935982947064e-16,1.0,0,1,0,5000.0,4000.0,8000.0,4666.666666666667,5000.0,5083.333333333333,577.3502691896239,0.9179,90,0,Stable
ST0092,A0001,2023-02,5000,1,2023-02-01,2023,2,1,0.8660254037844386,0.5000000000000001,1,0,0,5000.0,5000.0,4000.0,5000.0,4833.333333333333,4833.333333333333,0.0,1.0343,90,0,Stable
ST0092,A0001,2023-09,10000,1,2023-09-01,2023,9,3,-1.0,-1.8369701987210294e-16,0,0,3,5000.0,5000.0,4000.0,5000.0,4666.666666666667,4916.666666666667,0.0,1.0167,90,0,Stable
