Code Station,N° article,mois_periode,quantite_mois,nb_commandes,mois,annee,num_mois,trimestre,mois_sin,mois_cos,est_t1,est_t4,saison_benin,Lag_1,Lag_3,Lag_12,Rolling_3m,Rolling_6m,Rolling_12m,Rolling_Std_3m,ratio_tendance,StationEncoded,ProduitEncoded,Segment_Optimal
ST0001,A0002,2023-10,109000,5,2023-10-01,2023,10,4,-0.8660254037844386,0.5000000000000001,0,1,3,90000.0,88000.0,15000.0,81000.0,75000.0,51666.66666666666,13892.443989449805,1.5677,0,1,Modere
ST0001,A0002,2023-11,86000,6,2023-11-01,2023,11,4,-0.5000000000000004,0.8660254037844384,0,1,3,109000.0,65000.0,22000.0,88000.0,84500.0,59500.0,22068.07649071391,1.479,0,1,Modere
ST0001,A0002,2023-12,85000,5,2023-12-01,2023,12,4,-2.4492935982947064e-16,1.0,0,1,0,86000.0,90000.0,23000.0,95000.0,84166.66666666667,64833.333333333336,12288.205727444503,1.4653,0,1,Modere
ST0001,A0002,2024-01,85000,7,2024-01-01,2024,1,1,0.4999999999999999,0.8660254037844387,1,0,0,85000.0,109000.0,44000.0,93333.33333333331,87166.66666666667,70000.0,13576.941236277533,1.3333,0,1,Modere
ST0001,A0002,2024-02,49000,5,2024-02-01,2024,2,1,0.8660254037844386,0.5000000000000001,1,0,0,85000.0,86000.0,30000.0,85333.33333333333,86666.66666666667,73416.66666666667,577.3502691894956,1.1623,0,1,Modere
ST0001,A0002,2024-03,15000,1,2024-03-01,2024,3,1,1.0,6.123233995736766e-17,1,0,1,49000.0,85000.0,36000.0,73000.0,84000.0,75000.0,20784.609690826524,0.9733,0,1,Modere
ST0001,A0002,2024-04,45000,2,2024-04-01,2024,4,2,0.8660254037844387,-0.4999999999999998,0,0,1,15000.0,85000.0,52000.0,49666.66666666666,71500.0,73250.0,35004.76158086687,0.678,0,1,Modere
ST0001,A0002,2024-05,15000,1,2024-05-01,2024,5,2,0.4999999999999999,-0.8660254037844387,0,0,2,45000.0,49000.0,88000.0,36333.333333333336,60833.333333333336,72666.66666666667,18583.14648635514,0.5,0,1,Modere
ST0001,A0002,2024-07,54000,4,2024-07-01,2024,7,3,-0.4999999999999997,-0.8660254037844388,0,0,2,15000.0,15000.0,67000.0,25000.0,49000.0,66583.33333333333,17320.508075688776,0.3755,0,1,Modere
ST0001,A0002,2024-08,15000,2,2024-08-01,2024,8,3,-0.8660254037844385,-0.5000000000000004,0,0,3,54000.0,45000.0,88000.0,38000.0,43833.333333333336,65500.0,20420.57785666213,0.5801,0,1,Modere
ST0001,A0002,2024-09,50000,7,2024-09-01,2024,9,3,-1.0,-1.8369701987210294e-16,0,0,3,15000.0,15000.0,65000.0,28000.0,32166.666666666668,59416.66666666666,22516.66049839541,0.4712,0,1,Modere
ST0001,A0002,2024-10,40000,4,2024-10-01,2024,10,4,-0.8660254037844386,0.5000000000000001,0,1,3,50000.0,54000.0,90000.0,39666.66666666666,32333.33333333333,58166.66666666666,21455.380055672125,0.6819,0,1,Modere
ST0001,A0002,2024-11,13000,2,2024-11-01,2024,11,4,-0.5000000000000004,0.8660254037844384,0,1,3,40000.0,15000.0,109000.0,35000.0,36500.0,54000.0,18027.756377319944,0.6481,0,1,Modere
ST0001,A0002,2024-12,41000,4,2024-12-01,2024,12,4,-2.4492935982947064e-16,1.0,0,1,0,13000.0,50000.0,86000.0,34333.333333333336,31166.666666666668,46000.0,19139.83629327413,0.7464,0,1,Modere
ST0001,A0002,2025-01,61000,4,2025-01-01,2025,1,1,0.4999999999999999,0.8660254037844387,1,0,0,41000.0,40000.0,85000.0,31333.33333333333,35500.0,42250.0,15885.003409925148,0.7416,0,1,Modere
ST0001,A0002,2025-02,35000,3,2025-02-01,2025,2,1,0.8660254037844386,0.5000000000000001,1,0,0,61000.0,13000.0,85000.0,38333.333333333336,36666.66666666666,40250.0,24110.85509336683,0.9524,0,1,Modere
ST0001,A0002,2025-03,40000,4,2025-03-01,2025,3,1,1.0,6.123233995736766e-17,1,0,1,35000.0,41000.0,49000.0,45666.66666666666,40000.0,36083.333333333336,13613.71857110807,1.2656,0,1,Modere
ST0001,A0002,2025-04,35000,4,2025-04-01,2025,4,2,0.8660254037844387,-0.4999999999999998,0,0,1,40000.0,61000.0,15000.0,45333.333333333336,38333.333333333336,35333.333333333336,13796.134724383232,1.283,0,1,Modere
ST0001,A0002,2025-05,65000,7,2025-05-01,2025,5,2,0.4999999999999999,-0.8660254037844387,0,0,2,35000.0,35000.0,45000.0,36666.66666666666,37500.0,37000.0,2886.7513459481165,0.991,0,1,Modere
ST0001,A0002,2025-06,43000,4,2025-06-01,2025,6,2,1.2246467991473532e-16,-1.0,0,0,2,65000.0,40000.0,15000.0,46666.66666666666,46166.66666666666,38666.66666666666,16072.751268321572,1.2069,0,1,Modere
ST0001,A0002,2025-07,35000,6,2025-07-01,2025,7,3,-0.4999999999999997,-0.8660254037844388,0,0,2,43000.0,35000.0,54000.0,47666.66666666666,46500.0,41000.0,15534.906930308036,1.1626,0,1,Modere
ST0001,A0002,2025-08,67000,7,2025-08-01,2025,8,3,-0.8660254037844385,-0.5000000000000004,0,0,3,35000.0,65000.0,15000.0,47666.66666666666,42166.66666666666,39416.66666666666,15534.906930308036,1.2093,0,1,Modere
ST0001,A0002,2025-09,40000,4,2025-09-01,2025,9,3,-1.0,-1.8369701987210294e-16,0,0,3,67000.0,43000.0,50000.0,48333.333333333336,47500.0,43750.0,16653.327995729043,1.1047,0,1,Modere
ST0001,A0002,2025-10,59000,5,2025-10-01,2025,10,4,-0.8660254037844386,0.5000000000000001,0,1,3,40000.0,35000.0,40000.0,47333.333333333336,47500.0,42916.66666666666,17214.335111567125,1.1029,0,1,Modere
ST0001,A0002,2025-11,20000,2,2025-11-01,2025,11,4,-0.5000000000000004,0.8660254037844384,0,1,3,59000.0,67000.0,13000.0,55333.333333333336,51500.0,44500.0,13868.429375143109,1.2434,0,1,Modere
ST0001,A0002,2025-12,56000,7,2025-12-01,2025,12,4,-2.4492935982947064e-16,1.0,0,1,0,20000.0,40000.0,41000.0,39666.66666666666,44000.0,45083.333333333336,19502.136635080093,0.8798,0,1,Modere
ST0003,A0001,2021-03,21000,3,2021-03-01,2021,3,1,1.0,6.123233995736766e-17,1,0,1,22000.0,89000.0,35000.0,42666.66666666666,55500.0,61500.0,40203.648258999245,0.6938,2,0,Modere
ST0003,A0001,2021-04,32000,5,2021-04-01,2021,4,2,0.8660254037844387,-0.4999999999999998,0,0,1,21000.0,17000.0,45000.0,20000.0,46500.0,60333.333333333336,2645.7513110645896,0.3315,2,0,Modere
ST0003,A0001,2021-05,35000,5,2021-05-01,2021,5,2,0.4999999999999999,-0.8660254037844387,0,0,2,32000.0,22000.0,71000.0,25000.0,39833.333333333336,59250.0,6082.762530298213,0.4219,2,0,Modere
ST0003,A0001,2021-06,26000,4,2021-06-01,2021,6,2,1.2246467991473532e-16,-1.0,0,0,2,35000.0,21000.0,56000.0,29333.33333333333,36000.0,56250.0,7371.114795831984,0.5215,2,0,Modere
ST0003,A0001,2021-07,42000,6,2021-07-01,2021,7,3,-0.4999999999999997,-0.8660254037844388,0,0,2,26000.0,32000.0,118000.0,31000.0,25500.0,53750.0,4582.575694955821,0.5767,2,0,Modere
ST0003,A0001,2021-08,32000,5,2021-08-01,2021,8,3,-0.8660254037844385,-0.5000000000000004,0,0,3,42000.0,35000.0,80000.0,34333.333333333336,29666.666666666668,47416.66666666666,8020.80627701063,0.7241,2,0,Modere
ST0003,A0001,2021-09,28000,4,2021-09-01,2021,9,3,-1.0,-1.8369701987210294e-16,0,0,3,32000.0,26000.0,75000.0,33333.333333333336,31333.33333333333,43416.66666666666,8082.903768654748,0.7677,2,0,Modere
ST0003,A0001,2021-10,20000,3,2021-10-01,2021,10,4,-0.8660254037844386,0.5000000000000001,0,1,3,28000.0,42000.0,72000.0,34000.0,32500.0,39500.0,7211.102550927963,0.8607,2,0,Modere
ST0003,A0001,2021-11,46000,5,2021-11-01,2021,11,4,-0.5000000000000004,0.8660254037844384,0,1,3,20000.0,32000.0,58000.0,26666.666666666668,30500.0,35166.666666666664,6110.100926607769,0.7583,2,0,Modere
ST0003,A0001,2021-12,46000,5,2021-12-01,2021,12,4,-2.4492935982947064e-16,1.0,0,1,0,46000.0,28000.0,89000.0,31333.33333333333,32333.33333333333,34166.666666666664,13316.65623695878,0.917,2,0,Modere
ST0003,A0001,2022-01,24000,3,2022-01-01,2022,1,1,0.4999999999999999,0.8660254037844387,1,0,0,46000.0,20000.0,17000.0,37333.333333333336,35666.666666666664,30583.33333333333,15011.10699893026,1.2207,2,0,Modere
ST0003,A0001,2022-02,60000,6,2022-02-01,2022,2,1,0.8660254037844386,0.5000000000000001,1,0,0,24000.0,46000.0,22000.0,38666.66666666666,32666.666666666668,31166.666666666668,12701.705922171755,1.2406,2,0,Modere
ST0003,A0001,2022-03,40000,4,2022-03-01,2022,3,1,1.0,6.123233995736766e-17,1,0,1,60000.0,46000.0,21000.0,43333.333333333336,37333.333333333336,34333.333333333336,18147.54345175493,1.2621,2,0,Modere
ST0003,A0001,2022-04,28000,4,2022-04-01,2022,4,2,0.8660254037844387,-0.4999999999999998,0,0,1,40000.0,24000.0,32000.0,41333.333333333336,39333.333333333336,35916.666666666664,18036.99901129157,1.1508,2,0,Modere
ST0003,A0001,2022-05,28000,5,2022-05-01,2022,5,2,0.4999999999999999,-0.8660254037844387,0,0,2,28000.0,60000.0,35000.0,42666.66666666666,40666.66666666666,35583.333333333336,16165.807537309507,1.199,2,0,Modere
ST0003,A0001,2022-06,21000,4,2022-06-01,2022,6,2,1.2246467991473532e-16,-1.0,0,0,2,28000.0,40000.0,26000.0,32000.0,37666.66666666666,35000.0,6928.203230275479,0.9143,2,0,Modere
ST0003,A0001,2022-07,32000,5,2022-07-01,2022,7,3,-0.4999999999999997,-0.8660254037844388,0,0,2,21000.0,28000.0,42000.0,25666.666666666668,33500.0,34583.333333333336,4041.4518843273295,0.7421,2,0,Modere
ST0003,A0001,2022-08,35000,4,2022-08-01,2022,8,3,-0.8660254037844385,-0.5000000000000004,0,0,3,32000.0,28000.0,32000.0,27000.0,34833.333333333336,33750.0,5567.764362829985,0.8,2,0,Modere
ST0003,A0001,2022-09,21000,3,2022-09-01,2022,9,3,-1.0,-1.8369701987210294e-16,0,0,3,35000.0,21000.0,28000.0,29333.33333333333,30666.666666666668,34000.0,7371.114795831966,0.8627,2,0,Modere
ST0003,A0001,2022-10,28000,3,2022-10-01,2022,10,4,-0.8660254037844386,0.5000000000000001,0,1,3,21000.0,32000.0,20000.0,29333.33333333333,27500.0,33416.666666666664,7371.114795831966,0.8778,2,0,Modere
ST0003,A0001,2022-11,7000,1,2022-11-01,2022,11,4,-0.5000000000000004,0.8660254037844384,0,1,3,28000.0,35000.0,46000.0,28000.0,27500.0,34083.333333333336,6999.999999999971,0.8215,2,0,Modere
ST0003,A0001,2022-12,20000,2,2022-12-01,2022,12,4,-2.4492935982947064e-16,1.0,0,1,0,7000.0,21000.0,46000.0,18666.666666666668,24000.0,30833.33333333333,10692.676621563607,0.6054,2,0,Modere
ST0003,A0001,2023-01,19000,3,2023-01-01,2023,1,1,0.4999999999999999,0.8660254037844387,1,0,0,20000.0,28000.0,24000.0,18333.33333333333,23833.33333333333,28666.666666666668,10598.742063723075,0.6395,2,0,Modere
ST0003,A0001,2023-02,17000,4,2023-02-01,2023,2,1,0.8660254037844386,0.5000000000000001,1,0,0,19000.0,7000.0,60000.0,15333.333333333334,21666.666666666668,28250.0,7234.178138070206,0.5428,2,0,Modere
ST0003,A0001,2023-03,22000,2,2023-03-01,2023,3,1,1.0,6.123233995736766e-17,1,0,1,17000.0,20000.0,40000.0,18666.666666666668,18666.666666666668,24666.666666666668,1527.5252316518106,0.7567,2,0,Modere
ST0003,A0001,2023-04,13000,2,2023-04-01,2023,4,2,0.8660254037844387,-0.4999999999999998,0,0,1,22000.0,19000.0,28000.0,19333.33333333333,18833.33333333333,23166.666666666668,2516.611478423501,0.8345,2,0,Modere
ST0003,A0001,2023-05,19000,2,2023-05-01,2023,5,2,0.4999999999999999,-0.8660254037844387,0,0,2,13000.0,17000.0,28000.0,17333.333333333332,16333.333333333334,21916.666666666668,4509.249752822849,0.7908,2,0,Modere
ST0003,A0001,2023-06,79000,6,2023-06-01,2023,6,2,1.2246467991473532e-16,-1.0,0,0,2,19000.0,22000.0,21000.0,18000.0,18333.33333333333,21166.666666666668,4582.5756949557945,0.8504,2,0,Modere
ST0003,A0001,2023-07,92000,6,2023-07-01,2023,7,3,-0.4999999999999997,-0.8660254037844388,0,0,2,79000.0,13000.0,32000.0,37000.0,28166.666666666668,26000.0,36496.57518178931,1.423,2,0,Modere
ST0003,A0001,2023-08,63000,4,2023-08-01,2023,8,3,-0.8660254037844385,-0.5000000000000004,0,0,3,92000.0,19000.0,35000.0,63333.333333333336,40333.333333333336,31000.0,38940.12497839899,2.0429,2,0,Modere
ST0003,A0001,2023-09,62000,5,2023-09-01,2023,9,3,-1.0,-1.8369701987210294e-16,0,0,3,63000.0,79000.0,21000.0,78000.0,48000.0,33333.333333333336,14525.839046333926,2.3399,2,0,Modere
ST0003,A0001,2023-10,79000,5,2023-10-01,2023,10,4,-0.8660254037844386,0.5000000000000001,0,1,3,62000.0,92000.0,28000.0,72333.33333333333,54666.66666666666,36750.0,17039.17055884272,1.9682,2,0,Modere
ST0003,A0001,2023-11,69000,5,2023-11-01,2023,11,4,-0.5000000000000004,0.8660254037844384,0,1,3,79000.0,63000.0,7000.0,68000.0,65666.66666666667,41000.0,9539.392014169413,1.6585,2,0,Modere
ST0003,A0001,2023-12,51000,3,2023-12-01,2023,12,4,-2.4492935982947064e-16,1.0,0,1,0,69000.0,62000.0,20000.0,70000.0,74000.0,46166.66666666666,8544.003745317481,1.5162,2,0,Modere
ST0003,A0001,2024-01,30000,2,2024-01-01,2024,1,1,0.4999999999999999,0.8660254037844387,1,0,0,51000.0,79000.0,19000.0,66333.33333333333,69333.33333333333,48750.0,14189.197769195143,1.3607,2,0,Modere
ST0003,A0001,2024-02,30000,2,2024-02-01,2024,2,1,0.8660254037844386,0.5000000000000001,1,0,0,30000.0,69000.0,17000.0,50000.0,59000.0,49666.66666666666,19519.221295943105,1.0067,2,0,Modere
ST0003,A0001,2024-03,15000,1,2024-03-01,2024,3,1,1.0,6.123233995736766e-17,1,0,1,30000.0,51000.0,22000.0,37000.0,53500.0,50750.0,12124.355652982078,0.729,2,0,Modere
ST0003,A0001,2024-04,33000,2,2024-04-01,2024,4,2,0.8660254037844387,-0.4999999999999998,0,0,1,15000.0,30000.0,13000.0,25000.0,45666.66666666666,50166.66666666666,8660.254037844285,0.4983,2,0,Modere
ST0003,A0001,2024-05,22000,1,2024-05-01,2024,5,2,0.4999999999999999,-0.8660254037844387,0,0,2,33000.0,30000.0,19000.0,26000.0,38000.0,51833.333333333336,9643.650760992865,0.5016,2,0,Modere
ST0003,A0001,2024-06,16000,1,2024-06-01,2024,6,2,1.2246467991473532e-16,-1.0,0,0,2,22000.0,15000.0,79000.0,23333.33333333333,30166.666666666668,52083.333333333336,9073.771725877366,0.448,2,0,Modere
ST0003,A0001,2024-08,32000,3,2024-08-01,2024,8,3,-0.8660254037844385,-0.5000000000000004,0,0,3,16000.0,33000.0,92000.0,23666.666666666668,24333.33333333333,46833.333333333336,8621.678104251603,0.5053,2,0,Modere
ST0003,A0001,2024-09,37000,3,2024-09-01,2024,9,3,-1.0,-1.8369701987210294e-16,0,0,3,32000.0,22000.0,63000.0,23333.33333333333,24666.666666666668,41833.333333333336,8082.903768654648,0.5578,2,0,Modere
ST0003,A0001,2024-10,45000,5,2024-10-01,2024,10,4,-0.8660254037844386,0.5000000000000001,0,1,3,37000.0,16000.0,62000.0,28333.33333333333,25833.33333333333,39666.66666666666,10969.655114602812,0.7143,2,0,Modere
ST0003,A0001,2024-11,46000,3,2024-11-01,2024,11,4,-0.5000000000000004,0.8660254037844384,0,1,3,45000.0,32000.0,79000.0,38000.0,30833.33333333333,38250.0,6557.438524301891,0.9934,2,0,Modere
ST0003,A0001,2024-12,30000,5,2024-12-01,2024,12,4,-2.4492935982947064e-16,1.0,0,1,0,46000.0,37000.0,69000.0,42666.66666666666,33000.0,35500.0,4932.882862316115,1.2018,2,0,Modere
ST0003,A0001,2025-01,30000,3,2025-01-01,2025,1,1,0.4999999999999999,0.8660254037844387,1,0,0,30000.0,45000.0,51000.0,40333.333333333336,34333.333333333336,32250.0,8962.886439832424,1.2506,2,0,Modere
ST0003,A0001,2025-02,43000,3,2025-02-01,2025,2,1,0.8660254037844386,0.5000000000000001,1,0,0,30000.0,46000.0,30000.0,35333.333333333336,36666.66666666666,30500.0,9237.604307033927,1.1584,2,0,Modere
ST0003,A0001,2025-03,3000,1,2025-03-01,2025,3,1,1.0,6.123233995736766e-17,1,0,1,43000.0,30000.0,30000.0,34333.333333333336,38500.0,31583.33333333333,7505.55349946503,1.087,2,0,Modere
ST0003,A0001,2025-05,15000,2,2025-05-01,2025,5,2,0.4999999999999999,-0.8660254037844387,0,0,2,3000.0,30000.0,15000.0,25333.33333333333,32833.333333333336,29333.33333333333,20404.24792373714,0.8636,2,0,Modere
ST0003,A0001,2025-06,15000,1,2025-06-01,2025,6,2,1.2246467991473532e-16,-1.0,0,0,2,15000.0,43000.0,33000.0,20333.33333333333,27833.33333333333,29333.33333333333,20526.40575778749,0.6932,2,0,Modere
ST0003,A0001,2025-07,15000,1,2025-07-01,2025,7,3,-0.4999999999999997,-0.8660254037844388,0,0,2,15000.0,3000.0,22000.0,11000.0,22666.666666666668,27833.33333333333,6928.203230275338,0.3952,2,0,Modere
ST0003,A0001,2025-08,16000,2,2025-08-01,2025,8,3,-0.8660254037844385,-0.5000000000000004,0,0,3,15000.0,15000.0,16000.0,15000.0,20166.666666666668,27250.0,0.0,0.5504,2,0,Modere
ST0003,A0001,2025-09,31000,3,2025-09-01,2025,9,3,-1.0,-1.8369701987210294e-16,0,0,3,16000.0,15000.0,32000.0,15333.333333333334,17833.333333333332,27250.0,577.3502691877135,0.5627,2,0,Modere
ST0003,A0001,2025-10,33000,6,2025-10-01,2025,10,4,-0.8660254037844386,0.5000000000000001,0,1,3,31000.0,15000.0,37000.0,20666.666666666668,15833.333333333334,27166.666666666668,8962.88643983239,0.7607,2,0,Modere
ST0003,A0001,2025-11,15000,2,2025-11-01,2025,11,4,-0.5000000000000004,0.8660254037844384,0,1,3,33000.0,16000.0,45000.0,26666.666666666668,20833.33333333333,26833.33333333333,9291.573243177476,0.9938,2,0,Modere
ST0003,A0001,2025-12,72000,7,2025-12-01,2025,12,4,-2.4492935982947064e-16,1.0,0,1,0,15000.0,31000.0,46000.0,26333.33333333333,20833.33333333333,24333.33333333333,9865.765724632403,1.0821,2,0,Modere
ST0003,A0002,2021-04,13000,3,2021-04-01,2021,4,2,0.8660254037844387,-0.4999999999999998,0,0,1,15000.0,10000.0,11000.0,11666.666666666666,17500.0,18000.0,2886.7513459481265,0.6481,2,1,Modere
ST0003,A0002,2021-05,12000,3,2021-05-01,2021,5,2,0.4999999999999999,-0.8660254037844387,0,0,2,13000.0,10000.0,20000.0,12666.666666666666,15500.0,18166.666666666668,2516.6114784235806,0.6972,2,1,Modere
ST0003,A0002,2021-06,14000,3,2021-06-01,2021,6,2,1.2246467991473532e-16,-1.0,0,0,2,12000.0,15000.0,20000.0,13333.333333333334,14166.666666666666,17500.0,1527.5252316519432,0.7619,2,1,Modere
ST0003,A0002,2021-07,15000,5,2021-07-01,2021,7,3,-0.4999999999999997,-0.8660254037844388,0,0,2,14000.0,13000.0,20000.0,13000.0,12333.333333333334,17000.0,999.9999999999952,0.7647,2,1,Modere
ST0003,A0002,2021-08,17000,5,2021-08-01,2021,8,3,-0.8660254037844385,-0.5000000000000004,0,0,3,15000.0,12000.0,20000.0,13666.666666666666,13166.666666666666,16583.333333333332,1527.5252316519436,0.8241,2,1,Modere
ST0003,A0002,2021-09,12000,4,2021-09-01,2021,9,3,-1.0,-1.8369701987210294e-16,0,0,3,17000.0,14000.0,20000.0,15333.333333333334,14333.333333333334,16333.333333333334,1527.5252316519436,0.9387,2,1,Modere
ST0003,A0002,2021-10,9000,3,2021-10-01,2021,10,4,-0.8660254037844386,0.5000000000000001,0,1,3,12000.0,15000.0,25000.0,14666.666666666666,13833.333333333334,15666.666666666666,2516.611478423581,0.9361,2,1,Modere
ST0003,A0002,2021-11,15000,4,2021-11-01,2021,11,4,-0.5000000000000004,0.8660254037844384,0,1,3,9000.0,17000.0,20000.0,12666.666666666666,13166.666666666666,14333.333333333334,4041.4518843273786,0.8837,2,1,Modere
ST0003,A0002,2021-12,21000,5,2021-12-01,2021,12,4,-2.4492935982947064e-16,1.0,0,1,0,15000.0,12000.0,25000.0,12000.0,13666.666666666666,13916.666666666666,2999.9999999999977,0.8622,2,1,Modere
ST0003,A0002,2022-01,11000,3,2022-01-01,2022,1,1,0.4999999999999999,0.8660254037844387,1,0,0,21000.0,9000.0,10000.0,15000.0,14833.333333333334,13583.333333333334,5999.999999999999,1.1042,2,1,Modere
ST0003,A0002,2022-02,16000,4,2022-02-01,2022,2,1,0.8660254037844386,0.5000000000000001,1,0,0,11000.0,15000.0,10000.0,15666.666666666666,14166.666666666666,13666.666666666666,5033.222956847165,1.1463,2,1,Modere
ST0003,A0002,2022-03,6000,3,2022-03-01,2022,3,1,1.0,6.123233995736766e-17,1,0,1,16000.0,21000.0,15000.0,16000.0,14000.0,14166.666666666666,4999.999999999998,1.1293,2,1,Modere
ST0003,A0002,2022-04,18000,2,2022-04-01,2022,4,2,0.8660254037844387,-0.4999999999999998,0,0,1,6000.0,11000.0,13000.0,11000.0,13000.0,13416.666666666666,4999.999999999998,0.8198,2,1,Modere
ST0003,A0002,2022-05,44000,4,2022-05-01,2022,5,2,0.4999999999999999,-0.8660254037844387,0,0,2,18000.0,16000.0,12000.0,13333.333333333334,14500.0,13833.333333333334,6429.100507328635,0.9638,2,1,Modere
ST0003,A0002,2022-06,38000,4,2022-06-01,2022,6,2,1.2246467991473532e-16,-1.0,0,0,2,44000.0,6000.0,14000.0,22666.666666666668,19333.33333333333,16500.0,19425.069712444623,1.3737,2,1,Modere
ST0003,A0002,2022-07,24000,6,2022-07-01,2022,7,3,-0.4999999999999997,-0.8660254037844388,0,0,2,38000.0,18000.0,15000.0,33333.333333333336,22166.666666666668,18500.0,13613.718571108097,1.8017,2,1,Modere
ST0003,A0002,2022-08,17000,4,2022-08-01,2022,8,3,-0.8660254037844385,-0.5000000000000004,0,0,3,24000.0,44000.0,17000.0,35333.333333333336,24333.33333333333,19250.0,10263.202878893777,1.8354,2,1,Modere
ST0003,A0002,2022-09,33000,5,2022-09-01,2022,9,3,-1.0,-1.8369701987210294e-16,0,0,3,17000.0,38000.0,12000.0,26333.33333333333,24500.0,19250.0,10692.676621563627,1.3679,2,1,Modere
ST0003,A0002,2022-10,12000,2,2022-10-01,2022,10,4,-0.8660254037844386,0.5000000000000001,0,1,3,33000.0,24000.0,9000.0,24666.666666666668,29000.0,21000.0,8020.806277010643,1.1745,2,1,Modere
ST0003,A0002,2022-11,20000,4,2022-11-01,2022,11,4,-0.5000000000000004,0.8660254037844384,0,1,3,12000.0,17000.0,15000.0,20666.666666666668,28000.0,21250.0,10969.655114602883,0.9725,2,1,Modere
ST0003,A0002,2022-12,15000,2,2022-12-01,2022,12,4,-2.4492935982947064e-16,1.0,0,1,0,20000.0,33000.0,21000.0,21666.666666666668,24000.0,21666.666666666668,10598.742063723092,1.0,2,1,Modere
ST0003,A0002,2023-01,11000,2,2023-01-01,2023,1,1,0.4999999999999999,0.8660254037844387,1,0,0,15000.0,12000.0,11000.0,15666.666666666666,20166.666666666668,21166.666666666668,4041.451884327359,0.7401,2,1,Modere
ST0003,A0002,2023-02,15000,3,2023-02-01,2023,2,1,0.8660254037844386,0.5000000000000001,1,0,0,11000.0,20000.0,16000.0,15333.333333333334,18000.0,21166.666666666668,4509.249752822875,0.7244,2,1,Modere
ST0003,A0002,2023-03,23000,3,2023-03-01,2023,3,1,1.0,6.123233995736766e-17,1,0,1,15000.0,15000.0,6000.0,13666.666666666666,17666.666666666668,21083.33333333333,2309.40107675846,0.6482,2,1,Modere
ST0003,A0002,2023-04,11000,2,2023-04-01,2023,4,2,0.8660254037844387,-0.4999999999999998,0,0,1,23000.0,11000.0,18000.0,16333.333333333334,16000.0,22500.0,6110.1009266077735,0.7259,2,1,Modere
ST0003,A0002,2023-05,23000,3,2023-05-01,2023,5,2,0.4999999999999999,-0.8660254037844387,0,0,2,11000.0,15000.0,44000.0,16333.333333333334,15833.333333333334,21916.666666666668,6110.1009266077735,0.7452,2,1,Modere
ST0003,A0002,2023-06,20000,2,2023-06-01,2023,6,2,1.2246467991473532e-16,-1.0,0,0,2,23000.0,23000.0,38000.0,19000.0,16333.333333333334,20166.666666666668,6928.203230275501,0.9421,2,1,Modere
ST0003,A0002,2023-07,45000,4,2023-07-01,2023,7,3,-0.4999999999999997,-0.8660254037844388,0,0,2,20000.0,11000.0,24000.0,18000.0,17166.666666666668,18666.666666666668,6244.997998398388,0.9642,2,1,Modere
ST0003,A0002,2023-08,55000,5,2023-08-01,2023,8,3,-0.8660254037844385,-0.5000000000000004,0,0,3,45000.0,23000.0,17000.0,29333.33333333333,22833.33333333333,20416.666666666668,13650.396819628848,1.4367,2,1,Modere
ST0003,A0002,2023-10,30000,2,2023-10-01,2023,10,4,-0.8660254037844386,0.5000000000000001,0,1,3,55000.0,20000.0,33000.0,40000.0,29500.0,23583.33333333333,18027.756377319954,1.696,2,1,Modere
ST0003,A0002,2023-11,13000,1,2023-11-01,2023,11,4,-0.5000000000000004,0.8660254037844384,0,1,3,30000.0,45000.0,12000.0,43333.333333333336,30666.666666666668,23333.33333333333,12583.057392117928,1.8571,2,1,Modere
ST0003,A0002,2023-12,19000,2,2023-12-01,2023,12,4,-2.4492935982947064e-16,1.0,0,1,0,13000.0,55000.0,20000.0,32666.666666666668,31000.0,23416.666666666668,21126.602503321097,1.395,2,1,Modere
ST0003,A0002,2024-01,37000,3,2024-01-01,2024,1,1,0.4999999999999999,0.8660254037844387,1,0,0,19000.0,30000.0,15000.0,20666.666666666668,30333.33333333333,23333.33333333333,8621.678104251687,0.8857,2,1,Modere
ST0003,A0002,2024-03,17000,3,2024-03-01,2024,3,1,1.0,6.123233995736766e-17,1,0,1,37000.0,13000.0,11000.0,23000.0,33166.666666666664,25166.666666666668,12489.995996796784,0.9139,2,1,Modere
ST0003,A0002,2024-04,33000,2,2024-04-01,2024,4,2,0.8660254037844387,-0.4999999999999998,0,0,1,17000.0,19000.0,15000.0,24333.33333333333,28500.0,25666.666666666668,11015.141094572193,0.948,2,1,Modere
ST0003,A0002,2024-05,45000,4,2024-05-01,2024,5,2,0.4999999999999999,-0.8660254037844387,0,0,2,33000.0,37000.0,23000.0,29000.0,24833.33333333333,27166.666666666668,10583.005244258356,1.0674,2,1,Modere
ST0003,A0002,2024-06,15000,1,2024-06-01,2024,6,2,1.2246467991473532e-16,-1.0,0,0,2,45000.0,17000.0,11000.0,31666.666666666668,27333.33333333333,29000.0,14047.538337136984,1.0919,2,1,Modere
ST0003,A0002,2024-07,62000,6,2024-07-01,2024,7,3,-0.4999999999999997,-0.8660254037844388,0,0,2,15000.0,33000.0,23000.0,31000.0,27666.666666666668,29333.33333333333,15099.668870541496,1.0568,2,1,Modere
ST0003,A0002,2024-08,15000,1,2024-08-01,2024,8,3,-0.8660254037844385,-0.5000000000000004,0,0,3,62000.0,45000.0,20000.0,40666.66666666666,34833.333333333336,32583.33333333333,23797.75899813538,1.248,2,1,Modere
ST0003,A0002,2024-09,30000,3,2024-09-01,2024,9,3,-1.0,-1.8369701987210294e-16,0,0,3,15000.0,15000.0,45000.0,30666.666666666668,31166.666666666668,32166.666666666668,27135.46265191241,0.9533,2,1,Modere
ST0003,A0002,2024-10,15000,1,2024-10-01,2024,10,4,-0.8660254037844386,0.5000000000000001,0,1,3,30000.0,62000.0,55000.0,35666.666666666664,33333.333333333336,30916.666666666668,24006.94344004112,1.1536,2,1,Modere
ST0003,A0002,2024-12,30000,2,2024-12-01,2024,12,4,-2.4492935982947064e-16,1.0,0,1,0,15000.0,15000.0,30000.0,20000.0,30333.33333333333,27583.33333333333,8660.254037844361,0.725,2,1,Modere
ST0003,A0002,2025-01,15000,1,2025-01-01,2025,1,1,0.4999999999999999,0.8660254037844387,1,0,0,30000.0,30000.0,13000.0,25000.0,27833.33333333333,27583.33333333333,8660.25403784437,0.9063,2,1,Modere
ST0003,A0002,2025-03,20000,2,2025-03-01,2025,3,1,1.0,6.123233995736766e-17,1,0,1,15000.0,15000.0,19000.0,20000.0,27833.33333333333,27750.0,8660.254037844361,0.7207,2,1,Modere
ST0003,A0002,2025-04,52000,4,2025-04-01,2025,4,2,0.8660254037844387,-0.4999999999999998,0,0,1,20000.0,30000.0,37000.0,21666.666666666668,20833.33333333333,27833.33333333333,7637.626158259708,0.7784,2,1,Modere
ST0003,A0002,2025-05,39000,3,2025-05-01,2025,5,2,0.4999999999999999,-0.8660254037844387,0,0,2,52000.0,15000.0,17000.0,29000.0,27000.0,29083.33333333333,20074.859899884726,0.9971,2,1,Modere
ST0003,A0002,2025-06,20000,2,2025-06-01,2025,6,2,1.2246467991473532e-16,-1.0,0,0,2,39000.0,20000.0,33000.0,37000.0,28500.0,30916.666666666668,16093.47693943108,1.1967,2,1,Modere
ST0003,A0002,2025-07,35000,4,2025-07-01,2025,7,3,-0.4999999999999997,-0.8660254037844388,0,0,2,20000.0,52000.0,45000.0,37000.0,29333.33333333333,29833.33333333333,16093.47693943108,1.2402,2,1,Modere
ST0003,A0002,2025-08,33000,3,2025-08-01,2025,8,3,-0.8660254037844385,-0.5000000000000004,0,0,3,35000.0,39000.0,15000.0,31333.33333333333,30166.666666666668,29000.0,10016.652800877806,1.0804,2,1,Modere
ST0003,A0002,2025-09,32000,3,2025-09-01,2025,9,3,-1.0,-1.8369701987210294e-16,0,0,3,33000.0,20000.0,62000.0,29333.33333333333,33166.666666666664,30500.0,8144.5278152470655,0.9617,2,1,Modere
ST0003,A0002,2025-10,20000,2,2025-10-01,2025,10,4,-0.8660254037844386,0.5000000000000001,0,1,3,32000.0,35000.0,15000.0,33333.333333333336,35166.666666666664,28000.0,1527.5252316519152,1.1904,2,1,Modere
ST0003,A0002,2025-11,41000,6,2025-11-01,2025,11,4,-0.5000000000000004,0.8660254037844384,0,1,3,20000.0,33000.0,30000.0,28333.33333333333,29833.33333333333,28416.666666666668,7234.178138070216,0.997,2,1,Modere
ST0004,A0002,2023-09,16000,2,2023-09-01,2023,9,3,-1.0,-1.8369701987210294e-16,0,0,3,16000.0,21000.0,5000.0,20333.33333333333,20166.666666666668,19416.666666666668,4041.451884327377,1.0472,3,1,Modere
ST0004,A0002,2023-10,24000,3,2023-10-01,2023,10,4,-0.8660254037844386,0.5000000000000001,0,1,3,16000.0,24000.0,15000.0,18666.666666666668,19500.0,20333.33333333333,4618.802153517003,0.918,3,1,Modere
ST0004,A0002,2023-11,24000,3,2023-11-01,2023,11,4,-0.5000000000000004,0.8660254037844384,0,1,3,24000.0,16000.0,27000.0,18666.666666666668,19166.666666666668,21083.33333333333,4618.802153517003,0.8853,3,1,Modere
ST0004,A0002,2023-12,24000,3,2023-12-01,2023,12,4,-2.4492935982947064e-16,1.0,0,1,0,24000.0,16000.0,20000.0,21333.33333333333,20833.33333333333,20833.33333333333,4618.802153517003,1.024,3,1,Modere
ST0004,A0002,2024-01,24000,3,2024-01-01,2024,1,1,0.4999999999999999,0.8660254037844387,1,0,0,24000.0,24000.0,25000.0,24000.0,21333.33333333333,21166.666666666668,0.0,1.1338,3,1,Modere
ST0004,A0002,2024-02,22000,4,2024-02-01,2024,2,1,0.8660254037844386,0.5000000000000001,1,0,0,24000.0,24000.0,20000.0,24000.0,21333.33333333333,21083.33333333333,0.0,1.1383,3,1,Modere
ST0004,A0002,2024-03,17000,4,2024-03-01,2024,3,1,1.0,6.123233995736766e-17,1,0,1,22000.0,24000.0,20000.0,23333.33333333333,22333.33333333333,21250.0,1154.7005383792414,1.098,3,1,Modere
ST0004,A0002,2024-04,17000,3,2024-04-01,2024,4,2,0.8660254037844387,-0.4999999999999998,0,0,1,17000.0,24000.0,26000.0,21000.0,22500.0,21000.0,3605.551275463986,1.0,3,1,Modere
ST0004,A0002,2024-05,15000,3,2024-05-01,2024,5,2,0.4999999999999999,-0.8660254037844387,0,0,2,17000.0,22000.0,14000.0,18666.666666666668,21333.33333333333,20250.0,2886.7513459481247,0.9218,3,1,Modere
ST0004,A0002,2024-06,17000,3,2024-06-01,2024,6,2,1.2246467991473532e-16,-1.0,0,0,2,15000.0,17000.0,21000.0,16333.333333333334,19833.33333333333,20333.33333333333,1154.7005383792434,0.8032,3,1,Modere
ST0004,A0002,2024-07,15000,3,2024-07-01,2024,7,3,-0.4999999999999997,-0.8660254037844388,0,0,2,17000.0,17000.0,24000.0,16333.333333333334,18666.666666666668,20000.0,1154.7005383792434,0.8166,3,1,Modere
ST0004,A0002,2024-08,15000,3,2024-08-01,2024,8,3,-0.8660254037844385,-0.5000000000000004,0,0,3,15000.0,15000.0,16000.0,15666.666666666666,17166.666666666668,19250.0,1154.7005383792434,0.8138,3,1,Modere
ST0004,A0002,2024-09,15000,3,2024-09-01,2024,9,3,-1.0,-1.8369701987210294e-16,0,0,3,15000.0,17000.0,16000.0,15666.666666666666,16000.0,19166.666666666668,1154.7005383792434,0.8173,3,1,Modere
ST0004,A0002,2024-10,10000,2,2024-10-01,2024,10,4,-0.8660254037844386,0.5000000000000001,0,1,3,15000.0,15000.0,24000.0,15000.0,15666.666666666666,19083.33333333333,0.0,0.786,3,1,Modere
ST0004,A0002,2024-11,15000,4,2024-11-01,2024,11,4,-0.5000000000000004,0.8660254037844384,0,1,3,10000.0,15000.0,24000.0,13333.333333333334,14500.0,17916.666666666668,2886.7513459481256,0.7441,3,1,Modere
ST0004,A0002,2024-12,10000,3,2024-12-01,2024,12,4,-2.4492935982947064e-16,1.0,0,1,0,15000.0,15000.0,24000.0,13333.333333333334,14500.0,17166.666666666668,2886.7513459481256,0.7767,3,1,Modere
ST0004,A0002,2025-01,15000,3,2025-01-01,2025,1,1,0.4999999999999999,0.8660254037844387,1,0,0,10000.0,10000.0,24000.0,11666.666666666666,13333.333333333334,16000.0,2886.7513459481256,0.7291,3,1,Modere
ST0004,A0002,2025-02,15000,6,2025-02-01,2025,2,1,0.8660254037844386,0.5000000000000001,1,0,0,15000.0,15000.0,22000.0,13333.333333333334,13333.333333333334,15250.0,2886.7513459481256,0.8743,3,1,Modere
ST0004,A0002,2025-03,10000,2,2025-03-01,2025,3,1,1.0,6.123233995736766e-17,1,0,1,15000.0,10000.0,17000.0,13333.333333333334,13333.333333333334,14666.666666666666,2886.7513459481256,0.909,3,1,Modere
ST0004,A0002,2025-04,10000,2,2025-04-01,2025,4,2,0.8660254037844387,-0.4999999999999998,0,0,1,10000.0,15000.0,17000.0,13333.333333333334,12500.0,14083.333333333334,2886.7513459481256,0.9467,3,1,Modere
ST0004,A0002,2025-05,5000,1,2025-05-01,2025,5,2,0.4999999999999999,-0.8660254037844387,0,0,2,10000.0,15000.0,15000.0,11666.666666666666,12500.0,13500.0,2886.7513459481256,0.8641,3,1,Modere
ST0004,A0002,2025-06,15000,3,2025-06-01,2025,6,2,1.2246467991473532e-16,-1.0,0,0,2,5000.0,10000.0,17000.0,8333.333333333334,10833.333333333334,12666.666666666666,2886.7513459481256,0.6578,3,1,Modere
ST0004,A0002,2025-07,10000,2,2025-07-01,2025,7,3,-0.4999999999999997,-0.8660254037844388,0,0,2,15000.0,10000.0,15000.0,10000.0,11666.666666666666,12500.0,4999.999999999998,0.7999,3,1,Modere
ST0004,A0002,2025-08,6000,1,2025-08-01,2025,8,3,-0.8660254037844385,-0.5000000000000004,0,0,3,10000.0,5000.0,15000.0,10000.0,10833.333333333334,12083.333333333334,4999.999999999998,0.8275,3,1,Modere
ST0004,A0002,2025-09,5000,1,2025-09-01,2025,9,3,-1.0,-1.8369701987210294e-16,0,0,3,6000.0,15000.0,15000.0,10333.333333333334,9333.333333333334,11333.333333333334,4509.249752822892,0.9117,3,1,Modere
ST0004,A0002,2025-10,10000,2,2025-10-01,2025,10,4,-0.8660254037844386,0.5000000000000001,0,1,3,5000.0,10000.0,10000.0,7000.0,8500.0,10500.0,2645.751311064588,0.6666,3,1,Modere
ST0004,A0002,2025-11,5000,1,2025-11-01,2025,11,4,-0.5000000000000004,0.8660254037844384,0,1,3,10000.0,6000.0,15000.0,7000.0,8500.0,10500.0,2645.751311064588,0.6666,3,1,Modere
ST0005,A0002,2024-01,15000,2,2024-01-01,2024,1,1,0.4999999999999999,0.8660254037844387,1,0,0,20000.0,5000.0,18000.0,13333.333333333334,10833.333333333334,13583.333333333334,7637.626158259734,0.9815,4,1,Modere
ST0005,A0002,2024-02,15000,3,2024-02-01,2024,2,1,0.8660254037844386,0.5000000000000001,1,0,0,15000.0,15000.0,20000.0,16666.666666666668,11666.666666666666,13333.333333333334,2886.75134594813,1.2499,4,1,Modere
ST0005,A0002,2024-03,25000,4,2024-03-01,2024,3,1,1.0,6.123233995736766e-17,1,0,1,15000.0,20000.0,15000.0,16666.666666666668,12500.0,12916.666666666666,2886.75134594813,1.2902,4,1,Modere
ST0005,A0002,2024-04,40000,5,2024-04-01,2024,4,2,0.8660254037844387,-0.4999999999999998,0,0,1,25000.0,15000.0,15000.0,18333.33333333333,15833.333333333334,13750.0,5773.502691896258,1.3332,4,1,Modere
ST0005,A0002,2024-05,26000,3,2024-05-01,2024,5,2,0.4999999999999999,-0.8660254037844387,0,0,2,40000.0,15000.0,20000.0,26666.666666666668,21666.666666666668,15833.333333333334,12583.057392117917,1.6841,4,1,Modere
ST0005,A0002,2024-06,15000,2,2024-06-01,2024,6,2,1.2246467991473532e-16,-1.0,0,0,2,26000.0,25000.0,10000.0,30333.33333333333,23500.0,16333.333333333334,8386.497083606078,1.857,4,1,Modere
ST0005,A0002,2024-07,10000,2,2024-07-01,2024,7,3,-0.4999999999999997,-0.8660254037844388,0,0,2,15000.0,40000.0,10000.0,27000.0,22666.666666666668,16750.0,12529.964086141665,1.6118,4,1,Modere
ST0005,A0002,2024-08,20000,4,2024-08-01,2024,8,3,-0.8660254037844385,-0.5000000000000004,0,0,3,10000.0,26000.0,10000.0,17000.0,21833.33333333333,16750.0,8185.352771872446,1.0149,4,1,Modere
ST0005,A0002,2024-09,30000,4,2024-09-01,2024,9,3,-1.0,-1.8369701987210294e-16,0,0,3,20000.0,15000.0,5000.0,15000.0,22666.666666666668,17583.333333333332,4999.999999999994,0.853,4,1,Modere
ST0005,A0002,2024-10,5000,1,2024-10-01,2024,10,4,-0.8660254037844386,0.5000000000000001,0,1,3,30000.0,10000.0,5000.0,20000.0,23500.0,19666.666666666668,9999.999999999996,1.0169,4,1,Modere
ST0005,A0002,2024-11,10000,2,2024-11-01,2024,11,4,-0.5000000000000004,0.8660254037844384,0,1,3,5000.0,20000.0,15000.0,18333.33333333333,17666.666666666668,19666.666666666668,12583.057392117911,0.9322,4,1,Modere
ST0005,A0002,2024-12,15000,2,2024-12-01,2024,12,4,-2.4492935982947064e-16,1.0,0,1,0,10000.0,30000.0,20000.0,15000.0,15000.0,19250.0,13228.756555322949,0.7792,4,1,Modere
ST0005,A0002,2025-01,10000,3,2025-01-01,2025,1,1,0.4999999999999999,0.8660254037844387,1,0,0,15000.0,5000.0,15000.0,10000.0,15000.0,18833.33333333333,4999.999999999991,0.5309,4,1,Modere
ST0005,A0002,2025-02,15000,2,2025-02-01,2025,2,1,0.8660254037844386,0.5000000000000001,1,0,0,10000.0,10000.0,15000.0,11666.666666666666,15000.0,18416.666666666668,2886.7513459481133,0.6334,4,1,Modere
ST0005,A0002,2025-03,15000,2,2025-03-01,2025,3,1,1.0,6.123233995736766e-17,1,0,1,15000.0,15000.0,25000.0,13333.333333333334,14166.666666666666,18416.666666666668,2886.7513459481133,0.7239,4,1,Modere
ST0005,A0002,2025-04,15000,3,2025-04-01,2025,4,2,0.8660254037844387,-0.4999999999999998,0,0,1,15000.0,10000.0,40000.0,13333.333333333334,11666.666666666666,17583.333333333332,2886.7513459481133,0.7583,4,1,Modere
ST0005,A0002,2025-05,10000,2,2025-05-01,2025,5,2,0.4999999999999999,-0.8660254037844387,0,0,2,15000.0,15000.0,26000.0,15000.0,13333.333333333334,15500.0,0.0,0.9677,4,1,Modere
ST0005,A0002,2025-06,10000,1,2025-06-01,2025,6,2,1.2246467991473532e-16,-1.0,0,0,2,10000.0,15000.0,15000.0,13333.333333333334,13333.333333333334,14166.666666666666,2886.7513459481133,0.9411,4,1,Modere
ST0005,A0002,2025-07,15000,3,2025-07-01,2025,7,3,-0.4999999999999997,-0.8660254037844388,0,0,2,10000.0,15000.0,10000.0,11666.666666666666,12500.0,13750.0,2886.7513459481133,0.8484,4,1,Modere
ST0005,A0002,2025-08,10000,1,2025-08-01,2025,8,3,-0.8660254037844385,-0.5000000000000004,0,0,3,15000.0,10000.0,20000.0,11666.666666666666,13333.333333333334,14166.666666666666,2886.7513459481133,0.8235,4,1,Modere
ST0005,A0002,2025-10,5000,1,2025-10-01,2025,10,4,-0.8660254037844386,0.5000000000000001,0,1,3,10000.0,10000.0,30000.0,11666.666666666666,12500.0,13333.333333333334,2886.7513459481133,0.8749,4,1,Modere
ST0005,A0002,2025-11,5000,1,2025-11-01,2025,11,4,-0.5000000000000004,0.8660254037844384,0,1,3,5000.0,15000.0,5000.0,10000.0,10833.333333333334,11250.0,4999.999999999991,0.8888,4,1,Modere
ST0009,A0001,2022-11,21000,4,2022-11-01,2022,11,4,-0.5000000000000004,0.8660254037844384,0,1,3,17000.0,25000.0,20000.0,35333.333333333336,28333.33333333333,22666.666666666668,25146.238950056395,1.5588,8,0,Modere
ST0009,A0001,2022-12,9000,1,2022-12-01,2022,12,4,-2.4492935982947064e-16,1.0,0,1,0,21000.0,64000.0,20000.0,34000.0,29666.666666666668,22750.0,26057.628441590765,1.4944,8,0,Modere
ST0009,A0001,2023-01,9000,2,2023-01-01,2023,1,1,0.4999999999999999,0.8660254037844387,1,0,0,9000.0,17000.0,13000.0,15666.666666666666,26333.33333333333,21833.33333333333,6110.100926607786,0.7175,8,0,Modere
ST0009,A0001,2023-02,5000,1,2023-02-01,2023,2,1,0.8660254037844386,0.5000000000000001,1,0,0,9000.0,21000.0,18000.0,13000.0,24166.666666666668,21500.0,6928.203230275509,0.6046,8,0,Modere
ST0009,A0001,2023-03,5000,1,2023-03-01,2023,3,1,1.0,6.123233995736766e-17,1,0,1,5000.0,9000.0,11000.0,7666.666666666667,20833.33333333333,20416.666666666668,2309.4010767585014,0.3755,8,0,Modere
ST0009,A0001,2023-04,15000,3,2023-04-01,2023,4,2,0.8660254037844387,-0.4999999999999998,0,0,1,5000.0,9000.0,20000.0,6333.333333333333,11000.0,19916.666666666668,2309.4010767585014,0.318,8,0,Modere
ST0009,A0001,2023-05,10000,1,2023-05-01,2023,5,2,0.4999999999999999,-0.8660254037844387,0,0,2,15000.0,5000.0,13000.0,8333.333333333334,10666.666666666666,19500.0,5773.502691896257,0.4273,8,0,Modere
ST0009,A0001,2023-06,30000,2,2023-06-01,2023,6,2,1.2246467991473532e-16,-1.0,0,0,2,10000.0,5000.0,29000.0,10000.0,8833.333333333334,19250.0,4999.999999999999,0.5195,8,0,Modere
ST0009,A0001,2023-07,45000,2,2023-07-01,2023,7,3,-0.4999999999999997,-0.8660254037844388,0,0,2,30000.0,15000.0,22000.0,18333.33333333333,12333.333333333334,19333.33333333333,10408.329997330664,0.9482,8,0,Modere
ST0009,A0001,2023-08,15000,1,2023-08-01,2023,8,3,-0.8660254037844385,-0.5000000000000004,0,0,3,45000.0,10000.0,25000.0,28333.33333333333,18333.33333333333,21250.0,17559.422921421232,1.3333,8,0,Modere
ST0009,A0001,2023-10,20000,1,2023-10-01,2023,10,4,-0.8660254037844386,0.5000000000000001,0,1,3,15000.0,30000.0,64000.0,30000.0,20000.0,20416.666666666668,14999.999999999998,1.4693,8,0,Modere
ST0009,A0001,2023-11,30000,3,2023-11-01,2023,11,4,-0.5000000000000004,0.8660254037844384,0,1,3,20000.0,45000.0,17000.0,26666.666666666668,22500.0,16750.0,16072.75126832159,1.5919,8,0,Modere
ST0009,A0001,2023-12,30000,3,2023-12-01,2023,12,4,-2.4492935982947064e-16,1.0,0,1,0,30000.0,15000.0,21000.0,21666.666666666668,25000.0,17833.333333333332,7637.626158259731,1.2149,8,0,Modere
ST0009,A0001,2024-01,15000,2,2024-01-01,2024,1,1,0.4999999999999999,0.8660254037844387,1,0,0,30000.0,20000.0,9000.0,26666.666666666668,28333.33333333333,18583.33333333333,5773.502691896254,1.4349,8,0,Modere
ST0009,A0001,2024-02,45000,4,2024-02-01,2024,2,1,0.8660254037844386,0.5000000000000001,1,0,0,15000.0,30000.0,9000.0,25000.0,25833.33333333333,19083.33333333333,8660.254037844385,1.31,8,0,Modere
ST0009,A0001,2024-03,20000,1,2024-03-01,2024,3,1,1.0,6.123233995736766e-17,1,0,1,45000.0,30000.0,5000.0,30000.0,25833.33333333333,22083.33333333333,14999.999999999998,1.3584,8,0,Modere
ST0009,A0001,2024-04,30000,2,2024-04-01,2024,4,2,0.8660254037844387,-0.4999999999999998,0,0,1,20000.0,15000.0,5000.0,26666.666666666668,26666.666666666668,23333.33333333333,16072.75126832159,1.1428,8,0,Modere
ST0009,A0001,2024-05,50000,3,2024-05-01,2024,5,2,0.4999999999999999,-0.8660254037844387,0,0,2,30000.0,45000.0,15000.0,31666.666666666668,28333.33333333333,25416.666666666668,12583.057392117917,1.2459,8,0,Modere
ST0009,A0001,2024-06,30000,4,2024-06-01,2024,6,2,1.2246467991473532e-16,-1.0,0,0,2,50000.0,20000.0,10000.0,33333.333333333336,31666.666666666668,28333.33333333333,15275.252316519463,1.1764,8,0,Modere
ST0009,A0001,2024-07,45000,3,2024-07-01,2024,7,3,-0.4999999999999997,-0.8660254037844388,0,0,2,30000.0,30000.0,30000.0,36666.66666666666,31666.666666666668,30000.0,11547.00538379251,1.2222,8,0,Modere
ST0009,A0001,2024-08,15000,2,2024-08-01,2024,8,3,-0.8660254037844385,-0.5000000000000004,0,0,3,45000.0,50000.0,45000.0,41666.66666666666,36666.66666666666,31250.0,10408.32999733066,1.3333,8,0,Modere
ST0009,A0001,2024-09,35000,2,2024-09-01,2024,9,3,-1.0,-1.8369701987210294e-16,0,0,3,15000.0,30000.0,15000.0,30000.0,31666.666666666668,28750.0,14999.999999999996,1.0434,8,0,Modere
ST0009,A0001,2024-10,30000,2,2024-10-01,2024,10,4,-0.8660254037844386,0.5000000000000001,0,1,3,35000.0,45000.0,20000.0,31666.666666666668,34166.666666666664,30416.666666666668,15275.252316519463,1.0411,8,0,Modere
ST0009,A0001,2024-11,15000,1,2024-11-01,2024,11,4,-0.5000000000000004,0.8660254037844384,0,1,3,30000.0,15000.0,30000.0,26666.666666666668,34166.666666666664,31250.0,10408.32999733066,0.8533,8,0,Modere
ST0009,A0001,2024-12,45000,4,2024-12-01,2024,12,4,-2.4492935982947064e-16,1.0,0,1,0,15000.0,35000.0,30000.0,26666.666666666668,28333.33333333333,30000.0,10408.32999733066,0.8889,8,0,Modere
ST0009,A0001,2025-01,15000,1,2025-01-01,2025,1,1,0.4999999999999999,0.8660254037844387,1,0,0,45000.0,30000.0,15000.0,30000.0,30833.33333333333,31250.0,14999.999999999998,0.96,8,0,Modere
ST0009,A0001,2025-02,25000,2,2025-02-01,2025,2,1,0.8660254037844386,0.5000000000000001,1,0,0,15000.0,15000.0,45000.0,25000.0,25833.33333333333,31250.0,17320.508075688773,0.8,8,0,Modere
ST0009,A0001,2025-03,25000,2,2025-03-01,2025,3,1,1.0,6.123233995736766e-17,1,0,1,25000.0,45000.0,20000.0,28333.33333333333,27500.0,29583.33333333333,15275.252316519463,0.9577,8,0,Modere
ST0009,A0001,2025-04,30000,3,2025-04-01,2025,4,2,0.8660254037844387,-0.4999999999999998,0,0,1,25000.0,15000.0,30000.0,21666.666666666668,25833.33333333333,30000.0,5773.502691896252,0.7222,8,0,Modere
ST0009,A0001,2025-05,35000,3,2025-05-01,2025,5,2,0.4999999999999999,-0.8660254037844387,0,0,2,30000.0,25000.0,50000.0,26666.666666666668,25833.33333333333,30000.0,2886.751345948116,0.8889,8,0,Modere
ST0009,A0001,2025-06,15000,2,2025-06-01,2025,6,2,1.2246467991473532e-16,-1.0,0,0,2,35000.0,25000.0,30000.0,30000.0,29166.666666666668,28750.0,4999.999999999993,1.0434,8,0,Modere
ST0009,A0001,2025-07,45000,4,2025-07-01,2025,7,3,-0.4999999999999997,-0.8660254037844388,0,0,2,15000.0,30000.0,45000.0,26666.666666666668,24166.666666666668,27500.0,10408.32999733066,0.9697,8,0,Modere
ST0009,A0001,2025-11,25000,3,2025-11-01,2025,11,4,-0.5000000000000004,0.8660254037844384,0,1,3,45000.0,35000.0,15000.0,31666.666666666668,29166.666666666668,27500.0,15275.252316519463,1.1515,8,0,Modere
ST0009,A0001,2025-12,30000,3,2025-12-01,2025,12,4,-2.4492935982947064e-16,1.0,0,1,0,25000.0,15000.0,35000.0,28333.33333333333,29166.666666666668,28333.33333333333,15275.252316519463,1.0,8,0,Modere
ST0010,A0002,2021-01,20000,4,2021-01-01,2021,1,1,0.4999999999999999,0.8660254037844387,1,0,0,30000.0,26000.0,15000.0,26333.33333333333,24000.0,20750.0,3511.8845842842484,1.269,9,1,Modere
ST0010,A0002,2021-02,21000,6,2021-02-01,2021,2,1,0.8660254037844386,0.5000000000000001,1,0,0,20000.0,23000.0,20000.0,24333.33333333333,23500.0,21166.666666666668,5131.601439446885,1.1496,9,1,Modere
ST0010,A0002,2021-03,23000,6,2021-03-01,2021,3,1,1.0,6.123233995736766e-17,1,0,1,21000.0,30000.0,20000.0,23666.666666666668,23333.33333333333,21250.0,5507.570547286104,1.1137,9,1,Modere
ST0010,A0002,2021-04,20000,6,2021-04-01,2021,4,2,0.8660254037844387,-0.4999999999999998,0,0,1,23000.0,20000.0,16000.0,21333.33333333333,23833.33333333333,21500.0,1527.5252316519532,0.9922,9,1,Modere
ST0010,A0002,2021-05,22000,7,2021-05-01,2021,5,2,0.4999999999999999,-0.8660254037844387,0,0,2,20000.0,21000.0,18000.0,21333.33333333333,22833.33333333333,21833.33333333333,1527.5252316519532,0.9771,9,1,Modere
ST0010,A0002,2021-06,21000,5,2021-06-01,2021,6,2,1.2246467991473532e-16,-1.0,0,0,2,22000.0,23000.0,16000.0,21666.666666666668,22666.666666666668,22166.666666666668,1527.5252316519532,0.9774,9,1,Modere
ST0010,A0002,2021-07,20000,5,2021-07-01,2021,7,3,-0.4999999999999997,-0.8660254037844388,0,0,2,21000.0,20000.0,23000.0,21000.0,21166.666666666668,22583.33333333333,1000.0000000000108,0.9298,9,1,Modere
ST0010,A0002,2021-08,21000,7,2021-08-01,2021,8,3,-0.8660254037844385,-0.5000000000000004,0,0,3,20000.0,22000.0,22000.0,21000.0,21166.666666666668,22333.33333333333,1000.0000000000108,0.9403,9,1,Modere
ST0010,A0002,2021-09,24000,5,2021-09-01,2021,9,3,-1.0,-1.8369701987210294e-16,0,0,3,21000.0,21000.0,20000.0,20666.666666666668,21166.666666666668,22250.0,577.350269189644,0.9288,9,1,Modere
ST0010,A0002,2021-10,14000,4,2021-10-01,2021,10,4,-0.8660254037844386,0.5000000000000001,0,1,3,24000.0,20000.0,26000.0,21666.666666666668,21333.33333333333,22583.33333333333,2081.665999466137,0.9594,9,1,Modere
ST0010,A0002,2021-11,25000,6,2021-11-01,2021,11,4,-0.5000000000000004,0.8660254037844384,0,1,3,14000.0,21000.0,23000.0,19666.666666666668,20333.33333333333,21583.33333333333,5131.601439446887,0.9112,9,1,Modere
ST0010,A0002,2021-12,32000,8,2021-12-01,2021,12,4,-2.4492935982947064e-16,1.0,0,1,0,25000.0,24000.0,30000.0,21000.0,20833.33333333333,21750.0,6082.762530298222,0.9655,9,1,Modere
ST0010,A0002,2022-01,17000,4,2022-01-01,2022,1,1,0.4999999999999999,0.8660254037844387,1,0,0,32000.0,14000.0,20000.0,23666.666666666668,22666.666666666668,21916.666666666668,9073.771725877468,1.0798,9,1,Modere
ST0010,A0002,2022-02,21000,6,2022-02-01,2022,2,1,0.8660254037844386,0.5000000000000001,1,0,0,17000.0,25000.0,21000.0,24666.666666666668,22166.666666666668,21666.666666666668,7505.553499465136,1.1384,9,1,Modere
ST0010,A0002,2022-03,17000,5,2022-03-01,2022,3,1,1.0,6.123233995736766e-17,1,0,1,21000.0,32000.0,23000.0,23333.33333333333,22166.666666666668,21666.666666666668,7767.45346515403,1.0769,9,1,Modere
ST0010,A0002,2022-04,18000,3,2022-04-01,2022,4,2,0.8660254037844387,-0.4999999999999998,0,0,1,17000.0,17000.0,20000.0,18333.33333333333,21000.0,21166.666666666668,2309.4010767585046,0.8661,9,1,Modere
ST0010,A0002,2022-05,96000,7,2022-05-01,2022,5,2,0.4999999999999999,-0.8660254037844387,0,0,2,18000.0,21000.0,22000.0,18666.666666666668,21666.666666666668,21000.0,2081.6659994661345,0.8888,9,1,Modere
ST0010,A0002,2022-06,82000,8,2022-06-01,2022,6,2,1.2246467991473532e-16,-1.0,0,0,2,96000.0,17000.0,21000.0,43666.66666666666,33500.0,27166.666666666668,45324.75409015843,1.6073,9,1,Modere
ST0010,A0002,2022-07,45000,9,2022-07-01,2022,7,3,-0.4999999999999997,-0.8660254037844388,0,0,2,82000.0,18000.0,20000.0,65333.333333333336,41833.333333333336,32250.0,41585.25379666851,2.0258,9,1,Modere
ST0010,A0002,2022-08,26000,4,2022-08-01,2022,8,3,-0.8660254037844385,-0.5000000000000004,0,0,3,45000.0,96000.0,21000.0,74333.33333333333,46500.0,34333.333333333336,26350.205565295557,2.165,9,1,Modere
ST0010,A0002,2022-09,28000,6,2022-09-01,2022,9,3,-1.0,-1.8369701987210294e-16,0,0,3,26000.0,82000.0,24000.0,51000.0,47333.333333333336,34750.0,28478.061731796268,1.4676,9,1,Modere
ST0010,A0002,2022-10,24000,4,2022-10-01,2022,10,4,-0.8660254037844386,0.5000000000000001,0,1,3,28000.0,45000.0,14000.0,33000.0,49166.66666666666,35083.333333333336,10440.306508910484,0.9406,9,1,Modere
ST0010,A0002,2022-11,23000,5,2022-11-01,2022,11,4,-0.5000000000000004,0.8660254037844384,0,1,3,24000.0,26000.0,25000.0,26000.0,50166.66666666666,35916.666666666664,1999.9999999996185,0.7239,9,1,Modere
ST0010,A0002,2022-12,9000,2,2022-12-01,2022,12,4,-2.4492935982947064e-16,1.0,0,1,0,23000.0,28000.0,32000.0,25000.0,38000.0,35750.0,2645.751311064298,0.6993,9,1,Modere
ST0010,A0002,2023-01,19000,6,2023-01-01,2023,1,1,0.4999999999999999,0.8660254037844387,1,0,0,9000.0,24000.0,17000.0,18666.666666666668,25833.33333333333,33833.333333333336,8386.497083605984,0.5517,9,1,Modere
ST0010,A0002,2023-02,14000,6,2023-02-01,2023,2,1,0.8660254037844386,0.5000000000000001,1,0,0,19000.0,23000.0,21000.0,17000.0,21500.0,34000.0,7211.102550927861,0.5,9,1,Modere
ST0010,A0002,2023-03,18000,6,2023-03-01,2023,3,1,1.0,6.123233995736766e-17,1,0,1,14000.0,9000.0,17000.0,14000.0,19500.0,33416.666666666664,4999.999999999824,0.4189,9,1,Modere
ST0010,A0002,2023-04,19000,8,2023-04-01,2023,4,2,0.8660254037844387,-0.4999999999999998,0,0,1,18000.0,19000.0,18000.0,17000.0,17833.333333333332,33500.0,2645.751311064269,0.5074,9,1,Modere
ST0010,A0002,2023-05,28000,7,2023-05-01,2023,5,2,0.4999999999999999,-0.8660254037844387,0,0,2,19000.0,14000.0,96000.0,17000.0,17000.0,33583.333333333336,2645.751311064269,0.5062,9,1,Modere
ST0010,A0002,2023-06,16000,5,2023-06-01,2023,6,2,1.2246467991473532e-16,-1.0,0,0,2,28000.0,18000.0,82000.0,21666.666666666668,17833.333333333332,27916.666666666668,5507.570547285956,0.7761,9,1,Modere
ST0010,A0002,2023-07,21000,4,2023-07-01,2023,7,3,-0.4999999999999997,-0.8660254037844388,0,0,2,16000.0,19000.0,45000.0,21000.0,19000.0,22416.666666666668,6244.997998398269,0.9368,9,1,Modere
ST0010,A0002,2023-08,8000,1,2023-08-01,2023,8,3,-0.8660254037844385,-0.5000000000000004,0,0,3,21000.0,28000.0,26000.0,21666.666666666668,19333.33333333333,20416.666666666668,6027.713773341576,1.0612,9,1,Modere
ST0010,A0002,2023-09,16000,2,2023-09-01,2023,9,3,-1.0,-1.8369701987210294e-16,0,0,3,8000.0,16000.0,28000.0,15000.0,18333.33333333333,18916.666666666668,6557.438524301871,0.7929,9,1,Modere
ST0010,A0002,2023-10,24000,3,2023-10-01,2023,10,4,-0.8660254037844386,0.5000000000000001,0,1,3,16000.0,21000.0,24000.0,15000.0,18000.0,17916.666666666668,6557.438524301871,0.8372,9,1,Modere
ST0010,A0002,2023-11,16000,3,2023-11-01,2023,11,4,-0.5000000000000004,0.8660254037844384,0,1,3,24000.0,8000.0,23000.0,16000.0,18833.33333333333,17916.666666666668,7999.9999999998945,0.893,9,1,Modere
ST0010,A0002,2023-12,18000,5,2023-12-01,2023,12,4,-2.4492935982947064e-16,1.0,0,1,0,16000.0,16000.0,9000.0,18666.666666666668,16833.333333333332,17333.333333333332,4618.802153516828,1.0769,9,1,Modere
ST0010,A0002,2024-01,22000,3,2024-01-01,2024,1,1,0.4999999999999999,0.8660254037844387,1,0,0,18000.0,24000.0,19000.0,19333.33333333333,17166.666666666668,18083.33333333333,4163.331998932069,1.0691,9,1,Modere
ST0010,A0002,2024-02,16000,2,2024-02-01,2024,2,1,0.8660254037844386,0.5000000000000001,1,0,0,22000.0,16000.0,14000.0,18666.666666666668,17333.333333333332,18333.33333333333,3055.050463303625,1.0181,9,1,Modere
ST0010,A0002,2024-03,16000,3,2024-03-01,2024,3,1,1.0,6.123233995736766e-17,1,0,1,16000.0,18000.0,18000.0,18666.666666666668,18666.666666666668,18500.0,3055.050463303625,1.009,9,1,Modere
ST0010,A0002,2024-04,16000,3,2024-04-01,2024,4,2,0.8660254037844387,-0.4999999999999998,0,0,1,16000.0,22000.0,19000.0,18000.0,18666.666666666668,18333.33333333333,3464.1016151375165,0.9818,9,1,Modere
ST0010,A0002,2024-05,24000,4,2024-05-01,2024,5,2,0.4999999999999999,-0.8660254037844387,0,0,2,16000.0,16000.0,28000.0,16000.0,17333.333333333332,18083.33333333333,0.0,0.8847,9,1,Modere
ST0010,A0002,2024-06,24000,5,2024-06-01,2024,6,2,1.2246467991473532e-16,-1.0,0,0,2,24000.0,16000.0,16000.0,18666.666666666668,18666.666666666668,17750.0,4618.802153516828,1.0516,9,1,Modere
ST0010,A0002,2024-07,32000,5,2024-07-01,2024,7,3,-0.4999999999999997,-0.8660254037844388,0,0,2,24000.0,16000.0,21000.0,21333.33333333333,19666.666666666668,18416.666666666668,4618.80215351683,1.1583,9,1,Modere
ST0010,A0002,2024-08,16000,2,2024-08-01,2024,8,3,-0.8660254037844385,-0.5000000000000004,0,0,3,32000.0,24000.0,8000.0,26666.666666666668,21333.33333333333,19333.33333333333,4618.80215351683,1.3792,9,1,Modere
ST0010,A0002,2024-09,21000,4,2024-09-01,2024,9,3,-1.0,-1.8369701987210294e-16,0,0,3,16000.0,24000.0,16000.0,24000.0,21333.33333333333,20000.0,7999.999999999898,1.1999,9,1,Modere
ST0010,A0002,2024-10,20000,4,2024-10-01,2024,10,4,-0.8660254037844386,0.5000000000000001,0,1,3,21000.0,32000.0,24000.0,23000.0,22166.666666666668,20416.666666666668,8185.35277187235,1.1265,9,1,Modere
ST0010,A0002,2024-11,21000,5,2024-11-01,2024,11,4,-0.5000000000000004,0.8660254037844384,0,1,3,20000.0,16000.0,16000.0,19000.0,22833.33333333333,20083.33333333333,2645.751311064282,0.946,9,1,Modere
ST0010,A0002,2024-12,20000,4,2024-12-01,2024,12,4,-2.4492935982947064e-16,1.0,0,1,0,21000.0,21000.0,18000.0,20666.666666666668,22333.33333333333,20500.0,577.3502691882125,1.0081,9,1,Modere
ST0010,A0002,2025-01,20000,4,2025-01-01,2025,1,1,0.4999999999999999,0.8660254037844387,1,0,0,20000.0,20000.0,22000.0,20333.33333333333,21666.666666666668,20666.666666666668,577.3502691882125,0.9838,9,1,Modere
ST0010,A0002,2025-02,15000,4,2025-02-01,2025,2,1,0.8660254037844386,0.5000000000000001,1,0,0,20000.0,21000.0,16000.0,20333.33333333333,19666.666666666668,20500.0,577.3502691882125,0.9918,9,1,Modere
ST0010,A0002,2025-03,10000,4,2025-03-01,2025,3,1,1.0,6.123233995736766e-17,1,0,1,15000.0,20000.0,16000.0,18333.33333333333,19500.0,20416.666666666668,2886.751345947845,0.8979,9,1,Modere
ST0010,A0002,2025-04,16000,3,2025-04-01,2025,4,2,0.8660254037844387,-0.4999999999999998,0,0,1,10000.0,20000.0,16000.0,15000.0,17666.666666666668,19916.666666666668,4999.999999999836,0.7531,9,1,Modere
ST0010,A0002,2025-05,17000,4,2025-05-01,2025,5,2,0.4999999999999999,-0.8660254037844387,0,0,2,16000.0,15000.0,24000.0,13666.666666666666,17000.0,19916.666666666668,3214.550253664064,0.6862,9,1,Modere
ST0010,A0002,2025-06,13000,3,2025-06-01,2025,6,2,1.2246467991473532e-16,-1.0,0,0,2,17000.0,10000.0,24000.0,14333.333333333334,16333.333333333334,19333.33333333333,3785.9388971999656,0.7413,9,1,Modere
ST0010,A0002,2025-07,20000,4,2025-07-01,2025,7,3,-0.4999999999999997,-0.8660254037844388,0,0,2,13000.0,16000.0,32000.0,15333.333333333334,15166.666666666666,18416.666666666668,2081.6659994657384,0.8325,9,1,Modere
ST0010,A0002,2025-08,15000,3,2025-08-01,2025,8,3,-0.8660254037844385,-0.5000000000000004,0,0,3,20000.0,17000.0,16000.0,16666.666666666668,15166.666666666666,17416.666666666668,3511.8845842840124,0.9569,9,1,Modere
ST0010,A0002,2025-09,25000,5,2025-09-01,2025,9,3,-1.0,-1.8369701987210294e-16,0,0,3,15000.0,13000.0,21000.0,16000.0,15166.666666666666,17333.333333333332,3605.5512754637616,0.923,9,1,Modere
ST0010,A0002,2025-10,22000,6,2025-10-01,2025,10,4,-0.8660254037844386,0.5000000000000001,0,1,3,25000.0,20000.0,20000.0,20000.0,17666.666666666668,17666.666666666668,4999.999999999835,1.132,9,1,Modere
ST0010,A0002,2025-11,20000,6,2025-11-01,2025,11,4,-0.5000000000000004,0.8660254037844384,0,1,3,22000.0,15000.0,21000.0,20666.666666666668,18666.666666666668,17833.333333333332,5131.601439446724,1.1588,9,1,Modere
ST0010,A0002,2025-12,22000,5,2025-12-01,2025,12,4,-2.4492935982947064e-16,1.0,0,1,0,20000.0,25000.0,20000.0,22333.33333333333,19166.666666666668,17750.0,2516.611478423255,1.2581,9,1,Modere
ST0011,A0002,2021-01,10000,2,2021-01-01,2021,1,1,0.4999999999999999,0.8660254037844387,1,0,0,45000.0,25000.0,20000.0,33333.333333333336,32666.666666666668,30500.0,10408.329997330666,1.0929,10,1,Modere
ST0011,A0002,2021-02,25000,4,2021-02-01,2021,2,1,0.8660254037844386,0.5000000000000001,1,0,0,10000.0,30000.0,50000.0,28333.33333333333,28500.0,29666.666666666668,17559.422921421236,0.955,10,1,Modere
ST0011,A0002,2021-03,28000,7,2021-03-01,2021,3,1,1.0,6.123233995736766e-17,1,0,1,25000.0,45000.0,30000.0,26666.666666666668,25833.33333333333,27583.33333333333,17559.422921421236,0.9667,10,1,Modere
ST0011,A0002,2021-04,25000,6,2021-04-01,2021,4,2,0.8660254037844387,-0.4999999999999998,0,0,1,28000.0,10000.0,15000.0,21000.0,27166.666666666668,27416.666666666668,9643.65076099296,0.7659,10,1,Modere
ST0011,A0002,2021-05,29000,4,2021-05-01,2021,5,2,0.4999999999999999,-0.8660254037844387,0,0,2,25000.0,25000.0,30000.0,26000.0,27166.666666666668,28250.0,1732.0508075689118,0.9203,10,1,Modere
ST0011,A0002,2021-06,21000,6,2021-06-01,2021,6,2,1.2246467991473532e-16,-1.0,0,0,2,29000.0,28000.0,25000.0,27333.33333333333,27000.0,28166.666666666668,2081.665999466162,0.9704,10,1,Modere
ST0011,A0002,2021-07,25000,6,2021-07-01,2021,7,3,-0.4999999999999997,-0.8660254037844388,0,0,2,21000.0,25000.0,35000.0,25000.0,23000.0,27833.33333333333,4000.000000000015,0.8982,10,1,Modere
ST0011,A0002,2021-08,30000,6,2021-08-01,2021,8,3,-0.8660254037844385,-0.5000000000000004,0,0,3,25000.0,29000.0,41000.0,25000.0,25500.0,27000.0,4000.000000000015,0.9259,10,1,Modere
ST0011,A0002,2021-09,21000,5,2021-09-01,2021,9,3,-1.0,-1.8369701987210294e-16,0,0,3,30000.0,21000.0,20000.0,25333.33333333333,26333.33333333333,26083.33333333333,4509.249752822908,0.9712,10,1,Modere
ST0011,A0002,2021-10,17000,4,2021-10-01,2021,10,4,-0.8660254037844386,0.5000000000000001,0,1,3,21000.0,25000.0,25000.0,25333.33333333333,25166.666666666668,26166.666666666668,4509.249752822908,0.9681,10,1,Modere
ST0011,A0002,2021-11,29000,9,2021-11-01,2021,11,4,-0.5000000000000004,0.8660254037844384,0,1,3,17000.0,30000.0,30000.0,22666.666666666668,23833.33333333333,25500.0,6658.328118479402,0.8889,10,1,Modere
ST0011,A0002,2021-12,23000,5,2021-12-01,2021,12,4,-2.4492935982947064e-16,1.0,0,1,0,29000.0,21000.0,45000.0,22333.33333333333,23833.33333333333,25416.666666666668,6110.100926607798,0.8787,10,1,Modere
ST0011,A0002,2022-01,21000,5,2022-01-01,2022,1,1,0.4999999999999999,0.8660254037844387,1,0,0,23000.0,17000.0,10000.0,23000.0,24166.666666666668,23583.33333333333,6000.000000000013,0.9752,10,1,Modere
ST0011,A0002,2022-02,20000,6,2022-02-01,2022,2,1,0.8660254037844386,0.5000000000000001,1,0,0,21000.0,29000.0,25000.0,24333.33333333333,23500.0,24500.0,4163.331998932283,0.9932,10,1,Modere
ST0011,A0002,2022-03,8000,1,2022-03-01,2022,3,1,1.0,6.123233995736766e-17,1,0,1,20000.0,23000.0,28000.0,21333.33333333333,21833.33333333333,24083.33333333333,1527.525231651992,0.8858,10,1,Modere
ST0011,A0002,2022-04,37000,3,2022-04-01,2022,4,2,0.8660254037844387,-0.4999999999999998,0,0,1,8000.0,21000.0,25000.0,16333.333333333334,19666.666666666668,22416.666666666668,7234.178138070244,0.7286,10,1,Modere
ST0011,A0002,2022-05,50000,5,2022-05-01,2022,5,2,0.4999999999999999,-0.8660254037844387,0,0,2,37000.0,20000.0,29000.0,21666.666666666668,23000.0,23416.666666666668,14571.661996262934,0.9252,10,1,Modere
ST0011,A0002,2022-06,20000,3,2022-06-01,2022,6,2,1.2246467991473532e-16,-1.0,0,0,2,50000.0,8000.0,21000.0,31666.666666666668,26500.0,25166.666666666668,21501.93789716019,1.2582,10,1,Modere
ST0011,A0002,2022-07,29000,4,2022-07-01,2022,7,3,-0.4999999999999997,-0.8660254037844388,0,0,2,20000.0,37000.0,25000.0,35666.666666666664,26000.0,25083.33333333333,15044.378795195686,1.4219,10,1,Modere
ST0011,A0002,2022-08,26000,6,2022-08-01,2022,8,3,-0.8660254037844385,-0.5000000000000004,0,0,3,29000.0,50000.0,30000.0,33000.0,27333.33333333333,25416.666666666668,15394.80431834066,1.2983,10,1,Modere
ST0011,A0002,2022-09,20000,6,2022-09-01,2022,9,3,-1.0,-1.8369701987210294e-16,0,0,3,26000.0,20000.0,21000.0,25000.0,28333.33333333333,25083.33333333333,4582.575694955869,0.9966,10,1,Modere
ST0011,A0002,2022-10,24000,5,2022-10-01,2022,10,4,-0.8660254037844386,0.5000000000000001,0,1,3,20000.0,29000.0,17000.0,25000.0,30333.33333333333,25000.0,4582.575694955869,1.0,10,1,Modere
ST0011,A0002,2022-11,27000,6,2022-11-01,2022,11,4,-0.5000000000000004,0.8660254037844384,0,1,3,24000.0,26000.0,29000.0,23333.33333333333,28166.666666666668,25583.33333333333,3055.050463303937,0.912,10,1,Modere
ST0011,A0002,2022-12,23000,5,2022-12-01,2022,12,4,-2.4492935982947064e-16,1.0,0,1,0,27000.0,20000.0,23000.0,23666.666666666668,24333.33333333333,25416.666666666668,3511.884584284284,0.9311,10,1,Modere
ST0011,A0002,2023-01,12000,3,2023-01-01,2023,1,1,0.4999999999999999,0.8660254037844387,1,0,0,23000.0,24000.0,21000.0,24666.666666666668,24833.33333333333,25416.666666666668,2081.665999466196,0.9705,10,1,Modere
ST0011,A0002,2023-02,17000,3,2023-02-01,2023,2,1,0.8660254037844386,0.5000000000000001,1,0,0,12000.0,27000.0,20000.0,20666.666666666668,22000.0,24666.666666666668,7767.453465154046,0.8378,10,1,Modere
ST0011,A0002,2023-03,15000,5,2023-03-01,2023,3,1,1.0,6.123233995736766e-17,1,0,1,17000.0,23000.0,8000.0,17333.333333333332,20500.0,24416.666666666668,5507.570547286127,0.7099,10,1,Modere
ST0011,A0002,2023-04,8000,2,2023-04-01,2023,4,2,0.8660254037844387,-0.4999999999999998,0,0,1,15000.0,12000.0,37000.0,14666.666666666666,19666.666666666668,25000.0,2516.611478423636,0.5866,10,1,Modere
ST0011,A0002,2023-05,8000,3,2023-05-01,2023,5,2,0.4999999999999999,-0.8660254037844387,0,0,2,8000.0,17000.0,50000.0,13333.333333333334,17000.0,22583.33333333333,4725.815626252637,0.5904,10,1,Modere
ST0011,A0002,2023-06,19000,3,2023-06-01,2023,6,2,1.2246467991473532e-16,-1.0,0,0,2,8000.0,15000.0,20000.0,10333.333333333334,13833.333333333334,19083.33333333333,4041.451884327414,0.5415,10,1,Modere
ST0011,A0002,2023-07,15000,1,2023-07-01,2023,7,3,-0.4999999999999997,-0.8660254037844388,0,0,2,19000.0,8000.0,29000.0,11666.666666666666,13166.666666666666,19000.0,6350.852961085905,0.614,10,1,Modere
ST0011,A0002,2023-08,15000,1,2023-08-01,2023,8,3,-0.8660254037844385,-0.5000000000000004,0,0,3,15000.0,8000.0,26000.0,14000.0,13666.666666666666,17833.333333333332,5567.764362830046,0.785,10,1,Modere
ST0011,A0002,2023-09,15000,2,2023-09-01,2023,9,3,-1.0,-1.8369701987210294e-16,0,0,3,15000.0,19000.0,20000.0,16333.333333333334,13333.333333333334,16916.666666666668,2309.4010767585564,0.9655,10,1,Modere
ST0011,A0002,2023-10,11000,1,2023-10-01,2023,10,4,-0.8660254037844386,0.5000000000000001,0,1,3,15000.0,15000.0,24000.0,15000.0,13333.333333333334,16500.0,0.0,0.909,10,1,Modere
ST0011,A0002,2023-11,10000,1,2023-11-01,2023,11,4,-0.5000000000000004,0.8660254037844384,0,1,3,11000.0,15000.0,27000.0,13666.666666666666,13833.333333333334,15416.666666666666,2309.401076758561,0.8864,10,1,Modere
ST0011,A0002,2023-12,20000,3,2023-12-01,2023,12,4,-2.4492935982947064e-16,1.0,0,1,0,10000.0,15000.0,23000.0,12000.0,14166.666666666666,14000.0,2645.7513110646432,0.8571,10,1,Modere
ST0011,A0002,2024-01,22000,2,2024-01-01,2024,1,1,0.4999999999999999,0.8660254037844387,1,0,0,20000.0,11000.0,12000.0,13666.666666666666,14333.333333333334,13750.0,5507.5705472861255,0.9939,10,1,Modere
ST0011,A0002,2024-02,10000,1,2024-02-01,2024,2,1,0.8660254037844386,0.5000000000000001,1,0,0,22000.0,10000.0,17000.0,17333.333333333332,15500.0,14583.333333333334,6429.100507328655,1.1885,10,1,Modere
ST0011,A0002,2024-03,20000,2,2024-03-01,2024,3,1,1.0,6.123233995736766e-17,1,0,1,10000.0,20000.0,15000.0,17333.333333333332,14666.666666666666,14000.0,6429.100507328655,1.238,10,1,Modere
ST0011,A0002,2024-04,10000,1,2024-04-01,2024,4,2,0.8660254037844387,-0.4999999999999998,0,0,1,20000.0,22000.0,8000.0,17333.333333333332,15500.0,14416.666666666666,6429.100507328655,1.2022,10,1,Modere
ST0011,A0002,2024-06,10000,1,2024-06-01,2024,6,2,1.2246467991473532e-16,-1.0,0,0,2,10000.0,10000.0,8000.0,13333.333333333334,15333.333333333334,14583.333333333334,5773.50269189628,0.9142,10,1,Modere
ST0011,A0002,2024-07,20000,2,2024-07-01,2024,7,3,-0.4999999999999997,-0.8660254037844388,0,0,2,10000.0,20000.0,19000.0,13333.333333333334,15333.333333333334,14750.0,5773.50269189628,0.9039,10,1,Modere
ST0011,A0002,2024-08,20000,2,2024-08-01,2024,8,3,-0.8660254037844385,-0.5000000000000004,0,0,3,20000.0,10000.0,15000.0,13333.333333333334,15333.333333333334,14833.333333333334,5773.50269189628,0.8988,10,1,Modere
ST0011,A0002,2024-09,10000,1,2024-09-01,2024,9,3,-1.0,-1.8369701987210294e-16,0,0,3,20000.0,10000.0,15000.0,16666.666666666668,15000.0,15250.0,5773.502691896279,1.0928,10,1,Modere
ST0011,A0002,2024-10,20000,2,2024-10-01,2024,10,4,-0.8660254037844386,0.5000000000000001,0,1,3,10000.0,20000.0,15000.0,16666.666666666668,15000.0,14833.333333333334,5773.502691896279,1.1235,10,1,Modere
ST0011,A0002,2024-11,10000,1,2024-11-01,2024,11,4,-0.5000000000000004,0.8660254037844384,0,1,3,20000.0,20000.0,11000.0,16666.666666666668,15000.0,15250.0,5773.502691896279,1.0928,10,1,Modere
ST0011,A0002,2024-12,18000,3,2024-12-01,2024,12,4,-2.4492935982947064e-16,1.0,0,1,0,10000.0,10000.0,10000.0,13333.333333333334,15000.0,15166.666666666666,5773.502691896279,0.8791,10,1,Modere
ST0011,A0002,2025-01,5000,2,2025-01-01,2025,1,1,0.4999999999999999,0.8660254037844387,1,0,0,18000.0,20000.0,20000.0,16000.0,16333.333333333334,15833.333333333334,5291.5026221292055,1.0105,10,1,Modere
ST0011,A0002,2025-02,11000,2,2025-02-01,2025,2,1,0.8660254037844386,0.5000000000000001,1,0,0,5000.0,10000.0,22000.0,11000.0,13833.333333333334,14583.333333333334,6557.43852430202,0.7542,10,1,Modere
ST0011,A0002,2025-03,10000,3,2025-03-01,2025,3,1,1.0,6.123233995736766e-17,1,0,1,11000.0,18000.0,10000.0,11333.333333333334,12333.333333333334,13666.666666666666,6506.407098647731,0.8292,10,1,Modere
ST0011,A0002,2025-04,15000,3,2025-04-01,2025,4,2,0.8660254037844387,-0.4999999999999998,0,0,1,10000.0,5000.0,20000.0,8666.666666666666,12333.333333333334,13666.666666666666,3214.550253664358,0.6341,10,1,Modere
ST0011,A0002,2025-05,12000,3,2025-05-01,2025,5,2,0.4999999999999999,-0.8660254037844387,0,0,2,15000.0,11000.0,10000.0,12000.0,11500.0,13250.0,2645.7513110646364,0.9056,10,1,Modere
ST0011,A0002,2025-06,13000,3,2025-06-01,2025,6,2,1.2246467991473532e-16,-1.0,0,0,2,12000.0,10000.0,10000.0,12333.333333333334,11833.333333333334,13416.666666666666,2516.611478423631,0.9192,10,1,Modere
ST0011,A0002,2025-07,10000,2,2025-07-01,2025,7,3,-0.4999999999999997,-0.8660254037844388,0,0,2,13000.0,15000.0,20000.0,13333.333333333334,11000.0,13666.666666666666,1527.5252316520234,0.9755,10,1,Modere
ST0011,A0002,2025-08,15000,2,2025-08-01,2025,8,3,-0.8660254037844385,-0.5000000000000004,0,0,3,10000.0,12000.0,20000.0,11666.666666666666,11833.333333333334,12833.333333333334,1527.5252316520275,0.909,10,1,Modere
ST0011,A0002,2025-09,10000,1,2025-09-01,2025,9,3,-1.0,-1.8369701987210294e-16,0,0,3,15000.0,13000.0,10000.0,12666.666666666666,12500.0,12416.666666666666,2516.6114784236306,1.0201,10,1,Modere
ST0011,A0002,2025-10,10000,2,2025-10-01,2025,10,4,-0.8660254037844386,0.5000000000000001,0,1,3,10000.0,10000.0,20000.0,11666.666666666666,12500.0,12416.666666666666,2886.7513459481715,0.9395,10,1,Modere
ST0011,A0002,2025-11,15000,4,2025-11-01,2025,11,4,-0.5000000000000004,0.8660254037844384,0,1,3,10000.0,15000.0,10000.0,11666.666666666666,11666.666666666666,11583.333333333334,2886.7513459481715,1.0071,10,1,Modere
ST0011,A0002,2025-12,10000,2,2025-12-01,2025,12,4,-2.4492935982947064e-16,1.0,0,1,0,15000.0,10000.0,18000.0,11666.666666666666,12166.666666666666,12000.0,2886.7513459481715,0.9721,10,1,Modere
ST0012,A0001,2021-01,69000,6,2021-01-01,2021,1,1,0.4999999999999999,0.8660254037844387,1,0,0,89000.0,80000.0,15000.0,79333.33333333333,82333.33333333333,65927.08333333333,10016.65280087782,1.2033,11,0,Modere
ST0012,A0001,2021-02,77000,6,2021-02-01,2021,2,1,0.8660254037844386,0.5000000000000001,1,0,0,69000.0,69000.0,47125.0,75666.66666666667,78833.33333333333,70427.08333333333,11547.00538379252,1.0744,11,0,Modere
ST0012,A0001,2021-03,80000,7,2021-03-01,2021,3,1,1.0,6.123233995736766e-17,1,0,1,77000.0,89000.0,36000.0,78333.33333333333,78666.66666666667,72916.66666666667,10066.44591369434,1.0743,11,0,Modere
ST0012,A0001,2021-04,85000,6,2021-04-01,2021,4,2,0.8660254037844387,-0.4999999999999998,0,0,1,80000.0,69000.0,54000.0,75333.33333333333,77333.33333333333,76583.33333333333,5686.240703077334,0.9837,11,0,Modere
ST0012,A0001,2021-05,70000,5,2021-05-01,2021,5,2,0.4999999999999999,-0.8660254037844387,0,0,2,85000.0,77000.0,73000.0,80666.66666666667,78166.66666666667,79166.66666666667,4041.451884327391,1.0189,11,0,Modere
ST0012,A0001,2021-06,88000,6,2021-06-01,2021,6,2,1.2246467991473532e-16,-1.0,0,0,2,70000.0,80000.0,72000.0,78333.33333333333,78333.33333333333,78916.66666666667,7637.626158259736,0.9926,11,0,Modere
ST0012,A0001,2021-07,115000,8,2021-07-01,2021,7,3,-0.4999999999999997,-0.8660254037844388,0,0,2,88000.0,85000.0,90000.0,81000.0,78166.66666666667,80250.0,9643.650760992956,1.0093,11,0,Modere
ST0012,A0001,2021-08,97000,9,2021-08-01,2021,8,3,-0.8660254037844385,-0.5000000000000004,0,0,3,115000.0,70000.0,78000.0,91000.0,85833.33333333333,82333.33333333333,22649.50330581225,1.1052,11,0,Modere
ST0012,A0001,2021-09,103000,7,2021-09-01,2021,9,3,-1.0,-1.8369701987210294e-16,0,0,3,97000.0,88000.0,88000.0,100000.0,89166.66666666667,83916.66666666667,13747.72708486752,1.1916,11,0,Modere
ST0012,A0001,2021-10,83000,5,2021-10-01,2021,10,4,-0.8660254037844386,0.5000000000000001,0,1,3,103000.0,115000.0,80000.0,105000.0,93000.0,85166.66666666667,9165.15138991168,1.2329,11,0,Modere
ST0012,A0001,2021-11,105000,7,2021-11-01,2021,11,4,-0.5000000000000004,0.8660254037844384,0,1,3,83000.0,97000.0,69000.0,94333.33333333331,92666.66666666669,85416.66666666667,10263.202878893766,1.1044,11,0,Modere
ST0012,A0001,2021-12,109000,7,2021-12-01,2021,12,4,-2.4492935982947064e-16,1.0,0,1,0,105000.0,103000.0,89000.0,97000.0,98500.0,88416.66666666667,12165.525060596436,1.0971,11,0,Modere
ST0012,A0001,2022-01,85000,5,2022-01-01,2022,1,1,0.4999999999999999,0.8660254037844387,1,0,0,109000.0,83000.0,69000.0,99000.0,102000.0,90083.33333333331,13999.999999999998,1.099,11,0,Modere
ST0012,A0001,2022-02,100000,7,2022-02-01,2022,2,1,0.8660254037844386,0.5000000000000001,1,0,0,85000.0,105000.0,77000.0,99666.66666666669,97000.0,91416.66666666669,12858.201014657272,1.0902,11,0,Modere
ST0012,A0001,2022-03,100000,6,2022-03-01,2022,3,1,1.0,6.123233995736766e-17,1,0,1,100000.0,109000.0,80000.0,98000.0,97500.0,93333.33333333331,12124.355652982142,1.05,11,0,Modere
ST0012,A0001,2022-04,74000,7,2022-04-01,2022,4,2,0.8660254037844387,-0.4999999999999998,0,0,1,100000.0,85000.0,85000.0,95000.0,97000.0,95000.0,8660.254037844386,1.0,11,0,Modere
ST0012,A0001,2022-05,79000,8,2022-05-01,2022,5,2,0.4999999999999999,-0.8660254037844387,0,0,2,74000.0,100000.0,70000.0,91333.33333333331,95500.0,94083.33333333331,15011.106998930269,0.9708,11,0,Modere
ST0012,A0001,2022-06,86000,6,2022-06-01,2022,6,2,1.2246467991473532e-16,-1.0,0,0,2,79000.0,100000.0,88000.0,84333.33333333333,91166.66666666669,94833.33333333331,13796.134724383248,0.8893,11,0,Modere
ST0012,A0001,2022-07,64000,5,2022-07-01,2022,7,3,-0.4999999999999997,-0.8660254037844388,0,0,2,86000.0,74000.0,115000.0,79666.66666666667,87333.33333333333,94666.66666666669,6027.713773341692,0.8415,11,0,Modere
ST0012,A0001,2022-08,92000,7,2022-08-01,2022,8,3,-0.8660254037844385,-0.5000000000000004,0,0,3,64000.0,79000.0,97000.0,76333.33333333333,83833.33333333333,90416.66666666669,11239.810200058231,0.8442,11,0,Modere
ST0012,A0001,2022-09,90000,6,2022-09-01,2022,9,3,-1.0,-1.8369701987210294e-16,0,0,3,92000.0,86000.0,103000.0,80666.66666666667,82500.0,90000.0,14742.229591663976,0.8963,11,0,Modere
ST0012,A0001,2022-10,54000,4,2022-10-01,2022,10,4,-0.8660254037844386,0.5000000000000001,0,1,3,90000.0,64000.0,83000.0,82000.0,80833.33333333333,88916.66666666667,15620.4993518133,0.9222,11,0,Modere
ST0012,A0001,2022-11,66000,6,2022-11-01,2022,11,4,-0.5000000000000004,0.8660254037844384,0,1,3,54000.0,92000.0,105000.0,78666.66666666667,77500.0,86500.0,21385.353243127247,0.9094,11,0,Modere
ST0012,A0001,2022-12,73000,5,2022-12-01,2022,12,4,-2.4492935982947064e-16,1.0,0,1,0,66000.0,90000.0,109000.0,70000.0,75333.33333333333,83250.0,18330.30277982336,0.8408,11,0,Modere
ST0012,A0001,2023-01,56000,4,2023-01-01,2023,1,1,0.4999999999999999,0.8660254037844387,1,0,0,73000.0,54000.0,85000.0,64333.333333333336,73166.66666666667,80250.0,9609.023536933042,0.8017,11,0,Modere
ST0012,A0001,2023-02,52000,4,2023-02-01,2023,2,1,0.8660254037844386,0.5000000000000001,1,0,0,56000.0,66000.0,100000.0,65000.0,71833.33333333333,77833.33333333333,8544.003745317521,0.8351,11,0,Modere
ST0012,A0001,2023-03,70000,6,2023-03-01,2023,3,1,1.0,6.123233995736766e-17,1,0,1,52000.0,73000.0,100000.0,60333.333333333336,65166.66666666666,73833.33333333333,11150.48578911848,0.8171,11,0,Modere
ST0012,A0001,2023-04,42000,4,2023-04-01,2023,4,2,0.8660254037844387,-0.4999999999999998,0,0,1,70000.0,56000.0,74000.0,59333.333333333336,61833.333333333336,71333.33333333333,9451.631252505207,0.8318,11,0,Modere
ST0012,A0001,2023-05,45000,4,2023-05-01,2023,5,2,0.4999999999999999,-0.8660254037844387,0,0,2,42000.0,52000.0,79000.0,54666.66666666666,59833.333333333336,68666.66666666667,14189.197769195169,0.7961,11,0,Modere
ST0012,A0001,2023-06,76000,6,2023-06-01,2023,6,2,1.2246467991473532e-16,-1.0,0,0,2,45000.0,70000.0,86000.0,52333.333333333336,56333.333333333336,65833.33333333333,15373.136743466936,0.7949,11,0,Modere
ST0012,A0001,2023-07,97000,5,2023-07-01,2023,7,3,-0.4999999999999997,-0.8660254037844388,0,0,2,76000.0,42000.0,64000.0,54333.333333333336,56833.333333333336,65000.0,18823.74387132733,0.8359,11,0,Modere
ST0012,A0001,2023-08,71000,5,2023-08-01,2023,8,3,-0.8660254037844385,-0.5000000000000004,0,0,3,97000.0,45000.0,92000.0,72666.66666666667,63666.66666666666,67750.0,26159.76554431123,1.0726,11,0,Modere
ST0012,A0001,2023-09,54000,3,2023-09-01,2023,9,3,-1.0,-1.8369701987210294e-16,0,0,3,71000.0,76000.0,90000.0,81333.33333333333,66833.33333333333,66000.0,13796.134724383232,1.2323,11,0,Modere
ST0012,A0001,2023-10,61000,5,2023-10-01,2023,10,4,-0.8660254037844386,0.5000000000000001,0,1,3,54000.0,97000.0,54000.0,74000.0,64166.66666666666,63000.0,21656.407827707702,1.1746,11,0,Modere
ST0012,A0001,2023-11,63000,5,2023-11-01,2023,11,4,-0.5000000000000004,0.8660254037844384,0,1,3,61000.0,71000.0,66000.0,62000.0,67333.33333333333,63583.333333333336,8544.003745317503,0.9751,11,0,Modere
ST0012,A0001,2023-12,49000,3,2023-12-01,2023,12,4,-2.4492935982947064e-16,1.0,0,1,0,63000.0,54000.0,73000.0,59333.333333333336,70333.33333333333,63333.333333333336,4725.815626252557,0.9368,11,0,Modere
ST0012,A0001,2024-01,48000,4,2024-01-01,2024,1,1,0.4999999999999999,0.8660254037844387,1,0,0,49000.0,61000.0,56000.0,57666.66666666666,65833.33333333333,61333.333333333336,7571.877794400331,0.9402,11,0,Modere
ST0012,A0001,2024-02,35000,3,2024-02-01,2024,2,1,0.8660254037844386,0.5000000000000001,1,0,0,48000.0,63000.0,52000.0,53333.333333333336,57666.66666666666,60666.66666666666,8386.497083606053,0.8791,11,0,Modere
ST0012,A0001,2024-03,49000,5,2024-03-01,2024,3,1,1.0,6.123233995736766e-17,1,0,1,35000.0,49000.0,70000.0,44000.0,51666.66666666666,59250.0,7810.249675906623,0.7426,11,0,Modere
ST0012,A0001,2024-04,30000,3,2024-04-01,2024,4,2,0.8660254037844387,-0.4999999999999998,0,0,1,49000.0,48000.0,42000.0,44000.0,50833.333333333336,57500.0,7810.249675906623,0.7652,11,0,Modere
ST0012,A0001,2024-05,34000,3,2024-05-01,2024,5,2,0.4999999999999999,-0.8660254037844387,0,0,2,30000.0,35000.0,45000.0,38000.0,45666.66666666666,56500.0,9848.85780179608,0.6726,11,0,Modere
ST0012,A0001,2024-06,26000,2,2024-06-01,2024,6,2,1.2246467991473532e-16,-1.0,0,0,2,34000.0,49000.0,76000.0,37666.66666666666,40833.333333333336,55583.333333333336,10016.65280087779,0.6776,11,0,Modere
ST0012,A0001,2024-07,64000,7,2024-07-01,2024,7,3,-0.4999999999999997,-0.8660254037844388,0,0,2,26000.0,30000.0,97000.0,30000.0,37000.0,51416.66666666666,3999.9999999999327,0.5835,11,0,Modere
ST0012,A0001,2024-08,53000,6,2024-08-01,2024,8,3,-0.8660254037844385,-0.5000000000000004,0,0,3,64000.0,34000.0,71000.0,41333.333333333336,39666.66666666666,48666.66666666666,20033.305601755612,0.8493,11,0,Modere
ST0012,A0001,2024-09,46000,4,2024-09-01,2024,9,3,-1.0,-1.8369701987210294e-16,0,0,3,53000.0,26000.0,54000.0,47666.66666666666,42666.66666666666,47166.66666666666,19553.345834749944,1.0106,11,0,Modere
ST0012,A0001,2024-10,45000,6,2024-10-01,2024,10,4,-0.8660254037844386,0.5000000000000001,0,1,3,46000.0,64000.0,61000.0,54333.333333333336,42166.66666666666,46500.0,9073.77172587745,1.1684,11,0,Modere
ST0012,A0001,2024-11,42000,5,2024-11-01,2024,11,4,-0.5000000000000004,0.8660254037844384,0,1,3,45000.0,53000.0,63000.0,48000.0,44666.66666666666,45166.66666666666,4358.898943540643,1.0627,11,0,Modere
ST0012,A0001,2024-12,47000,8,2024-12-01,2024,12,4,-2.4492935982947064e-16,1.0,0,1,0,42000.0,46000.0,49000.0,44333.333333333336,46000.0,43416.66666666666,2081.665999466069,1.0211,11,0,Modere
ST0012,A0001,2025-01,43000,7,2025-01-01,2025,1,1,0.4999999999999999,0.8660254037844387,1,0,0,47000.0,45000.0,48000.0,44666.66666666666,49500.0,43250.0,2516.6114784235324,1.0327,11,0,Modere
ST0012,A0001,2025-02,30000,7,2025-02-01,2025,2,1,0.8660254037844386,0.5000000000000001,1,0,0,43000.0,42000.0,35000.0,44000.0,46000.0,42833.333333333336,2645.751311064542,1.0272,11,0,Modere
ST0012,A0001,2025-03,19000,3,2025-03-01,2025,3,1,1.0,6.123233995736766e-17,1,0,1,30000.0,47000.0,49000.0,40000.0,42166.66666666666,42416.66666666666,8888.194417315575,0.943,11,0,Modere
ST0012,A0001,2025-04,26000,4,2025-04-01,2025,4,2,0.8660254037844387,-0.4999999999999998,0,0,1,19000.0,43000.0,30000.0,30666.666666666668,37666.66666666666,39916.66666666666,12013.880860626725,0.7682,11,0,Modere
ST0012,A0001,2025-05,20000,2,2025-05-01,2025,5,2,0.4999999999999999,-0.8660254037844387,0,0,2,26000.0,30000.0,34000.0,25000.0,34500.0,39583.333333333336,5567.764362829999,0.6316,11,0,Modere
ST0012,A0001,2025-06,20000,2,2025-06-01,2025,6,2,1.2246467991473532e-16,-1.0,0,0,2,20000.0,19000.0,26000.0,21666.666666666668,30833.33333333333,38416.66666666666,3785.938897200149,0.564,11,0,Modere
ST0012,A0001,2025-07,33000,6,2025-07-01,2025,7,3,-0.4999999999999997,-0.8660254037844388,0,0,2,20000.0,26000.0,64000.0,22000.0,26333.33333333333,37916.66666666666,3464.101615137718,0.5802,11,0,Modere
ST0012,A0001,2025-08,20000,2,2025-08-01,2025,8,3,-0.8660254037844385,-0.5000000000000004,0,0,3,33000.0,20000.0,53000.0,24333.33333333333,24666.666666666668,35333.333333333336,7505.553499465119,0.6887,11,0,Modere
ST0012,A0001,2025-09,25000,3,2025-09-01,2025,9,3,-1.0,-1.8369701987210294e-16,0,0,3,20000.0,20000.0,46000.0,24333.33333333333,23000.0,32583.33333333333,7505.553499465119,0.7468,11,0,Modere
ST0012,A0001,2025-10,45000,6,2025-10-01,2025,10,4,-0.8660254037844386,0.5000000000000001,0,1,3,25000.0,33000.0,45000.0,26000.0,24000.0,30833.33333333333,6557.438524301982,0.8432,11,0,Modere
ST0012,A0001,2025-11,31000,6,2025-11-01,2025,11,4,-0.5000000000000004,0.8660254037844384,0,1,3,45000.0,20000.0,42000.0,30000.0,27166.666666666668,30833.33333333333,13228.756555322943,0.9729,11,0,Modere
ST0012,A0001,2025-12,35000,7,2025-12-01,2025,12,4,-2.4492935982947064e-16,1.0,0,1,0,31000.0,25000.0,47000.0,33666.666666666664,29000.0,29916.666666666668,10263.202878893757,1.1253,11,0,Modere
ST0012,A0002,2021-01,50000,8,2021-01-01,2021,1,1,0.4999999999999999,0.8660254037844387,1,0,0,73000.0,78000.0,5000.0,71000.0,71500.0,54606.66666666666,8185.352771872451,1.3002,11,1,Modere
ST0012,A0002,2021-02,77000,7,2021-02-01,2021,2,1,0.8660254037844386,0.5000000000000001,1,0,0,50000.0,62000.0,36280.0,61666.66666666666,66666.66666666667,58356.66666666666,11503.62261782493,1.0567,11,1,Modere
ST0012,A0002,2021-03,78000,7,2021-03-01,2021,3,1,1.0,6.123233995736766e-17,1,0,1,77000.0,73000.0,16000.0,66666.66666666667,69333.33333333333,61750.0,14571.661996262928,1.0796,11,1,Modere
ST0012,A0002,2021-04,72000,6,2021-04-01,2021,4,2,0.8660254037844387,-0.4999999999999998,0,0,1,78000.0,50000.0,42000.0,68333.33333333333,69666.66666666667,66916.66666666667,15885.003409925135,1.0212,11,1,Modere
ST0012,A0002,2021-05,65000,5,2021-05-01,2021,5,2,0.4999999999999999,-0.8660254037844387,0,0,2,72000.0,77000.0,67000.0,75666.66666666667,68666.66666666667,69416.66666666667,3214.550253664269,1.09,11,1,Modere
ST0012,A0002,2021-06,75000,6,2021-06-01,2021,6,2,1.2246467991473532e-16,-1.0,0,0,2,65000.0,78000.0,60000.0,71666.66666666667,69166.66666666667,69250.0,6506.40709864769,1.0349,11,1,Modere
ST0012,A0002,2021-07,75000,7,2021-07-01,2021,7,3,-0.4999999999999997,-0.8660254037844388,0,0,2,75000.0,72000.0,79000.0,70666.66666666667,69500.0,70500.0,5131.601439446857,1.0023,11,1,Modere
ST0012,A0002,2021-08,83000,9,2021-08-01,2021,8,3,-0.8660254037844385,-0.5000000000000004,0,0,3,75000.0,65000.0,61000.0,71666.66666666667,73666.66666666667,70166.66666666667,5773.502691896233,1.0214,11,1,Modere
ST0012,A0002,2021-09,75000,7,2021-09-01,2021,9,3,-1.0,-1.8369701987210294e-16,0,0,3,83000.0,75000.0,76000.0,77666.66666666667,74666.66666666667,72000.0,4618.80215351697,1.0787,11,1,Modere
ST0012,A0002,2021-10,67000,5,2021-10-01,2021,10,4,-0.8660254037844386,0.5000000000000001,0,1,3,75000.0,75000.0,78000.0,77666.66666666667,74166.66666666667,71916.66666666667,4618.80215351697,1.0799,11,1,Modere
ST0012,A0002,2021-11,102000,7,2021-11-01,2021,11,4,-0.5000000000000004,0.8660254037844384,0,1,3,67000.0,83000.0,62000.0,75000.0,73333.33333333333,71000.0,7999.999999999978,1.0563,11,1,Modere
ST0012,A0002,2021-12,92000,8,2021-12-01,2021,12,4,-2.4492935982947064e-16,1.0,0,1,0,102000.0,75000.0,73000.0,81333.33333333333,79500.0,74333.33333333333,18339.392937971887,1.0942,11,1,Modere
ST0012,A0002,2022-01,51000,5,2022-01-01,2022,1,1,0.4999999999999999,0.8660254037844387,1,0,0,92000.0,67000.0,50000.0,87000.0,82333.33333333333,75916.66666666667,18027.75637731994,1.146,11,1,Modere
ST0012,A0002,2022-02,74000,6,2022-02-01,2022,2,1,0.8660254037844386,0.5000000000000001,1,0,0,51000.0,102000.0,77000.0,81666.66666666667,78333.33333333333,76000.0,27024.680078279063,1.0745,11,1,Modere
ST0012,A0002,2022-03,50000,5,2022-03-01,2022,3,1,1.0,6.123233995736766e-17,1,0,1,74000.0,92000.0,78000.0,72333.33333333333,76833.33333333333,75750.0,20550.75018906447,0.9549,11,1,Modere
ST0012,A0002,2022-04,45000,3,2022-04-01,2022,4,2,0.8660254037844387,-0.4999999999999998,0,0,1,50000.0,51000.0,72000.0,58333.333333333336,72666.66666666667,73416.66666666667,13576.941236277526,0.7945,11,1,Modere
ST0012,A0002,2022-05,158000,6,2022-05-01,2022,5,2,0.4999999999999999,-0.8660254037844387,0,0,2,45000.0,74000.0,65000.0,56333.333333333336,69000.0,71166.66666666667,15502.687938977971,0.7916,11,1,Modere
ST0012,A0002,2022-06,139000,7,2022-06-01,2022,6,2,1.2246467991473532e-16,-1.0,0,0,2,158000.0,50000.0,75000.0,84333.33333333333,78333.33333333333,78916.66666666667,63846.16929255296,1.0686,11,1,Modere
ST0012,A0002,2022-07,92000,7,2022-07-01,2022,7,3,-0.4999999999999997,-0.8660254037844388,0,0,2,139000.0,45000.0,75000.0,114000.0,86166.66666666667,84250.0,60506.19802962338,1.3531,11,1,Modere
ST0012,A0002,2022-08,78000,7,2022-08-01,2022,8,3,-0.8660254037844385,-0.5000000000000004,0,0,3,92000.0,158000.0,83000.0,129666.66666666669,93000.0,85666.66666666667,33975.481355432385,1.5136,11,1,Modere
ST0012,A0002,2022-09,87000,7,2022-09-01,2022,9,3,-1.0,-1.8369701987210294e-16,0,0,3,78000.0,139000.0,75000.0,103000.0,93666.66666666669,85250.0,31953.09061734092,1.2082,11,1,Modere
ST0012,A0002,2022-10,60000,4,2022-10-01,2022,10,4,-0.8660254037844386,0.5000000000000001,0,1,3,87000.0,92000.0,67000.0,85666.66666666667,99833.33333333331,86250.0,7094.598884597604,0.9932,11,1,Modere
ST0012,A0002,2022-11,84000,6,2022-11-01,2022,11,4,-0.5000000000000004,0.8660254037844384,0,1,3,60000.0,78000.0,102000.0,75000.0,102333.33333333331,85666.66666666667,13747.727084867529,0.8755,11,1,Modere
ST0012,A0002,2022-12,69000,7,2022-12-01,2022,12,4,-2.4492935982947064e-16,1.0,0,1,0,84000.0,87000.0,92000.0,77000.0,90000.0,84166.66666666667,14798.648586948751,0.9148,11,1,Modere
ST0012,A0002,2023-01,41000,4,2023-01-01,2023,1,1,0.4999999999999999,0.8660254037844387,1,0,0,69000.0,60000.0,51000.0,71000.0,78333.33333333333,82250.0,12124.355652982153,0.8632,11,1,Modere
ST0012,A0002,2023-02,40000,4,2023-02-01,2023,2,1,0.8660254037844386,0.5000000000000001,1,0,0,41000.0,84000.0,74000.0,64666.66666666666,69833.33333333333,81416.66666666667,21825.06204649448,0.7943,11,1,Modere
ST0012,A0002,2023-03,59000,6,2023-03-01,2023,3,1,1.0,6.123233995736766e-17,1,0,1,40000.0,69000.0,50000.0,50000.0,63500.0,78583.33333333333,16462.077633154335,0.6363,11,1,Modere
ST0012,A0002,2023-04,42000,5,2023-04-01,2023,4,2,0.8660254037844387,-0.4999999999999998,0,0,1,59000.0,41000.0,45000.0,46666.66666666666,58833.333333333336,79333.33333333333,10692.67662156364,0.5882,11,1,Modere
ST0012,A0002,2023-05,51000,5,2023-05-01,2023,5,2,0.4999999999999999,-0.8660254037844387,0,0,2,42000.0,40000.0,158000.0,47000.0,55833.333333333336,79083.33333333333,10440.306508910564,0.5943,11,1,Modere
ST0012,A0002,2023-06,70000,6,2023-06-01,2023,6,2,1.2246467991473532e-16,-1.0,0,0,2,51000.0,59000.0,139000.0,50666.66666666666,50333.333333333336,70166.66666666667,8504.900548115398,0.7221,11,1,Modere
ST0012,A0002,2023-07,47000,3,2023-07-01,2023,7,3,-0.4999999999999997,-0.8660254037844388,0,0,2,70000.0,42000.0,92000.0,54333.333333333336,50500.0,64416.66666666666,14294.52109492772,0.8435,11,1,Modere
ST0012,A0002,2023-08,36000,2,2023-08-01,2023,8,3,-0.8660254037844385,-0.5000000000000004,0,0,3,47000.0,51000.0,78000.0,56000.0,51500.0,60666.66666666666,12288.205727444514,0.9231,11,1,Modere
ST0012,A0002,2023-09,35000,2,2023-09-01,2023,9,3,-1.0,-1.8369701987210294e-16,0,0,3,36000.0,70000.0,87000.0,51000.0,50833.333333333336,57166.66666666666,17349.351572897478,0.8921,11,1,Modere
ST0012,A0002,2023-10,46000,4,2023-10-01,2023,10,4,-0.8660254037844386,0.5000000000000001,0,1,3,35000.0,47000.0,60000.0,39333.333333333336,46833.333333333336,52833.333333333336,6658.328118479407,0.7445,11,1,Modere
ST0012,A0002,2023-11,45000,4,2023-11-01,2023,11,4,-0.5000000000000004,0.8660254037844384,0,1,3,46000.0,36000.0,84000.0,39000.0,47500.0,51666.66666666666,6082.762530298236,0.7548,11,1,Modere
ST0012,A0002,2023-12,32000,2,2023-12-01,2023,12,4,-2.4492935982947064e-16,1.0,0,1,0,45000.0,35000.0,69000.0,42000.0,46500.0,48416.66666666666,6082.762530298236,0.8675,11,1,Modere
ST0012,A0002,2024-01,34000,2,2024-01-01,2024,1,1,0.4999999999999999,0.8660254037844387,1,0,0,32000.0,46000.0,41000.0,41000.0,40166.66666666666,45333.333333333336,7810.249675906667,0.9044,11,1,Modere
ST0012,A0002,2024-02,30000,2,2024-02-01,2024,2,1,0.8660254037844386,0.5000000000000001,1,0,0,34000.0,45000.0,40000.0,37000.0,38000.0,44750.0,7000.000000000015,0.8268,11,1,Modere
ST0012,A0002,2024-03,30000,3,2024-03-01,2024,3,1,1.0,6.123233995736766e-17,1,0,1,30000.0,32000.0,59000.0,32000.0,37000.0,43916.66666666666,2000.0000000000505,0.7286,11,1,Modere
ST0012,A0002,2024-04,45000,4,2024-04-01,2024,4,2,0.8660254037844387,-0.4999999999999998,0,0,1,30000.0,34000.0,42000.0,31333.33333333333,36166.66666666666,41500.0,2309.4010767585464,0.755,11,1,Modere
ST0012,A0002,2024-05,15000,1,2024-05-01,2024,5,2,0.4999999999999999,-0.8660254037844387,0,0,2,45000.0,30000.0,51000.0,35000.0,36000.0,41750.0,8660.254037844397,0.8383,11,1,Modere
ST0012,A0002,2024-06,30000,3,2024-06-01,2024,6,2,1.2246467991473532e-16,-1.0,0,0,2,15000.0,30000.0,70000.0,30000.0,31000.0,38750.0,15000.000000000004,0.7742,11,1,Modere
ST0012,A0002,2024-07,25000,2,2024-07-01,2024,7,3,-0.4999999999999997,-0.8660254037844388,0,0,2,30000.0,45000.0,47000.0,30000.0,30666.666666666668,35416.666666666664,15000.000000000004,0.847,11,1,Modere
ST0012,A0002,2024-08,40000,4,2024-08-01,2024,8,3,-0.8660254037844385,-0.5000000000000004,0,0,3,25000.0,15000.0,36000.0,23333.33333333333,29166.666666666668,33583.333333333336,7637.626158259745,0.6948,11,1,Modere
ST0012,A0002,2024-09,78000,9,2024-09-01,2024,9,3,-1.0,-1.8369701987210294e-16,0,0,3,40000.0,30000.0,35000.0,31666.666666666668,30833.33333333333,33916.666666666664,7637.626158259745,0.9336,11,1,Modere
ST0012,A0002,2024-10,46000,5,2024-10-01,2024,10,4,-0.8660254037844386,0.5000000000000001,0,1,3,78000.0,25000.0,46000.0,47666.66666666666,38833.333333333336,37500.0,27319.101986217145,1.2711,11,1,Modere
ST0012,A0002,2024-11,42000,4,2024-11-01,2024,11,4,-0.5000000000000004,0.8660254037844384,0,1,3,46000.0,40000.0,45000.0,54666.66666666666,39000.0,37500.0,20428.73792805942,1.4577,11,1,Modere
ST0012,A0002,2024-12,45000,5,2024-12-01,2024,12,4,-2.4492935982947064e-16,1.0,0,1,0,42000.0,78000.0,32000.0,55333.333333333336,43500.0,37250.0,19731.531449265,1.4854,11,1,Modere
ST0012,A0002,2025-01,32000,5,2025-01-01,2025,1,1,0.4999999999999999,0.8660254037844387,1,0,0,45000.0,46000.0,34000.0,44333.333333333336,46000.0,38333.333333333336,2081.665999466189,1.1565,11,1,Modere
ST0012,A0002,2025-02,30000,4,2025-02-01,2025,2,1,0.8660254037844386,0.5000000000000001,1,0,0,32000.0,42000.0,30000.0,39666.66666666666,47166.66666666666,38166.66666666666,6806.859285554062,1.0393,11,1,Modere
ST0012,A0002,2025-03,20000,2,2025-03-01,2025,3,1,1.0,6.123233995736766e-17,1,0,1,30000.0,45000.0,30000.0,35666.666666666664,45500.0,38166.66666666666,8144.527815247091,0.9345,11,1,Modere
ST0012,A0002,2025-04,33000,4,2025-04-01,2025,4,2,0.8660254037844387,-0.4999999999999998,0,0,1,20000.0,32000.0,45000.0,27333.33333333333,35833.333333333336,37333.333333333336,6429.10050732865,0.7321,11,1,Modere
ST0012,A0002,2025-05,35000,4,2025-05-01,2025,5,2,0.4999999999999999,-0.8660254037844387,0,0,2,33000.0,30000.0,15000.0,27666.666666666668,33666.666666666664,36333.333333333336,6806.859285554057,0.7614,11,1,Modere
ST0012,A0002,2025-06,21000,3,2025-06-01,2025,6,2,1.2246467991473532e-16,-1.0,0,0,2,35000.0,20000.0,30000.0,29333.33333333333,32500.0,38000.0,8144.527815247088,0.7719,11,1,Modere
ST0012,A0002,2025-07,22000,2,2025-07-01,2025,7,3,-0.4999999999999997,-0.8660254037844388,0,0,2,21000.0,33000.0,25000.0,29666.666666666668,28500.0,37250.0,7571.877794400377,0.7964,11,1,Modere
ST0012,A0002,2025-08,20000,3,2025-08-01,2025,8,3,-0.8660254037844385,-0.5000000000000004,0,0,3,22000.0,35000.0,40000.0,26000.0,26833.33333333333,37000.0,7810.249675906667,0.7027,11,1,Modere
ST0012,A0002,2025-09,12000,1,2025-09-01,2025,9,3,-1.0,-1.8369701987210294e-16,0,0,3,20000.0,21000.0,78000.0,21000.0,25166.666666666668,35333.333333333336,1000.0000000000967,0.5943,11,1,Modere
ST0012,A0002,2025-10,35000,5,2025-10-01,2025,10,4,-0.8660254037844386,0.5000000000000001,0,1,3,12000.0,22000.0,46000.0,18000.0,23833.33333333333,29833.33333333333,5291.502622129199,0.6033,11,1,Modere
ST0012,A0002,2025-11,25000,4,2025-11-01,2025,11,4,-0.5000000000000004,0.8660254037844384,0,1,3,35000.0,20000.0,42000.0,22333.33333333333,24166.666666666668,28916.666666666668,11676.18659209134,0.7723,11,1,Modere
ST0012,A0002,2025-12,25000,5,2025-12-01,2025,12,4,-2.4492935982947064e-16,1.0,0,1,0,25000.0,12000.0,45000.0,24000.0,22500.0,27500.0,11532.562594670806,0.8727,11,1,Modere
ST0013,A0001,2024-10,38000,4,2024-10-01,2024,10,4,-0.8660254037844386,0.5000000000000001,0,1,3,40000.0,25000.0,15000.0,31666.666666666668,34166.666666666664,28500.0,7637.626158259733,1.1111,12,0,Modere
ST0013,A0001,2024-11,15000,2,2024-11-01,2024,11,4,-0.5000000000000004,0.8660254037844384,0,1,3,38000.0,30000.0,30000.0,36000.0,33833.333333333336,30416.666666666668,5291.502622129179,1.1835,12,0,Modere
ST0013,A0001,2024-12,40000,4,2024-12-01,2024,12,4,-2.4492935982947064e-16,1.0,0,1,0,15000.0,40000.0,20000.0,31000.0,29666.666666666668,29166.666666666668,13892.443989449805,1.0628,12,0,Modere
ST0013,A0001,2025-01,15000,2,2025-01-01,2025,1,1,0.4999999999999999,0.8660254037844387,1,0,0,40000.0,38000.0,20000.0,31000.0,31333.33333333333,30833.33333333333,13892.443989449805,1.0054,12,0,Modere
ST0013,A0001,2025-02,20000,2,2025-02-01,2025,2,1,0.8660254037844386,0.5000000000000001,1,0,0,15000.0,15000.0,30000.0,23333.33333333333,29666.666666666668,30416.666666666668,14433.756729740644,0.7671,12,0,Modere
ST0013,A0001,2025-03,45000,4,2025-03-01,2025,3,1,1.0,6.123233995736766e-17,1,0,1,20000.0,40000.0,22000.0,25000.0,28000.0,29583.33333333333,13228.756555322952,0.845,12,0,Modere
ST0013,A0001,2025-04,25000,2,2025-04-01,2025,4,2,0.8660254037844387,-0.4999999999999998,0,0,1,45000.0,15000.0,40000.0,26666.666666666668,28833.33333333333,31500.0,16072.751268321594,0.8465,12,0,Modere
ST0013,A0001,2025-05,20000,2,2025-05-01,2025,5,2,0.4999999999999999,-0.8660254037844387,0,0,2,25000.0,20000.0,40000.0,30000.0,26666.666666666668,30250.0,13228.756555322956,0.9917,12,0,Modere
ST0013,A0001,2025-06,10000,1,2025-06-01,2025,6,2,1.2246467991473532e-16,-1.0,0,0,2,20000.0,45000.0,30000.0,30000.0,27500.0,28583.33333333333,13228.756555322956,1.0495,12,0,Modere
ST0013,A0001,2025-07,20000,2,2025-07-01,2025,7,3,-0.4999999999999997,-0.8660254037844388,0,0,2,10000.0,25000.0,25000.0,18333.33333333333,22500.0,26916.666666666668,7637.626158259728,0.6811,12,0,Modere
ST0013,A0001,2025-08,20000,2,2025-08-01,2025,8,3,-0.8660254037844385,-0.5000000000000004,0,0,3,20000.0,20000.0,30000.0,16666.666666666668,23333.33333333333,26500.0,5773.5026918962485,0.6289,12,0,Modere
ST0013,A0001,2025-09,20000,2,2025-09-01,2025,9,3,-1.0,-1.8369701987210294e-16,0,0,3,20000.0,10000.0,40000.0,16666.666666666668,23333.33333333333,25666.666666666668,5773.5026918962485,0.6493,12,0,Modere
ST0013,A0001,2025-10,20000,2,2025-10-01,2025,10,4,-0.8660254037844386,0.5000000000000001,0,1,3,20000.0,20000.0,38000.0,20000.0,19166.666666666668,24000.0,0.0,0.8333,12,0,Modere
ST0013,A0001,2025-11,10000,1,2025-11-01,2025,11,4,-0.5000000000000004,0.8660254037844384,0,1,3,20000.0,20000.0,15000.0,20000.0,18333.33333333333,22500.0,0.0,0.8888,12,0,Modere
ST0013,A0001,2025-12,20000,2,2025-12-01,2025,12,4,-2.4492935982947064e-16,1.0,0,1,0,10000.0,20000.0,40000.0,16666.666666666668,16666.666666666668,22083.33333333333,5773.5026918962485,0.7547,12,0,Modere
ST0013,A0002,2024-11,10000,1,2024-11-01,2024,11,4,-0.5000000000000004,0.8660254037844384,0,1,3,20000.0,10000.0,15000.0,21666.666666666668,23333.33333333333,22500.0,12583.057392117917,0.9629,12,1,Modere
ST0013,A0002,2024-12,30000,2,2024-12-01,2024,12,4,-2.4492935982947064e-16,1.0,0,1,0,10000.0,35000.0,35000.0,21666.666666666668,21666.666666666668,22083.33333333333,12583.057392117917,0.9811,12,1,Modere
ST0013,A0002,2025-01,10000,1,2025-01-01,2025,1,1,0.4999999999999999,0.8660254037844387,1,0,0,30000.0,20000.0,10000.0,20000.0,21833.33333333333,21666.666666666668,9999.999999999998,0.923,12,1,Modere
ST0013,A0002,2025-02,10000,1,2025-02-01,2025,2,1,0.8660254037844386,0.5000000000000001,1,0,0,10000.0,10000.0,30000.0,16666.666666666668,19166.666666666668,21666.666666666668,11547.005383792515,0.7692,12,1,Modere
ST0013,A0002,2025-03,35000,4,2025-03-01,2025,3,1,1.0,6.123233995736766e-17,1,0,1,10000.0,30000.0,20000.0,16666.666666666668,19166.666666666668,20000.0,11547.005383792515,0.8333,12,1,Modere
ST0013,A0002,2025-04,42000,4,2025-04-01,2025,4,2,0.8660254037844387,-0.4999999999999998,0,0,1,35000.0,10000.0,20000.0,18333.33333333333,19166.666666666668,21250.0,14433.756729740644,0.8627,12,1,Modere
ST0013,A0002,2025-05,20000,2,2025-05-01,2025,5,2,0.4999999999999999,-0.8660254037844387,0,0,2,42000.0,10000.0,20000.0,29000.0,22833.33333333333,23083.33333333333,16822.60384126072,1.2563,12,1,Modere
ST0013,A0002,2025-06,10000,1,2025-06-01,2025,6,2,1.2246467991473532e-16,-1.0,0,0,2,20000.0,35000.0,29000.0,32333.33333333333,24500.0,23083.33333333333,11239.810200058237,1.4007,12,1,Modere
ST0013,A0002,2025-07,30000,3,2025-07-01,2025,7,3,-0.4999999999999997,-0.8660254037844388,0,0,2,10000.0,42000.0,26000.0,24000.0,21166.666666666668,21500.0,16370.7055437449,1.1162,12,1,Modere
ST0013,A0002,2025-08,10000,1,2025-08-01,2025,8,3,-0.8660254037844385,-0.5000000000000004,0,0,3,30000.0,20000.0,10000.0,20000.0,24500.0,21833.33333333333,10000.000000000002,0.916,12,1,Modere
ST0013,A0002,2025-09,25000,3,2025-09-01,2025,9,3,-1.0,-1.8369701987210294e-16,0,0,3,10000.0,10000.0,35000.0,16666.666666666668,24500.0,21833.33333333333,11547.00538379252,0.7633,12,1,Modere
ST0013,A0002,2025-10,20000,2,2025-10-01,2025,10,4,-0.8660254037844386,0.5000000000000001,0,1,3,25000.0,30000.0,20000.0,21666.666666666668,22833.33333333333,21000.0,10408.329997330664,1.0317,12,1,Modere
ST0013,A0002,2025-11,10000,1,2025-11-01,2025,11,4,-0.5000000000000004,0.8660254037844384,0,1,3,20000.0,10000.0,10000.0,18333.33333333333,19166.666666666668,21000.0,7637.626158259737,0.873,12,1,Modere
ST0013,A0002,2025-12,20000,2,2025-12-01,2025,12,4,-2.4492935982947064e-16,1.0,0,1,0,10000.0,25000.0,30000.0,18333.33333333333,17500.0,21000.0,7637.626158259737,0.873,12,1,Modere
ST0014,A0001,2021-06,9000,2,2021-06-01,2021,6,2,1.2246467991473532e-16,-1.0,0,0,2,10000.0,12000.0,10000.0,11666.666666666666,12333.333333333334,13250.0,1527.525231651946,0.8804,13,0,Modere
ST0014,A0001,2021-07,14000,4,2021-07-01,2021,7,3,-0.4999999999999997,-0.8660254037844388,0,0,2,9000.0,13000.0,12000.0,10666.666666666666,11333.333333333334,13166.666666666666,2081.665999466132,0.8101,13,0,Modere
ST0014,A0001,2021-08,15000,5,2021-08-01,2021,8,3,-0.8660254037844385,-0.5000000000000004,0,0,3,14000.0,10000.0,15000.0,11000.0,11666.666666666666,13333.333333333334,2645.75131106459,0.8249,13,0,Modere
ST0014,A0001,2021-09,12000,3,2021-09-01,2021,9,3,-1.0,-1.8369701987210294e-16,0,0,3,15000.0,9000.0,20000.0,12666.666666666666,12166.666666666666,13333.333333333334,3214.550253664318,0.9499,13,0,Modere
ST0014,A0001,2021-10,12000,3,2021-10-01,2021,10,4,-0.8660254037844386,0.5000000000000001,0,1,3,12000.0,14000.0,11000.0,13666.666666666666,12166.666666666666,12666.666666666666,1527.525231651946,1.0789,13,0,Modere
ST0014,A0001,2021-11,22000,5,2021-11-01,2021,11,4,-0.5000000000000004,0.8660254037844384,0,1,3,12000.0,15000.0,17000.0,13000.0,12000.0,12750.0,1732.0508075688765,1.0195,13,0,Modere
ST0014,A0001,2021-12,12000,4,2021-12-01,2021,12,4,-2.4492935982947064e-16,1.0,0,1,0,22000.0,12000.0,15000.0,15333.333333333334,14000.0,13166.666666666666,5773.502691896258,1.1645,13,0,Modere
ST0014,A0001,2022-01,10000,3,2022-01-01,2022,1,1,0.4999999999999999,0.8660254037844387,1,0,0,12000.0,12000.0,12000.0,15333.333333333334,14500.0,12916.666666666666,5773.502691896258,1.187,13,0,Modere
ST0014,A0001,2022-02,18000,5,2022-02-01,2022,2,1,0.8660254037844386,0.5000000000000001,1,0,0,10000.0,22000.0,12000.0,14666.666666666666,13833.333333333334,12750.0,6429.100507328636,1.1502,13,0,Modere
ST0014,A0001,2022-03,15000,3,2022-03-01,2022,3,1,1.0,6.123233995736766e-17,1,0,1,18000.0,12000.0,12000.0,13333.333333333334,14333.333333333334,13250.0,4163.3319989322645,1.0062,13,0,Modere
ST0014,A0001,2022-04,3000,1,2022-04-01,2022,4,2,0.8660254037844387,-0.4999999999999998,0,0,1,15000.0,10000.0,13000.0,14333.333333333334,14833.333333333334,13500.0,4041.45188432738,1.0616,13,0,Modere
ST0014,A0001,2022-05,11000,3,2022-05-01,2022,5,2,0.4999999999999999,-0.8660254037844387,0,0,2,3000.0,18000.0,10000.0,12000.0,13333.333333333334,12666.666666666666,7937.25393319377,0.9473,13,0,Modere
ST0014,A0001,2022-06,18000,3,2022-06-01,2022,6,2,1.2246467991473532e-16,-1.0,0,0,2,11000.0,15000.0,9000.0,9666.666666666666,11500.0,12750.0,6110.100926607785,0.7581,13,0,Modere
ST0014,A0001,2022-07,5000,1,2022-07-01,2022,7,3,-0.4999999999999997,-0.8660254037844388,0,0,2,18000.0,3000.0,14000.0,10666.666666666666,12500.0,13500.0,7505.553499465133,0.7901,13,0,Modere
ST0014,A0001,2022-08,5000,1,2022-08-01,2022,8,3,-0.8660254037844385,-0.5000000000000004,0,0,3,5000.0,11000.0,15000.0,11333.333333333334,11666.666666666666,12750.0,6506.407098647711,0.8888,13,0,Modere
ST0014,A0001,2022-09,18000,2,2022-09-01,2022,9,3,-1.0,-1.8369701987210294e-16,0,0,3,5000.0,18000.0,12000.0,9333.333333333334,9500.0,11916.666666666666,7505.553499465134,0.7832,13,0,Modere
ST0014,A0001,2022-10,5000,1,2022-10-01,2022,10,4,-0.8660254037844386,0.5000000000000001,0,1,3,18000.0,5000.0,12000.0,9333.333333333334,10000.0,12416.666666666666,7505.553499465134,0.7516,13,0,Modere
ST0014,A0001,2022-11,5000,1,2022-11-01,2022,11,4,-0.5000000000000004,0.8660254037844384,0,1,3,5000.0,5000.0,22000.0,9333.333333333334,10333.333333333334,11833.333333333334,7505.553499465134,0.7887,13,0,Modere
ST0014,A0001,2022-12,6000,1,2022-12-01,2022,12,4,-2.4492935982947064e-16,1.0,0,1,0,5000.0,18000.0,12000.0,9333.333333333334,9333.333333333334,10416.666666666666,7505.553499465134,0.8959,13,0,Modere
ST0014,A0001,2023-01,11000,3,2023-01-01,2023,1,1,0.4999999999999999,0.8660254037844387,1,0,0,6000.0,5000.0,10000.0,5333.333333333333,7333.333333333333,9916.666666666666,577.3502691896188,0.5378,13,0,Modere
ST0014,A0001,2023-02,4000,1,2023-02-01,2023,2,1,0.8660254037844386,0.5000000000000001,1,0,0,11000.0,5000.0,18000.0,7333.333333333333,8333.333333333334,10000.0,3214.5502536643166,0.7333,13,0,Modere
ST0014,A0001,2023-03,11000,3,2023-03-01,2023,3,1,1.0,6.123233995736766e-17,1,0,1,4000.0,6000.0,15000.0,7000.0,8166.666666666667,8833.333333333334,3605.551275463988,0.7924,13,0,Modere
ST0014,A0001,2023-04,3000,1,2023-04-01,2023,4,2,0.8660254037844387,-0.4999999999999998,0,0,1,11000.0,11000.0,3000.0,8666.666666666666,7000.0,8500.0,4041.451884327379,1.0195,13,0,Modere
ST0014,A0001,2023-05,4000,1,2023-05-01,2023,5,2,0.4999999999999999,-0.8660254037844387,0,0,2,3000.0,4000.0,11000.0,6000.0,6666.666666666667,8500.0,4358.898943540672,0.7058,13,0,Modere
ST0014,A0001,2023-06,13000,2,2023-06-01,2023,6,2,1.2246467991473532e-16,-1.0,0,0,2,4000.0,11000.0,18000.0,6000.0,6500.0,7916.666666666667,4358.898943540672,0.7578,13,0,Modere
ST0014,A0001,2023-07,8000,1,2023-07-01,2023,7,3,-0.4999999999999997,-0.8660254037844388,0,0,2,13000.0,3000.0,5000.0,6666.666666666667,7666.666666666667,7500.0,5507.570547286101,0.8888,13,0,Modere
ST0014,A0001,2023-08,5000,1,2023-08-01,2023,8,3,-0.8660254037844385,-0.5000000000000004,0,0,3,8000.0,4000.0,5000.0,8333.333333333334,7166.666666666667,7750.0,4509.249752822893,1.0751,13,0,Modere
ST0014,A0001,2023-10,8000,1,2023-10-01,2023,10,4,-0.8660254037844386,0.5000000000000001,0,1,3,5000.0,13000.0,18000.0,8666.666666666666,7333.333333333333,7750.0,4041.451884327378,1.1181,13,0,Modere
ST0014,A0001,2023-11,16000,2,2023-11-01,2023,11,4,-0.5000000000000004,0.8660254037844384,0,1,3,8000.0,8000.0,5000.0,7000.0,6833.333333333333,6916.666666666667,1732.0508075688715,1.0119,13,0,Modere
ST0014,A0001,2023-12,8000,1,2023-12-01,2023,12,4,-2.4492935982947064e-16,1.0,0,1,0,16000.0,5000.0,5000.0,9666.666666666666,9000.0,7833.333333333333,5686.240703077326,1.2339,13,0,Modere
ST0014,A0001,2024-01,8000,1,2024-01-01,2024,1,1,0.4999999999999999,0.8660254037844387,1,0,0,8000.0,8000.0,6000.0,10666.666666666666,9666.666666666666,8083.333333333333,4618.802153517005,1.3194,13,0,Modere
ST0014,A0001,2024-02,12000,2,2024-02-01,2024,2,1,0.8660254037844386,0.5000000000000001,1,0,0,8000.0,16000.0,11000.0,10666.666666666666,8833.333333333334,8250.0,4618.802153517005,1.2928,13,0,Modere
ST0014,A0001,2024-03,8000,1,2024-03-01,2024,3,1,1.0,6.123233995736766e-17,1,0,1,12000.0,8000.0,4000.0,9333.333333333334,9500.0,8333.333333333334,2309.4010767585,1.1199,13,0,Modere
ST0014,A0001,2024-05,16000,2,2024-05-01,2024,5,2,0.4999999999999999,-0.8660254037844387,0,0,2,8000.0,8000.0,11000.0,9333.333333333334,10000.0,8666.666666666666,2309.4010767585,1.0768,13,0,Modere
ST0014,A0001,2024-06,15000,2,2024-06-01,2024,6,2,1.2246467991473532e-16,-1.0,0,0,2,16000.0,12000.0,3000.0,12000.0,11333.333333333334,9083.333333333334,4000.0,1.321,13,0,Modere
ST0014,A0001,2024-07,24000,3,2024-07-01,2024,7,3,-0.4999999999999997,-0.8660254037844388,0,0,2,15000.0,8000.0,4000.0,13000.0,11166.666666666666,10083.333333333334,4358.898943540674,1.2891,13,0,Modere
ST0014,A0001,2024-08,14000,2,2024-08-01,2024,8,3,-0.8660254037844385,-0.5000000000000004,0,0,3,24000.0,16000.0,13000.0,18333.33333333333,13833.333333333334,11750.0,4932.882862316251,1.5602,13,0,Modere
ST0014,A0001,2024-09,23000,3,2024-09-01,2024,9,3,-1.0,-1.8369701987210294e-16,0,0,3,14000.0,15000.0,8000.0,17666.666666666668,14833.333333333334,11833.333333333334,5507.5705472861055,1.4928,13,0,Modere
ST0014,A0001,2024-10,12000,2,2024-10-01,2024,10,4,-0.8660254037844386,0.5000000000000001,0,1,3,23000.0,24000.0,5000.0,20333.33333333333,16666.666666666668,13083.333333333334,5507.5705472861055,1.554,13,0,Modere
ST0014,A0001,2024-11,18000,3,2024-11-01,2024,11,4,-0.5000000000000004,0.8660254037844384,0,1,3,12000.0,14000.0,8000.0,16333.333333333334,17333.333333333332,13666.666666666666,5859.465277082319,1.195,13,0,Modere
ST0014,A0001,2024-12,13000,2,2024-12-01,2024,12,4,-2.4492935982947064e-16,1.0,0,1,0,18000.0,23000.0,16000.0,17666.666666666668,17666.666666666668,14500.0,5507.5705472861055,1.2183,13,0,Modere
ST0014,A0001,2025-01,12000,2,2025-01-01,2025,1,1,0.4999999999999999,0.8660254037844387,1,0,0,13000.0,12000.0,8000.0,14333.333333333334,17333.333333333332,14250.0,3214.5502536643257,1.0058,13,0,Modere
ST0014,A0001,2025-02,6000,1,2025-02-01,2025,2,1,0.8660254037844386,0.5000000000000001,1,0,0,12000.0,18000.0,8000.0,14333.333333333334,15333.333333333334,14583.333333333334,3214.5502536643257,0.9828,13,0,Modere
ST0014,A0001,2025-03,19000,3,2025-03-01,2025,3,1,1.0,6.123233995736766e-17,1,0,1,6000.0,13000.0,12000.0,10333.333333333334,14000.0,14416.666666666666,3785.938897200189,0.7167,13,0,Modere
ST0014,A0001,2025-04,25000,5,2025-04-01,2025,4,2,0.8660254037844387,-0.4999999999999998,0,0,1,19000.0,12000.0,8000.0,12333.333333333334,13333.333333333334,15000.0,6506.407098647715,0.8222,13,0,Modere
ST0014,A0001,2025-05,17000,3,2025-05-01,2025,5,2,0.4999999999999999,-0.8660254037844387,0,0,2,25000.0,6000.0,16000.0,16666.666666666668,15500.0,16416.666666666668,9712.534856222312,1.0152,13,0,Modere
ST0014,A0001,2025-06,15000,3,2025-06-01,2025,6,2,1.2246467991473532e-16,-1.0,0,0,2,17000.0,19000.0,15000.0,20333.33333333333,15333.333333333334,16500.0,4163.331998932268,1.2322,13,0,Modere
ST0014,A0001,2025-07,11000,2,2025-07-01,2025,7,3,-0.4999999999999997,-0.8660254037844388,0,0,2,15000.0,25000.0,24000.0,19000.0,15666.666666666666,16500.0,5291.502622129184,1.1514,13,0,Modere
ST0014,A0001,2025-08,16000,3,2025-08-01,2025,8,3,-0.8660254037844385,-0.5000000000000004,0,0,3,11000.0,17000.0,14000.0,14333.333333333334,15500.0,15416.666666666666,3055.050463303898,0.9297,13,0,Modere
ST0014,A0001,2025-09,12000,2,2025-09-01,2025,9,3,-1.0,-1.8369701987210294e-16,0,0,3,16000.0,15000.0,23000.0,14000.0,17166.666666666668,15583.333333333334,2645.7513110645964,0.8983,13,0,Modere
ST0014,A0001,2025-10,10000,2,2025-10-01,2025,10,4,-0.8660254037844386,0.5000000000000001,0,1,3,12000.0,11000.0,12000.0,13000.0,16000.0,14666.666666666666,2645.7513110645964,0.8863,13,0,Modere
ST0014,A0001,2025-11,15000,3,2025-11-01,2025,11,4,-0.5000000000000004,0.8660254037844384,0,1,3,10000.0,16000.0,18000.0,12666.666666666666,13500.0,14500.0,3055.050463303898,0.8735,13,0,Modere
ST0014,A0001,2025-12,15000,3,2025-12-01,2025,12,4,-2.4492935982947064e-16,1.0,0,1,0,15000.0,12000.0,13000.0,12333.333333333334,13166.666666666666,14250.0,2516.6114784235883,0.8654,13,0,Modere
ST0014,A0002,2021-06,12000,2,2021-06-01,2021,6,2,1.2246467991473532e-16,-1.0,0,0,2,16000.0,19000.0,10000.0,20333.33333333333,17666.666666666668,15416.666666666666,5131.601439446884,1.3188,13,1,Modere
ST0014,A0002,2021-07,26000,4,2021-07-01,2021,7,3,-0.4999999999999997,-0.8660254037844388,0,0,2,12000.0,26000.0,15000.0,18000.0,16166.666666666666,15583.333333333334,7211.102550927979,1.155,13,1,Modere
ST0014,A0002,2021-08,32000,5,2021-08-01,2021,8,3,-0.8660254037844385,-0.5000000000000004,0,0,3,26000.0,16000.0,22000.0,18000.0,19000.0,16500.0,7211.102550927979,1.0908,13,1,Modere
ST0014,A0002,2021-09,17000,3,2021-09-01,2021,9,3,-1.0,-1.8369701987210294e-16,0,0,3,32000.0,12000.0,4000.0,23333.33333333333,21833.33333333333,17333.333333333332,10263.20287889377,1.3461,13,1,Modere
ST0014,A0002,2021-10,16000,3,2021-10-01,2021,10,4,-0.8660254037844386,0.5000000000000001,0,1,3,17000.0,26000.0,10000.0,25000.0,21500.0,18416.666666666668,7549.834435270751,1.3574,13,1,Modere
ST0014,A0002,2021-11,24000,5,2021-11-01,2021,11,4,-0.5000000000000004,0.8660254037844384,0,1,3,16000.0,32000.0,18000.0,21666.666666666668,19833.33333333333,18916.666666666668,8962.886439832502,1.1453,13,1,Modere
ST0014,A0002,2021-12,19000,4,2021-12-01,2021,12,4,-2.4492935982947064e-16,1.0,0,1,0,24000.0,17000.0,21000.0,19000.0,21166.666666666668,19416.666666666668,4358.898943540677,0.9785,13,1,Modere
ST0014,A0002,2022-01,20000,4,2022-01-01,2022,1,1,0.4999999999999999,0.8660254037844387,1,0,0,19000.0,16000.0,9000.0,19666.666666666668,22333.33333333333,19250.0,4041.451884327384,1.0216,13,1,Modere
ST0014,A0002,2022-02,23000,4,2022-02-01,2022,2,1,0.8660254037844386,0.5000000000000001,1,0,0,20000.0,24000.0,15000.0,21000.0,21333.33333333333,20166.666666666668,2645.751311064596,1.0413,13,1,Modere
ST0014,A0002,2022-03,7000,2,2022-03-01,2022,3,1,1.0,6.123233995736766e-17,1,0,1,23000.0,19000.0,19000.0,20666.666666666668,19833.33333333333,20833.33333333333,2081.665999466139,0.992,13,1,Modere
ST0014,A0002,2022-04,7000,1,2022-04-01,2022,4,2,0.8660254037844387,-0.4999999999999998,0,0,1,7000.0,20000.0,26000.0,16666.666666666668,18166.666666666668,19833.33333333333,8504.900548115385,0.8403,13,1,Modere
ST0014,A0002,2022-05,30000,3,2022-05-01,2022,5,2,0.4999999999999999,-0.8660254037844387,0,0,2,7000.0,23000.0,16000.0,12333.333333333334,16666.666666666668,18250.0,9237.604307034017,0.6758,13,1,Modere
ST0014,A0002,2022-06,36000,3,2022-06-01,2022,6,2,1.2246467991473532e-16,-1.0,0,0,2,30000.0,7000.0,12000.0,14666.666666666666,17666.666666666668,19416.666666666668,13279.056191361396,0.7553,13,1,Modere
ST0014,A0002,2022-07,24000,3,2022-07-01,2022,7,3,-0.4999999999999997,-0.8660254037844388,0,0,2,36000.0,7000.0,26000.0,24333.33333333333,20500.0,21416.666666666668,15307.95000427338,1.1361,13,1,Modere
ST0014,A0002,2022-08,42000,5,2022-08-01,2022,8,3,-0.8660254037844385,-0.5000000000000004,0,0,3,24000.0,30000.0,32000.0,30000.0,21166.666666666668,21250.0,6000.000000000005,1.4117,13,1,Modere
ST0014,A0002,2022-09,30000,3,2022-09-01,2022,9,3,-1.0,-1.8369701987210294e-16,0,0,3,42000.0,36000.0,17000.0,34000.0,24333.33333333333,22083.33333333333,9165.151389911684,1.5396,13,1,Modere
ST0014,A0002,2022-10,18000,2,2022-10-01,2022,10,4,-0.8660254037844386,0.5000000000000001,0,1,3,30000.0,24000.0,16000.0,32000.0,28166.666666666668,23166.666666666668,9165.151389911684,1.3812,13,1,Modere
ST0014,A0002,2022-11,38000,4,2022-11-01,2022,11,4,-0.5000000000000004,0.8660254037844384,0,1,3,18000.0,42000.0,24000.0,30000.0,30000.0,23333.33333333333,12000.000000000002,1.2857,13,1,Modere
ST0014,A0002,2022-12,22000,3,2022-12-01,2022,12,4,-2.4492935982947064e-16,1.0,0,1,0,38000.0,30000.0,19000.0,28666.666666666668,31333.33333333333,24500.0,10066.445913694335,1.17,13,1,Modere
ST0014,A0002,2023-01,23000,3,2023-01-01,2023,1,1,0.4999999999999999,0.8660254037844387,1,0,0,22000.0,18000.0,20000.0,26000.0,29000.0,24750.0,10583.005244258366,1.0505,13,1,Modere
ST0014,A0002,2023-02,20000,3,2023-02-01,2023,2,1,0.8660254037844386,0.5000000000000001,1,0,0,23000.0,38000.0,23000.0,27666.666666666668,28833.33333333333,25000.0,8962.886439832506,1.1066,13,1,Modere
ST0014,A0002,2023-03,22000,3,2023-03-01,2023,3,1,1.0,6.123233995736766e-17,1,0,1,20000.0,22000.0,7000.0,21666.666666666668,25166.666666666668,24750.0,1527.5252316519716,0.8754,13,1,Modere
ST0014,A0002,2023-04,16000,2,2023-04-01,2023,4,2,0.8660254037844387,-0.4999999999999998,0,0,1,22000.0,23000.0,7000.0,21666.666666666668,23833.33333333333,26000.0,1527.5252316519716,0.8333,13,1,Modere
ST0014,A0002,2023-05,7000,1,2023-05-01,2023,5,2,0.4999999999999999,-0.8660254037844387,0,0,2,16000.0,20000.0,30000.0,19333.33333333333,23500.0,26750.0,3055.0504633039054,0.7227,13,1,Modere
ST0014,A0002,2023-06,7000,1,2023-06-01,2023,6,2,1.2246467991473532e-16,-1.0,0,0,2,7000.0,22000.0,36000.0,15000.0,18333.33333333333,24833.33333333333,7549.834435270754,0.604,13,1,Modere
ST0014,A0002,2023-08,5000,1,2023-08-01,2023,8,3,-0.8660254037844385,-0.5000000000000004,0,0,3,7000.0,16000.0,24000.0,10000.0,15833.333333333334,22416.666666666668,5196.152422706639,0.4461,13,1,Modere
ST0014,A0002,2023-10,8000,1,2023-10-01,2023,10,4,-0.8660254037844386,0.5000000000000001,0,1,3,5000.0,7000.0,42000.0,6333.333333333333,12833.333333333334,20833.33333333333,1154.7005383792837,0.304,13,1,Modere
ST0014,A0002,2023-11,24000,3,2023-11-01,2023,11,4,-0.5000000000000004,0.8660254037844384,0,1,3,8000.0,7000.0,30000.0,6666.666666666667,10833.333333333334,18000.0,1527.525231651971,0.3703,13,1,Modere
ST0014,A0002,2023-12,24000,3,2023-12-01,2023,12,4,-2.4492935982947064e-16,1.0,0,1,0,24000.0,5000.0,18000.0,12333.333333333334,11166.666666666666,17500.0,10214.368964029713,0.7047,13,1,Modere
ST0014,A0002,2024-01,8000,1,2024-01-01,2024,1,1,0.4999999999999999,0.8660254037844387,1,0,0,24000.0,8000.0,38000.0,18666.666666666668,12500.0,18000.0,9237.604307034018,1.037,13,1,Modere
ST0014,A0002,2024-02,16000,2,2024-02-01,2024,2,1,0.8660254037844386,0.5000000000000001,1,0,0,8000.0,24000.0,22000.0,18666.666666666668,12666.666666666666,15500.0,9237.604307034018,1.2042,13,1,Modere
ST0014,A0002,2024-03,8000,1,2024-03-01,2024,3,1,1.0,6.123233995736766e-17,1,0,1,16000.0,24000.0,23000.0,16000.0,14166.666666666666,15000.0,8000.000000000005,1.0666,13,1,Modere
ST0014,A0002,2024-05,17000,2,2024-05-01,2024,5,2,0.4999999999999999,-0.8660254037844387,0,0,2,8000.0,8000.0,20000.0,10666.666666666666,14666.666666666666,13750.0,4618.802153517013,0.7757,13,1,Modere
ST0014,A0002,2024-06,7000,1,2024-06-01,2024,6,2,1.2246467991473532e-16,-1.0,0,0,2,17000.0,16000.0,22000.0,13666.666666666666,16166.666666666666,13500.0,4932.882862316255,1.0123,13,1,Modere
ST0014,A0002,2024-07,22000,3,2024-07-01,2024,7,3,-0.4999999999999997,-0.8660254037844388,0,0,2,7000.0,8000.0,16000.0,10666.666666666666,13333.333333333334,12250.0,5507.570547286107,0.8707,13,1,Modere
ST0014,A0002,2024-08,29000,5,2024-08-01,2024,8,3,-0.8660254037844385,-0.5000000000000004,0,0,3,22000.0,17000.0,7000.0,15333.333333333334,13000.0,12750.0,7637.626158259739,1.2025,13,1,Modere
ST0014,A0002,2024-09,16000,2,2024-09-01,2024,9,3,-1.0,-1.8369701987210294e-16,0,0,3,29000.0,7000.0,7000.0,19333.33333333333,16500.0,14583.333333333334,11239.810200058248,1.3256,13,1,Modere
ST0014,A0002,2024-10,22000,3,2024-10-01,2024,10,4,-0.8660254037844386,0.5000000000000001,0,1,3,16000.0,22000.0,5000.0,22333.33333333333,16500.0,15333.333333333334,6506.407098647719,1.4564,13,1,Modere
ST0014,A0002,2024-11,13000,2,2024-11-01,2024,11,4,-0.5000000000000004,0.8660254037844384,0,1,3,22000.0,29000.0,8000.0,22333.33333333333,18833.33333333333,16750.0,6506.407098647719,1.3333,13,1,Modere
ST0014,A0002,2024-12,19000,3,2024-12-01,2024,12,4,-2.4492935982947064e-16,1.0,0,1,0,13000.0,16000.0,24000.0,17000.0,18166.666666666668,17166.666666666668,4582.57569495585,0.9902,13,1,Modere
ST0014,A0002,2025-01,11000,2,2025-01-01,2025,1,1,0.4999999999999999,0.8660254037844387,1,0,0,19000.0,22000.0,24000.0,18000.0,20166.666666666668,16750.0,4582.57569495585,1.0746,13,1,Modere
ST0014,A0002,2025-02,26000,5,2025-02-01,2025,2,1,0.8660254037844386,0.5000000000000001,1,0,0,11000.0,13000.0,8000.0,14333.333333333334,18333.33333333333,15666.666666666666,4163.331998932277,0.9148,13,1,Modere
ST0014,A0002,2025-03,16000,2,2025-03-01,2025,3,1,1.0,6.123233995736766e-17,1,0,1,26000.0,19000.0,16000.0,18666.666666666668,17833.333333333332,17166.666666666668,7505.553499465141,1.0873,13,1,Modere
ST0014,A0002,2025-04,24000,3,2025-04-01,2025,4,2,0.8660254037844387,-0.4999999999999998,0,0,1,16000.0,11000.0,8000.0,17666.666666666668,17833.333333333332,17166.666666666668,7637.626158259739,1.0291,13,1,Modere
ST0014,A0002,2025-05,11000,2,2025-05-01,2025,5,2,0.4999999999999999,-0.8660254037844387,0,0,2,24000.0,26000.0,17000.0,22000.0,18166.666666666668,18500.0,5291.502622129189,1.1891,13,1,Modere
ST0014,A0002,2025-06,17000,3,2025-06-01,2025,6,2,1.2246467991473532e-16,-1.0,0,0,2,11000.0,16000.0,7000.0,17000.0,17833.333333333332,18000.0,6557.438524302008,0.9444,13,1,Modere
ST0014,A0002,2025-07,22000,4,2025-07-01,2025,7,3,-0.4999999999999997,-0.8660254037844388,0,0,2,17000.0,24000.0,22000.0,17333.333333333332,17500.0,18833.33333333333,6506.407098647719,0.9203,13,1,Modere
ST0014,A0002,2025-08,16000,3,2025-08-01,2025,8,3,-0.8660254037844385,-0.5000000000000004,0,0,3,22000.0,11000.0,29000.0,16666.666666666668,19333.33333333333,18833.33333333333,5507.57054728611,0.8849,13,1,Modere
ST0014,A0002,2025-09,18000,4,2025-09-01,2025,9,3,-1.0,-1.8369701987210294e-16,0,0,3,16000.0,17000.0,16000.0,18333.33333333333,17666.666666666668,17750.0,3214.550253664335,1.0328,13,1,Modere
ST0014,A0002,2025-10,15000,3,2025-10-01,2025,10,4,-0.8660254037844386,0.5000000000000001,0,1,3,18000.0,22000.0,22000.0,18666.666666666668,18000.0,17916.666666666668,3055.050463303911,1.0418,13,1,Modere
ST0014,A0002,2025-11,16000,3,2025-11-01,2025,11,4,-0.5000000000000004,0.8660254037844384,0,1,3,15000.0,16000.0,13000.0,16333.333333333334,16500.0,17333.333333333332,1527.525231651983,0.9423,13,1,Modere
ST0014,A0002,2025-12,25000,4,2025-12-01,2025,12,4,-2.4492935982947064e-16,1.0,0,1,0,16000.0,18000.0,19000.0,16333.333333333334,17333.333333333332,17583.333333333332,1527.525231651983,0.9289,13,1,Modere
ST0016,A0002,2021-01,26000,4,2021-01-01,2021,1,1,0.4999999999999999,0.8660254037844387,1,0,0,30000.0,32000.0,17000.0,26666.666666666668,28500.0,29333.33333333333,7571.877794400365,0.9091,15,1,Modere
ST0016,A0002,2021-02,18000,3,2021-02-01,2021,2,1,0.8660254037844386,0.5000000000000001,1,0,0,26000.0,18000.0,31000.0,24666.666666666668,25833.33333333333,30083.33333333333,6110.100926607787,0.8199,15,1,Modere
ST0016,A0002,2021-03,39000,5,2021-03-01,2021,3,1,1.0,6.123233995736766e-17,1,0,1,18000.0,30000.0,51000.0,24666.666666666668,25000.0,29000.0,6110.100926607787,0.8505,15,1,Modere
ST0016,A0002,2021-04,45000,5,2021-04-01,2021,4,2,0.8660254037844387,-0.4999999999999998,0,0,1,39000.0,26000.0,20000.0,27666.666666666668,27166.666666666668,28000.0,10598.742063723095,0.9881,15,1,Modere
ST0016,A0002,2021-05,38000,5,2021-05-01,2021,5,2,0.4999999999999999,-0.8660254037844387,0,0,2,45000.0,18000.0,28000.0,34000.0,29333.33333333333,30083.33333333333,14177.446878757824,1.1302,15,1,Modere
ST0016,A0002,2021-06,26000,3,2021-06-01,2021,6,2,1.2246467991473532e-16,-1.0,0,0,2,38000.0,39000.0,34000.0,40666.66666666666,32666.666666666668,30916.666666666668,3785.9388972001816,1.3153,15,1,Modere
ST0016,A0002,2021-07,40000,6,2021-07-01,2021,7,3,-0.4999999999999997,-0.8660254037844388,0,0,2,26000.0,45000.0,42000.0,36333.333333333336,32000.0,30250.0,9609.023536933051,1.2011,15,1,Modere
ST0016,A0002,2021-08,33000,5,2021-08-01,2021,8,3,-0.8660254037844385,-0.5000000000000004,0,0,3,40000.0,38000.0,23000.0,34666.666666666664,34333.333333333336,30083.33333333333,7571.877794400367,1.1523,15,1,Modere
ST0016,A0002,2021-09,34000,3,2021-09-01,2021,9,3,-1.0,-1.8369701987210294e-16,0,0,3,33000.0,26000.0,26000.0,33000.0,36833.333333333336,30916.666666666668,7000.000000000005,1.0674,15,1,Modere
ST0016,A0002,2021-10,17000,2,2021-10-01,2021,10,4,-0.8660254037844386,0.5000000000000001,0,1,3,34000.0,40000.0,32000.0,35666.666666666664,36000.0,31583.33333333333,3785.938897200182,1.1293,15,1,Modere
ST0016,A0002,2021-11,62000,8,2021-11-01,2021,11,4,-0.5000000000000004,0.8660254037844384,0,1,3,17000.0,33000.0,18000.0,28000.0,31333.33333333333,30333.33333333333,9539.392014169469,0.923,15,1,Modere
ST0016,A0002,2021-12,45000,5,2021-12-01,2021,12,4,-2.4492935982947064e-16,1.0,0,1,0,62000.0,34000.0,30000.0,37666.66666666666,35333.333333333336,34000.0,22722.96928953901,1.1078,15,1,Modere
ST0016,A0002,2022-01,36000,4,2022-01-01,2022,1,1,0.4999999999999999,0.8660254037844387,1,0,0,45000.0,17000.0,26000.0,41333.333333333336,38500.0,35250.0,22722.96928953901,1.1725,15,1,Modere
ST0016,A0002,2022-02,43000,6,2022-02-01,2022,2,1,0.8660254037844386,0.5000000000000001,1,0,0,36000.0,62000.0,18000.0,47666.66666666666,37833.333333333336,36083.333333333336,13203.53488022556,1.321,15,1,Modere
ST0016,A0002,2022-03,48000,5,2022-03-01,2022,3,1,1.0,6.123233995736766e-17,1,0,1,43000.0,45000.0,39000.0,41333.333333333336,39500.0,38166.66666666666,4725.815626252594,1.0829,15,1,Modere
ST0016,A0002,2022-04,56000,3,2022-04-01,2022,4,2,0.8660254037844387,-0.4999999999999998,0,0,1,48000.0,36000.0,45000.0,42333.333333333336,41833.333333333336,38916.66666666666,6027.713773341694,1.0878,15,1,Modere
ST0016,A0002,2022-05,158000,7,2022-05-01,2022,5,2,0.4999999999999999,-0.8660254037844387,0,0,2,56000.0,43000.0,38000.0,49000.0,48333.333333333336,39833.333333333336,6557.438524301974,1.2301,15,1,Modere
ST0016,A0002,2022-06,115000,7,2022-06-01,2022,6,2,1.2246467991473532e-16,-1.0,0,0,2,158000.0,48000.0,26000.0,87333.33333333333,64333.333333333336,49833.333333333336,61329.71003790359,1.7525,15,1,Modere
ST0016,A0002,2022-07,80000,7,2022-07-01,2022,7,3,-0.4999999999999997,-0.8660254037844388,0,0,2,115000.0,56000.0,40000.0,109666.66666666669,76000.0,57250.0,51208.72321522312,1.9155,15,1,Modere
ST0016,A0002,2022-08,107000,8,2022-08-01,2022,8,3,-0.8660254037844385,-0.5000000000000004,0,0,3,80000.0,158000.0,33000.0,117666.66666666669,83333.33333333333,60583.333333333336,39068.316233660895,1.9422,15,1,Modere
ST0016,A0002,2022-09,70000,6,2022-09-01,2022,9,3,-1.0,-1.8369701987210294e-16,0,0,3,107000.0,115000.0,34000.0,100666.66666666669,94000.0,66750.0,18339.392937971847,1.5081,15,1,Modere
ST0016,A0002,2022-10,39000,5,2022-10-01,2022,10,4,-0.8660254037844386,0.5000000000000001,0,1,3,70000.0,80000.0,17000.0,85666.66666666667,97666.66666666669,69750.0,19139.83629327408,1.2282,15,1,Modere
ST0016,A0002,2022-11,62000,8,2022-11-01,2022,11,4,-0.5000000000000004,0.8660254037844384,0,1,3,39000.0,107000.0,62000.0,72000.0,94833.33333333331,71583.33333333333,34044.08906109838,1.0058,15,1,Modere
ST0016,A0002,2022-12,52000,7,2022-12-01,2022,12,4,-2.4492935982947064e-16,1.0,0,1,0,62000.0,70000.0,45000.0,57000.0,78833.33333333333,71583.33333333333,16093.47693943103,0.7963,15,1,Modere
ST0016,A0002,2023-01,67000,8,2023-01-01,2023,1,1,0.4999999999999999,0.8660254037844387,1,0,0,52000.0,39000.0,36000.0,51000.0,68333.33333333333,72166.66666666667,11532.562594670724,0.7067,15,1,Modere
ST0016,A0002,2023-02,71000,6,2023-02-01,2023,2,1,0.8660254037844386,0.5000000000000001,1,0,0,67000.0,62000.0,43000.0,60333.333333333336,66166.66666666667,74750.0,7637.626158259623,0.8071,15,1,Modere
ST0016,A0002,2023-03,89000,9,2023-03-01,2023,3,1,1.0,6.123233995736766e-17,1,0,1,71000.0,52000.0,48000.0,63333.333333333336,60166.66666666666,77083.33333333333,10016.652800877728,0.8216,15,1,Modere
ST0016,A0002,2023-04,43000,5,2023-04-01,2023,4,2,0.8660254037844387,-0.4999999999999998,0,0,1,89000.0,67000.0,56000.0,75666.66666666667,63333.333333333336,80500.0,11718.930554164555,0.9399,15,1,Modere
ST0016,A0002,2023-05,53000,4,2023-05-01,2023,5,2,0.4999999999999999,-0.8660254037844387,0,0,2,43000.0,71000.0,158000.0,67666.66666666667,64000.0,79416.66666666667,23180.451534284908,0.852,15,1,Modere
ST0016,A0002,2023-06,70000,5,2023-06-01,2023,6,2,1.2246467991473532e-16,-1.0,0,0,2,53000.0,89000.0,115000.0,61666.66666666666,62500.0,70666.66666666667,24193.66308216537,0.8726,15,1,Modere
ST0016,A0002,2023-07,51000,3,2023-07-01,2023,7,3,-0.4999999999999997,-0.8660254037844388,0,0,2,70000.0,43000.0,80000.0,55333.333333333336,65500.0,66916.66666666667,13650.39681962878,0.8269,15,1,Modere
ST0016,A0002,2023-08,65000,4,2023-08-01,2023,8,3,-0.8660254037844385,-0.5000000000000004,0,0,3,51000.0,53000.0,107000.0,58000.0,62833.333333333336,64500.0,10440.306508910462,0.8992,15,1,Modere
ST0016,A0002,2023-09,53000,4,2023-09-01,2023,9,3,-1.0,-1.8369701987210294e-16,0,0,3,65000.0,70000.0,70000.0,62000.0,61833.333333333336,61000.0,9848.857801796012,1.0164,15,1,Modere
ST0016,A0002,2023-10,60000,5,2023-10-01,2023,10,4,-0.8660254037844386,0.5000000000000001,0,1,3,53000.0,51000.0,39000.0,56333.333333333336,55833.333333333336,59583.333333333336,7571.877794400244,0.9454,15,1,Modere
ST0016,A0002,2023-11,51000,4,2023-11-01,2023,11,4,-0.5000000000000004,0.8660254037844384,0,1,3,60000.0,65000.0,62000.0,59333.333333333336,58666.66666666666,61333.333333333336,6027.713773341556,0.9674,15,1,Modere
ST0016,A0002,2023-12,49000,4,2023-12-01,2023,12,4,-2.4492935982947064e-16,1.0,0,1,0,51000.0,53000.0,52000.0,54666.66666666666,58333.333333333336,60416.66666666666,4725.815626252414,0.9048,15,1,Modere
ST0016,A0002,2024-01,49000,4,2024-01-01,2024,1,1,0.4999999999999999,0.8660254037844387,1,0,0,49000.0,60000.0,67000.0,53333.333333333336,54833.333333333336,60166.66666666666,5859.465277082159,0.8864,15,1,Modere
ST0016,A0002,2024-02,47000,3,2024-02-01,2024,2,1,0.8660254037844386,0.5000000000000001,1,0,0,49000.0,51000.0,71000.0,49666.66666666666,54500.0,58666.66666666666,1154.700538378467,0.8466,15,1,Modere
ST0016,A0002,2024-03,47000,3,2024-03-01,2024,3,1,1.0,6.123233995736766e-17,1,0,1,47000.0,49000.0,89000.0,48333.333333333336,51500.0,56666.66666666666,1154.700538378467,0.8529,15,1,Modere
ST0016,A0002,2024-04,66000,6,2024-04-01,2024,4,2,0.8660254037844387,-0.4999999999999998,0,0,1,47000.0,49000.0,43000.0,47666.66666666666,50500.0,53166.66666666666,1154.700538378467,0.8965,15,1,Modere
ST0016,A0002,2024-05,53000,5,2024-05-01,2024,5,2,0.4999999999999999,-0.8660254037844387,0,0,2,66000.0,47000.0,53000.0,53333.333333333336,51500.0,55083.333333333336,10969.655114602803,0.9682,15,1,Modere
ST0016,A0002,2024-06,59000,5,2024-06-01,2024,6,2,1.2246467991473532e-16,-1.0,0,0,2,53000.0,47000.0,70000.0,55333.333333333336,51833.333333333336,55083.333333333336,9712.534856222215,1.0045,15,1,Modere
ST0016,A0002,2024-07,49000,4,2024-07-01,2024,7,3,-0.4999999999999997,-0.8660254037844388,0,0,2,59000.0,66000.0,51000.0,59333.333333333336,53500.0,54166.66666666666,6506.407098647569,1.0954,15,1,Modere
ST0016,A0002,2024-08,33000,2,2024-08-01,2024,8,3,-0.8660254037844385,-0.5000000000000004,0,0,3,49000.0,53000.0,65000.0,53666.66666666666,53500.0,54000.0,5033.222956846983,0.9938,15,1,Modere
ST0016,A0002,2024-09,49000,4,2024-09-01,2024,9,3,-1.0,-1.8369701987210294e-16,0,0,3,33000.0,59000.0,53000.0,47000.0,51166.66666666666,51333.333333333336,13114.87704860393,0.9156,15,1,Modere
ST0016,A0002,2024-10,61000,6,2024-10-01,2024,10,4,-0.8660254037844386,0.5000000000000001,0,1,3,49000.0,49000.0,60000.0,43666.66666666666,51500.0,51000.0,9237.604307033913,0.8562,15,1,Modere
ST0016,A0002,2024-11,45000,4,2024-11-01,2024,11,4,-0.5000000000000004,0.8660254037844384,0,1,3,61000.0,33000.0,51000.0,47666.66666666666,50666.66666666666,51083.333333333336,14047.53833713692,0.9331,15,1,Modere
ST0016,A0002,2024-12,47000,3,2024-12-01,2024,12,4,-2.4492935982947064e-16,1.0,0,1,0,45000.0,49000.0,49000.0,51666.66666666666,49333.333333333336,50583.333333333336,8326.663997864422,1.0214,15,1,Modere
ST0016,A0002,2025-01,28000,3,2025-01-01,2025,1,1,0.4999999999999999,0.8660254037844387,1,0,0,47000.0,61000.0,49000.0,51000.0,47333.333333333336,50416.66666666666,8717.797887081244,1.0116,15,1,Modere
ST0016,A0002,2025-02,32000,4,2025-02-01,2025,2,1,0.8660254037844386,0.5000000000000001,1,0,0,28000.0,45000.0,47000.0,40000.0,43833.333333333336,48666.66666666666,10440.306508910464,0.8219,15,1,Modere
ST0016,A0002,2025-03,41000,3,2025-03-01,2025,3,1,1.0,6.123233995736766e-17,1,0,1,32000.0,47000.0,47000.0,35666.666666666664,43666.66666666666,47416.66666666666,10016.652800877722,0.7522,15,1,Modere
ST0016,A0002,2025-04,46000,5,2025-04-01,2025,4,2,0.8660254037844387,-0.4999999999999998,0,0,1,41000.0,28000.0,66000.0,33666.666666666664,42333.333333333336,46916.66666666666,6658.328118479256,0.7176,15,1,Modere
ST0016,A0002,2025-05,35000,5,2025-05-01,2025,5,2,0.4999999999999999,-0.8660254037844387,0,0,2,46000.0,32000.0,53000.0,39666.66666666666,39833.333333333336,45250.0,7094.59888459746,0.8766,15,1,Modere
ST0016,A0002,2025-06,35000,5,2025-06-01,2025,6,2,1.2246467991473532e-16,-1.0,0,0,2,35000.0,41000.0,59000.0,40666.66666666666,38166.66666666666,43750.0,5507.570547285938,0.9295,15,1,Modere
ST0016,A0002,2025-07,43000,5,2025-07-01,2025,7,3,-0.4999999999999997,-0.8660254037844388,0,0,2,35000.0,46000.0,49000.0,38666.66666666666,36166.66666666666,41750.0,6350.852961085741,0.9261,15,1,Modere
ST0016,A0002,2025-08,37000,6,2025-08-01,2025,8,3,-0.8660254037844385,-0.5000000000000004,0,0,3,43000.0,35000.0,33000.0,37666.66666666666,38666.66666666666,41250.0,4618.80215351681,0.9131,15,1,Modere
ST0016,A0002,2025-09,29000,5,2025-09-01,2025,9,3,-1.0,-1.8369701987210294e-16,0,0,3,37000.0,35000.0,49000.0,38333.333333333336,39500.0,41583.333333333336,4163.331998932049,0.9218,15,1,Modere
ST0016,A0002,2025-10,44000,6,2025-10-01,2025,10,4,-0.8660254037844386,0.5000000000000001,0,1,3,29000.0,43000.0,61000.0,36333.333333333336,37500.0,39916.66666666666,7023.769168568365,0.9102,15,1,Modere
ST0016,A0002,2025-11,40000,7,2025-11-01,2025,11,4,-0.5000000000000004,0.8660254037844384,0,1,3,44000.0,37000.0,45000.0,36666.66666666666,37166.66666666666,38500.0,7505.553499465017,0.9524,15,1,Modere
ST0016,A0002,2025-12,51000,9,2025-12-01,2025,12,4,-2.4492935982947064e-16,1.0,0,1,0,40000.0,29000.0,47000.0,37666.66666666666,38000.0,38083.333333333336,7767.453465153915,0.989,15,1,Modere
ST0018,A0001,2021-05,17000,7,2021-05-01,2021,5,2,0.4999999999999999,-0.8660254037844387,0,0,2,13000.0,13000.0,20000.0,16000.0,14833.333333333334,14666.666666666666,5196.152422706631,1.0908,17,0,Modere
ST0018,A0001,2021-06,16000,6,2021-06-01,2021,6,2,1.2246467991473532e-16,-1.0,0,0,2,17000.0,22000.0,5000.0,17333.333333333332,16500.0,14416.666666666666,4509.249752822893,1.2022,17,0,Modere
ST0018,A0001,2021-07,17000,7,2021-07-01,2021,7,3,-0.4999999999999997,-0.8660254037844388,0,0,2,16000.0,13000.0,20000.0,15333.333333333334,15500.0,15333.333333333334,2081.665999466128,0.9999,17,0,Modere
ST0018,A0001,2021-08,18000,6,2021-08-01,2021,8,3,-0.8660254037844385,-0.5000000000000004,0,0,3,17000.0,17000.0,8000.0,16666.666666666668,16333.333333333334,15083.333333333334,577.350269189611,1.1049,17,0,Modere
ST0018,A0001,2021-09,11000,4,2021-09-01,2021,9,3,-1.0,-1.8369701987210294e-16,0,0,3,18000.0,16000.0,20000.0,17000.0,17166.666666666668,15916.666666666666,999.9999999999916,1.068,17,0,Modere
ST0018,A0001,2021-10,15000,5,2021-10-01,2021,10,4,-0.8660254037844386,0.5000000000000001,0,1,3,11000.0,17000.0,14000.0,15333.333333333334,15333.333333333334,15166.666666666666,3785.9388972001807,1.0109,17,0,Modere
ST0018,A0001,2021-11,20000,7,2021-11-01,2021,11,4,-0.5000000000000004,0.8660254037844384,0,1,3,15000.0,18000.0,7000.0,14666.666666666666,15666.666666666666,15250.0,3511.8845842842447,0.9617,17,0,Modere
ST0018,A0001,2021-12,18000,6,2021-12-01,2021,12,4,-2.4492935982947064e-16,1.0,0,1,0,20000.0,11000.0,22000.0,15333.333333333334,16166.666666666666,16333.333333333334,4509.249752822892,0.9387,17,0,Modere
ST0018,A0001,2022-01,15000,5,2022-01-01,2022,1,1,0.4999999999999999,0.8660254037844387,1,0,0,18000.0,15000.0,12000.0,17666.666666666668,16500.0,16000.0,2516.61147842358,1.1041,17,0,Modere
ST0018,A0001,2022-02,20000,5,2022-02-01,2022,2,1,0.8660254037844386,0.5000000000000001,1,0,0,15000.0,20000.0,13000.0,17666.666666666668,16166.666666666666,16250.0,2516.61147842358,1.0871,17,0,Modere
ST0018,A0001,2022-03,25000,6,2022-03-01,2022,3,1,1.0,6.123233995736766e-17,1,0,1,20000.0,18000.0,22000.0,17666.666666666668,16500.0,16833.333333333332,2516.61147842358,1.0494,17,0,Modere
ST0018,A0001,2022-04,21000,7,2022-04-01,2022,4,2,0.8660254037844387,-0.4999999999999998,0,0,1,25000.0,15000.0,13000.0,20000.0,18833.33333333333,17083.333333333332,4999.999999999998,1.1707,17,0,Modere
ST0018,A0001,2022-05,18000,5,2022-05-01,2022,5,2,0.4999999999999999,-0.8660254037844387,0,0,2,21000.0,20000.0,17000.0,22000.0,19833.33333333333,17750.0,2645.751311064587,1.2394,17,0,Modere
ST0018,A0001,2022-06,22000,7,2022-06-01,2022,6,2,1.2246467991473532e-16,-1.0,0,0,2,18000.0,25000.0,16000.0,21333.33333333333,19500.0,17833.333333333332,3511.8845842842434,1.1962,17,0,Modere
ST0018,A0001,2022-07,20000,3,2022-07-01,2022,7,3,-0.4999999999999997,-0.8660254037844388,0,0,2,22000.0,21000.0,17000.0,20333.33333333333,20166.666666666668,18333.33333333333,2081.6659994661272,1.109,17,0,Modere
ST0018,A0001,2022-08,24000,4,2022-08-01,2022,8,3,-0.8660254037844385,-0.5000000000000004,0,0,3,20000.0,18000.0,18000.0,20000.0,21000.0,18583.33333333333,1999.999999999994,1.0762,17,0,Modere
ST0018,A0001,2022-09,24000,5,2022-09-01,2022,9,3,-1.0,-1.8369701987210294e-16,0,0,3,24000.0,22000.0,11000.0,22000.0,21666.666666666668,19083.33333333333,1999.999999999994,1.1528,17,0,Modere
ST0018,A0001,2022-10,11000,3,2022-10-01,2022,10,4,-0.8660254037844386,0.5000000000000001,0,1,3,24000.0,20000.0,15000.0,22666.666666666668,21500.0,20166.666666666668,2309.4010767584978,1.1239,17,0,Modere
ST0018,A0001,2022-11,15000,3,2022-11-01,2022,11,4,-0.5000000000000004,0.8660254037844384,0,1,3,11000.0,24000.0,20000.0,19666.666666666668,19833.33333333333,19833.33333333333,7505.553499465133,0.9915,17,0,Modere
ST0018,A0001,2022-12,15000,4,2022-12-01,2022,12,4,-2.4492935982947064e-16,1.0,0,1,0,15000.0,24000.0,18000.0,16666.666666666668,19333.33333333333,19416.666666666668,6658.328118479392,0.8583,17,0,Modere
ST0018,A0001,2023-01,20000,5,2023-01-01,2023,1,1,0.4999999999999999,0.8660254037844387,1,0,0,15000.0,11000.0,15000.0,13666.666666666666,18166.666666666668,19166.666666666668,2309.4010767585028,0.713,17,0,Modere
ST0018,A0001,2023-02,13000,4,2023-02-01,2023,2,1,0.8660254037844386,0.5000000000000001,1,0,0,20000.0,15000.0,20000.0,16666.666666666668,18166.666666666668,19583.33333333333,2886.7513459481265,0.851,17,0,Modere
ST0018,A0001,2023-03,15000,4,2023-03-01,2023,3,1,1.0,6.123233995736766e-17,1,0,1,13000.0,15000.0,25000.0,16000.0,16333.333333333334,19000.0,3605.551275463987,0.8421,17,0,Modere
ST0018,A0001,2023-04,21000,4,2023-04-01,2023,4,2,0.8660254037844387,-0.4999999999999998,0,0,1,15000.0,20000.0,21000.0,16000.0,14833.333333333334,18166.666666666668,3605.551275463987,0.8807,17,0,Modere
ST0018,A0001,2023-05,15000,3,2023-05-01,2023,5,2,0.4999999999999999,-0.8660254037844387,0,0,2,21000.0,13000.0,18000.0,16333.333333333334,16500.0,18166.666666666668,4163.331998932264,0.899,17,0,Modere
ST0018,A0001,2023-06,35000,5,2023-06-01,2023,6,2,1.2246467991473532e-16,-1.0,0,0,2,15000.0,15000.0,22000.0,17000.0,16500.0,17916.666666666668,3464.101615137752,0.9488,17,0,Modere
ST0018,A0001,2023-07,64000,4,2023-07-01,2023,7,3,-0.4999999999999997,-0.8660254037844388,0,0,2,35000.0,21000.0,20000.0,23666.666666666668,19833.33333333333,19000.0,10263.202878893768,1.2455,17,0,Modere
ST0018,A0001,2023-08,53000,4,2023-08-01,2023,8,3,-0.8660254037844385,-0.5000000000000004,0,0,3,64000.0,15000.0,24000.0,38000.0,27166.666666666668,22666.666666666668,24637.36998950984,1.6764,17,0,Modere
ST0018,A0001,2023-09,53000,3,2023-09-01,2023,9,3,-1.0,-1.8369701987210294e-16,0,0,3,53000.0,35000.0,24000.0,50666.66666666666,33833.333333333336,25083.33333333333,14640.1275039985,2.0199,17,0,Modere
ST0018,A0001,2023-10,34000,2,2023-10-01,2023,10,4,-0.8660254037844386,0.5000000000000001,0,1,3,53000.0,64000.0,11000.0,56666.66666666666,40166.66666666666,27500.0,6350.852961085885,2.0605,17,0,Modere
ST0018,A0001,2023-11,15000,2,2023-11-01,2023,11,4,-0.5000000000000004,0.8660254037844384,0,1,3,34000.0,53000.0,15000.0,46666.66666666666,42333.333333333336,29416.666666666668,10969.655114602889,1.5863,17,0,Modere
ST0018,A0001,2023-12,34000,2,2023-12-01,2023,12,4,-2.4492935982947064e-16,1.0,0,1,0,15000.0,53000.0,15000.0,34000.0,42333.333333333336,29416.666666666668,19000.0,1.1558,17,0,Modere
ST0018,A0001,2024-02,19000,1,2024-02-01,2024,2,1,0.8660254037844386,0.5000000000000001,1,0,0,34000.0,34000.0,20000.0,27666.666666666668,42166.66666666666,31000.0,10969.655114602889,0.8924,17,0,Modere
ST0018,A0001,2024-03,15000,2,2024-03-01,2024,3,1,1.0,6.123233995736766e-17,1,0,1,19000.0,15000.0,13000.0,22666.666666666668,34666.666666666664,30916.666666666668,10016.652800877811,0.7331,17,0,Modere
ST0018,A0001,2024-04,15000,1,2024-04-01,2024,4,2,0.8660254037844387,-0.4999999999999998,0,0,1,15000.0,34000.0,15000.0,22666.666666666668,28333.33333333333,31083.33333333333,10016.652800877811,0.7292,17,0,Modere
ST0018,A0001,2024-05,15000,2,2024-05-01,2024,5,2,0.4999999999999999,-0.8660254037844387,0,0,2,15000.0,19000.0,21000.0,16333.333333333334,22000.0,31083.33333333333,2309.4010767585064,0.5255,17,0,Modere
ST0018,A0001,2024-06,30000,2,2024-06-01,2024,6,2,1.2246467991473532e-16,-1.0,0,0,2,15000.0,15000.0,15000.0,15000.0,18833.33333333333,30583.33333333333,0.0,0.4904,17,0,Modere
ST0018,A0001,2024-07,15000,1,2024-07-01,2024,7,3,-0.4999999999999997,-0.8660254037844388,0,0,2,30000.0,15000.0,35000.0,20000.0,21333.33333333333,31833.33333333333,8660.254037844388,0.6283,17,0,Modere
ST0018,A0001,2024-08,10000,1,2024-08-01,2024,8,3,-0.8660254037844385,-0.5000000000000004,0,0,3,15000.0,15000.0,64000.0,20000.0,18166.666666666668,30166.666666666668,8660.254037844388,0.663,17,0,Modere
ST0018,A0001,2024-09,30000,3,2024-09-01,2024,9,3,-1.0,-1.8369701987210294e-16,0,0,3,10000.0,30000.0,53000.0,18333.33333333333,16666.666666666668,25666.666666666668,10408.329997330664,0.7143,17,0,Modere
ST0018,A0001,2024-10,10000,1,2024-10-01,2024,10,4,-0.8660254037844386,0.5000000000000001,0,1,3,30000.0,15000.0,53000.0,18333.33333333333,19166.666666666668,23750.0,10408.329997330664,0.7719,17,0,Modere
ST0018,A0001,2024-11,20000,2,2024-11-01,2024,11,4,-0.5000000000000004,0.8660254037844384,0,1,3,10000.0,10000.0,34000.0,16666.666666666668,18333.33333333333,20166.666666666668,11547.005383792515,0.8264,17,0,Modere
ST0018,A0001,2024-12,15000,3,2024-12-01,2024,12,4,-2.4492935982947064e-16,1.0,0,1,0,20000.0,30000.0,15000.0,20000.0,19166.666666666668,19000.0,10000.0,1.0526,17,0,Modere
ST0018,A0001,2025-01,25000,5,2025-01-01,2025,1,1,0.4999999999999999,0.8660254037844387,1,0,0,15000.0,10000.0,34000.0,15000.0,16666.666666666668,19000.0,5000.000000000002,0.7894,17,0,Modere
ST0018,A0001,2025-02,10000,1,2025-02-01,2025,2,1,0.8660254037844386,0.5000000000000001,1,0,0,25000.0,20000.0,19000.0,20000.0,18333.33333333333,18250.0,5000.000000000002,1.0958,17,0,Modere
ST0018,A0001,2025-04,15000,2,2025-04-01,2025,4,2,0.8660254037844387,-0.4999999999999998,0,0,1,10000.0,15000.0,15000.0,16666.666666666668,18333.33333333333,17500.0,7637.626158259735,0.9523,17,0,Modere
ST0018,A0001,2025-05,15000,2,2025-05-01,2025,5,2,0.4999999999999999,-0.8660254037844387,0,0,2,15000.0,25000.0,15000.0,16666.666666666668,15833.333333333334,17500.0,7637.626158259735,0.9523,17,0,Modere
ST0018,A0001,2025-06,5000,1,2025-06-01,2025,6,2,1.2246467991473532e-16,-1.0,0,0,2,15000.0,10000.0,15000.0,13333.333333333334,16666.666666666668,17500.0,2886.7513459481347,0.7619,17,0,Modere
ST0018,A0001,2025-07,16000,2,2025-07-01,2025,7,3,-0.4999999999999997,-0.8660254037844388,0,0,2,5000.0,15000.0,30000.0,11666.666666666666,14166.666666666666,16666.666666666668,5773.50269189626,0.7,17,0,Modere
ST0018,A0001,2025-08,13000,2,2025-08-01,2025,8,3,-0.8660254037844385,-0.5000000000000004,0,0,3,16000.0,15000.0,15000.0,12000.0,14333.333333333334,15500.0,6082.762530298222,0.7741,17,0,Modere
ST0018,A0001,2025-09,15000,3,2025-09-01,2025,9,3,-1.0,-1.8369701987210294e-16,0,0,3,13000.0,5000.0,10000.0,11333.333333333334,12333.333333333334,15333.333333333334,5686.240703077329,0.7391,17,0,Modere
ST0018,A0001,2025-10,15000,3,2025-10-01,2025,10,4,-0.8660254037844386,0.5000000000000001,0,1,3,15000.0,16000.0,30000.0,14666.666666666666,13166.666666666666,15750.0,1527.5252316519552,0.9312,17,0,Modere
ST0018,A0001,2025-11,10000,2,2025-11-01,2025,11,4,-0.5000000000000004,0.8660254037844384,0,1,3,15000.0,13000.0,10000.0,14333.333333333334,13166.666666666666,14500.0,1154.7005383792623,0.9884,17,0,Modere
ST0018,A0001,2025-12,15000,4,2025-12-01,2025,12,4,-2.4492935982947064e-16,1.0,0,1,0,10000.0,15000.0,20000.0,13333.333333333334,12333.333333333334,14500.0,2886.7513459481333,0.9195,17,0,Modere
ST0020,A0002,2021-03,21000,5,2021-03-01,2021,3,1,1.0,6.123233995736766e-17,1,0,1,16000.0,24000.0,4000.0,18666.666666666668,18000.0,16000.0,4618.8021535170055,1.1666,19,1,Modere
ST0020,A0002,2021-04,23000,6,2021-04-01,2021,4,2,0.8660254037844387,-0.4999999999999998,0,0,1,21000.0,16000.0,12000.0,17666.666666666668,18833.33333333333,17416.666666666668,2886.7513459481293,1.0143,19,1,Modere
ST0020,A0002,2021-05,19000,5,2021-05-01,2021,5,2,0.4999999999999999,-0.8660254037844387,0,0,2,23000.0,16000.0,15000.0,20000.0,20000.0,18333.33333333333,3605.551275463989,1.0908,19,1,Modere
ST0020,A0002,2021-06,23000,6,2021-06-01,2021,6,2,1.2246467991473532e-16,-1.0,0,0,2,19000.0,21000.0,17000.0,21000.0,19833.33333333333,18666.666666666668,2000.0,1.1249,19,1,Modere
ST0020,A0002,2021-07,25000,7,2021-07-01,2021,7,3,-0.4999999999999997,-0.8660254037844388,0,0,2,23000.0,23000.0,16000.0,21666.666666666668,19666.666666666668,19166.666666666668,2309.4010767585028,1.1304,19,1,Modere
ST0020,A0002,2021-08,24000,8,2021-08-01,2021,8,3,-0.8660254037844385,-0.5000000000000004,0,0,3,25000.0,19000.0,20000.0,22333.33333333333,21166.666666666668,19916.666666666668,3055.0504633038936,1.1213,19,1,Modere
ST0020,A0002,2021-09,23000,7,2021-09-01,2021,9,3,-1.0,-1.8369701987210294e-16,0,0,3,24000.0,23000.0,16000.0,24000.0,22500.0,20250.0,1000.0000000000028,1.1851,19,1,Modere
ST0020,A0002,2021-10,18000,6,2021-10-01,2021,10,4,-0.8660254037844386,0.5000000000000001,0,1,3,23000.0,25000.0,16000.0,24000.0,22833.33333333333,20833.33333333333,1000.0000000000028,1.1519,19,1,Modere
ST0020,A0002,2021-11,24000,7,2021-11-01,2021,11,4,-0.5000000000000004,0.8660254037844384,0,1,3,18000.0,24000.0,20000.0,21666.666666666668,22000.0,21000.0,3214.55025366432,1.0317,19,1,Modere
ST0020,A0002,2021-12,30000,8,2021-12-01,2021,12,4,-2.4492935982947064e-16,1.0,0,1,0,24000.0,23000.0,24000.0,21666.666666666668,22833.33333333333,21333.33333333333,3214.55025366432,1.0156,19,1,Modere
ST0020,A0002,2022-01,21000,7,2022-01-01,2022,1,1,0.4999999999999999,0.8660254037844387,1,0,0,30000.0,18000.0,16000.0,24000.0,24000.0,21833.33333333333,6000.000000000001,1.0992,19,1,Modere
ST0020,A0002,2022-02,26000,7,2022-02-01,2022,2,1,0.8660254037844386,0.5000000000000001,1,0,0,21000.0,24000.0,16000.0,25000.0,23333.33333333333,22250.0,4582.575694955841,1.1235,19,1,Modere
ST0020,A0002,2022-03,17000,4,2022-03-01,2022,3,1,1.0,6.123233995736766e-17,1,0,1,26000.0,30000.0,21000.0,25666.666666666668,23666.666666666668,23083.33333333333,4509.249752822895,1.1119,19,1,Modere
ST0020,A0002,2022-04,3000,1,2022-04-01,2022,4,2,0.8660254037844387,-0.4999999999999998,0,0,1,17000.0,21000.0,23000.0,21333.33333333333,22666.666666666668,22750.0,4509.249752822895,0.9377,19,1,Modere
ST0020,A0002,2022-05,33000,6,2022-05-01,2022,5,2,0.4999999999999999,-0.8660254037844387,0,0,2,3000.0,26000.0,19000.0,15333.333333333334,20166.666666666668,21083.33333333333,11590.225767142474,0.7272,19,1,Modere
ST0020,A0002,2022-06,38000,7,2022-06-01,2022,6,2,1.2246467991473532e-16,-1.0,0,0,2,33000.0,17000.0,23000.0,17666.666666666668,21666.666666666668,22250.0,15011.10699893027,0.794,19,1,Modere
ST0020,A0002,2022-07,14000,4,2022-07-01,2022,7,3,-0.4999999999999997,-0.8660254037844388,0,0,2,38000.0,3000.0,25000.0,24666.666666666668,23000.0,23500.0,18929.694486000917,1.0496,19,1,Modere
ST0020,A0002,2022-08,15000,5,2022-08-01,2022,8,3,-0.8660254037844385,-0.5000000000000004,0,0,3,14000.0,33000.0,24000.0,28333.33333333333,21833.33333333333,22583.33333333333,12662.27994214839,1.2546,19,1,Modere
ST0020,A0002,2022-09,12000,4,2022-09-01,2022,9,3,-1.0,-1.8369701987210294e-16,0,0,3,15000.0,38000.0,23000.0,22333.33333333333,20000.0,21833.33333333333,13576.941236277538,1.0229,19,1,Modere
ST0020,A0002,2022-10,12000,5,2022-10-01,2022,10,4,-0.8660254037844386,0.5000000000000001,0,1,3,12000.0,14000.0,18000.0,13666.666666666666,19166.666666666668,20916.666666666668,1527.5252316519752,0.6534,19,1,Modere
ST0020,A0002,2022-11,24000,5,2022-11-01,2022,11,4,-0.5000000000000004,0.8660254037844384,0,1,3,12000.0,15000.0,24000.0,13000.0,20666.666666666668,20416.666666666668,1732.0508075689024,0.6367,19,1,Modere
ST0020,A0002,2022-12,15000,3,2022-12-01,2022,12,4,-2.4492935982947064e-16,1.0,0,1,0,24000.0,12000.0,30000.0,16000.0,19166.666666666668,20416.666666666668,6928.203230275516,0.7836,19,1,Modere
ST0020,A0002,2023-01,14000,4,2023-01-01,2023,1,1,0.4999999999999999,0.8660254037844387,1,0,0,15000.0,12000.0,21000.0,17000.0,15333.333333333334,19166.666666666668,6244.997998398406,0.8869,19,1,Modere
ST0020,A0002,2023-02,3000,1,2023-02-01,2023,2,1,0.8660254037844386,0.5000000000000001,1,0,0,14000.0,24000.0,26000.0,17666.666666666668,15333.333333333334,18583.33333333333,5507.57054728611,0.9506,19,1,Modere
ST0021,A0002,2024-05,10000,1,2024-05-01,2024,5,2,0.4999999999999999,-0.8660254037844387,0,0,2,30000.0,32000.0,16000.0,30666.666666666668,30333.33333333333,25083.33333333333,1154.7005383792343,1.2225,20,1,Modere
ST0021,A0002,2024-07,10000,1,2024-07-01,2024,7,3,-0.4999999999999997,-0.8660254037844388,0,0,2,10000.0,30000.0,17000.0,23333.33333333333,29500.0,24583.33333333333,11547.005383792512,0.9491,20,1,Modere
ST0021,A0002,2024-08,20000,2,2024-08-01,2024,8,3,-0.8660254037844385,-0.5000000000000004,0,0,3,10000.0,30000.0,26000.0,16666.666666666668,26166.666666666668,24000.0,11547.005383792512,0.6944,20,1,Modere
ST0021,A0002,2024-09,14000,3,2024-09-01,2024,9,3,-1.0,-1.8369701987210294e-16,0,0,3,20000.0,10000.0,30000.0,13333.333333333334,22000.0,23500.0,5773.50269189625,0.5674,20,1,Modere
ST0021,A0002,2024-10,18000,3,2024-10-01,2024,10,4,-0.8660254037844386,0.5000000000000001,0,1,3,14000.0,10000.0,15000.0,14666.666666666666,19000.0,22166.666666666668,5033.222956847158,0.6616,20,1,Modere
ST0021,A0002,2024-11,16000,3,2024-11-01,2024,11,4,-0.5000000000000004,0.8660254037844384,0,1,3,18000.0,20000.0,15000.0,17333.333333333332,17000.0,22416.666666666668,3055.0504633038795,0.7732,20,1,Modere
ST0021,A0002,2024-12,10000,3,2024-12-01,2024,12,4,-2.4492935982947064e-16,1.0,0,1,0,16000.0,14000.0,15000.0,16000.0,14666.666666666666,22500.0,1999.9999999999773,0.7111,20,1,Modere
ST0021,A0002,2025-01,10000,3,2025-01-01,2025,1,1,0.4999999999999999,0.8660254037844387,1,0,0,10000.0,18000.0,30000.0,14666.666666666666,14666.666666666666,22083.33333333333,4163.331998932254,0.6641,20,1,Modere
ST0021,A0002,2025-02,10000,2,2025-02-01,2025,2,1,0.8660254037844386,0.5000000000000001,1,0,0,10000.0,16000.0,45000.0,12000.0,14666.666666666666,20416.666666666668,3464.1016151377376,0.5877,20,1,Modere
ST0021,A0002,2025-03,5000,1,2025-03-01,2025,3,1,1.0,6.123233995736766e-17,1,0,1,10000.0,10000.0,32000.0,10000.0,13000.0,17500.0,0.0,0.5714,20,1,Modere
ST0021,A0002,2025-07,7000,2,2025-07-01,2025,7,3,-0.4999999999999997,-0.8660254037844388,0,0,2,5000.0,10000.0,30000.0,8333.333333333334,11500.0,15250.0,2886.751345948104,0.5464,20,1,Modere
ST0021,A0002,2025-08,10000,2,2025-08-01,2025,8,3,-0.8660254037844385,-0.5000000000000004,0,0,3,7000.0,10000.0,30000.0,7333.333333333333,9666.666666666666,13333.333333333334,2516.611478423553,0.55,20,1,Modere
ST0021,A0002,2025-09,10000,2,2025-09-01,2025,9,3,-1.0,-1.8369701987210294e-16,0,0,3,10000.0,5000.0,10000.0,7333.333333333333,8666.666666666666,11666.666666666666,2516.611478423553,0.6285,20,1,Modere
ST0021,A0002,2025-10,5000,1,2025-10-01,2025,10,4,-0.8660254037844386,0.5000000000000001,0,1,3,10000.0,7000.0,10000.0,9000.0,8666.666666666666,11666.666666666666,1732.0508075688365,0.7714,20,1,Modere
ST0021,A0002,2025-11,5000,1,2025-11-01,2025,11,4,-0.5000000000000004,0.8660254037844384,0,1,3,5000.0,10000.0,20000.0,8333.333333333334,7833.333333333333,11250.0,2886.751345948104,0.7407,20,1,Modere
ST0021,A0002,2025-12,10000,2,2025-12-01,2025,12,4,-2.4492935982947064e-16,1.0,0,1,0,5000.0,10000.0,14000.0,6666.666666666667,7000.0,10000.0,2886.7513459481,0.6666,20,1,Modere
ST0022,A0001,2021-03,54000,9,2021-03-01,2021,3,1,1.0,6.123233995736766e-17,1,0,1,44000.0,75000.0,10000.0,55666.66666666666,58000.0,47416.66666666666,16862.186493255653,1.174,21,0,Modere
ST0022,A0001,2021-04,47000,7,2021-04-01,2021,4,2,0.8660254037844387,-0.4999999999999998,0,0,1,54000.0,48000.0,40000.0,48666.66666666666,57333.333333333336,51083.333333333336,5033.222956847168,0.9527,21,0,Modere
ST0022,A0001,2021-05,48000,5,2021-05-01,2021,5,2,0.4999999999999999,-0.8660254037844387,0,0,2,47000.0,44000.0,49000.0,48333.333333333336,53500.0,51666.66666666666,5131.601439446886,0.9355,21,0,Modere
ST0022,A0001,2021-06,48000,8,2021-06-01,2021,6,2,1.2246467991473532e-16,-1.0,0,0,2,48000.0,54000.0,25000.0,49666.66666666666,52666.66666666666,51583.333333333336,3785.9388972001834,0.9628,21,0,Modere
ST0022,A0001,2021-07,35000,6,2021-07-01,2021,7,3,-0.4999999999999997,-0.8660254037844388,0,0,2,48000.0,47000.0,48000.0,47666.66666666666,48166.66666666666,53500.0,577.3502691896215,0.8909,21,0,Modere
ST0022,A0001,2021-08,59000,10,2021-08-01,2021,8,3,-0.8660254037844385,-0.5000000000000004,0,0,3,35000.0,48000.0,49000.0,43666.66666666666,46000.0,52416.66666666666,7505.553499465133,0.8331,21,0,Modere
ST0022,A0001,2021-09,55000,6,2021-09-01,2021,9,3,-1.0,-1.8369701987210294e-16,0,0,3,59000.0,48000.0,58000.0,47333.333333333336,48500.0,53250.0,12013.88086062673,0.8889,21,0,Modere
ST0022,A0001,2021-10,32000,5,2021-10-01,2021,10,4,-0.8660254037844386,0.5000000000000001,0,1,3,55000.0,35000.0,70000.0,49666.66666666666,48666.66666666666,53000.0,12858.201014657272,0.9371,21,0,Modere
ST0022,A0001,2021-11,59000,9,2021-11-01,2021,11,4,-0.5000000000000004,0.8660254037844384,0,1,3,32000.0,59000.0,53000.0,48666.66666666666,46166.66666666666,49833.333333333336,14571.661996262928,0.9766,21,0,Modere
ST0022,A0001,2021-12,59000,12,2021-12-01,2021,12,4,-2.4492935982947064e-16,1.0,0,1,0,59000.0,55000.0,75000.0,48666.66666666666,48000.0,50333.333333333336,14571.661996262928,0.9669,21,0,Modere
ST0022,A0001,2022-01,26000,6,2022-01-01,2022,1,1,0.4999999999999999,0.8660254037844387,1,0,0,59000.0,32000.0,48000.0,50000.0,49833.333333333336,49000.0,15588.457268119892,1.0204,21,0,Modere
ST0022,A0001,2022-02,36000,8,2022-02-01,2022,2,1,0.8660254037844386,0.5000000000000001,1,0,0,26000.0,59000.0,44000.0,48000.0,48333.333333333336,47166.66666666666,19052.55888325765,1.0176,21,0,Modere
ST0022,A0001,2022-03,42000,9,2022-03-01,2022,3,1,1.0,6.123233995736766e-17,1,0,1,36000.0,59000.0,54000.0,40333.333333333336,44500.0,46500.0,16921.38686199607,0.8674,21,0,Modere
ST0022,A0001,2022-04,24000,5,2022-04-01,2022,4,2,0.8660254037844387,-0.4999999999999998,0,0,1,42000.0,26000.0,47000.0,34666.666666666664,42333.333333333336,45500.0,8082.903768654758,0.7619,21,0,Modere
ST0022,A0001,2022-05,34000,6,2022-05-01,2022,5,2,0.4999999999999999,-0.8660254037844387,0,0,2,24000.0,36000.0,48000.0,34000.0,41000.0,43583.333333333336,9165.15138991168,0.7801,21,0,Modere
ST0022,A0001,2022-06,39000,9,2022-06-01,2022,6,2,1.2246467991473532e-16,-1.0,0,0,2,34000.0,42000.0,48000.0,33333.333333333336,36833.333333333336,42416.66666666666,9018.499505645788,0.7858,21,0,Modere
ST0022,A0001,2022-07,36000,7,2022-07-01,2022,7,3,-0.4999999999999997,-0.8660254037844388,0,0,2,39000.0,24000.0,35000.0,32333.33333333333,33500.0,41666.66666666666,7637.626158259736,0.776,21,0,Modere
ST0022,A0001,2022-08,36000,7,2022-08-01,2022,8,3,-0.8660254037844385,-0.5000000000000004,0,0,3,36000.0,34000.0,59000.0,36333.333333333336,35166.666666666664,41750.0,2516.611478423568,0.8702,21,0,Modere
ST0022,A0001,2022-09,20000,4,2022-09-01,2022,9,3,-1.0,-1.8369701987210294e-16,0,0,3,36000.0,39000.0,55000.0,37000.0,35166.666666666664,39833.333333333336,1732.050807568849,0.9288,21,0,Modere
ST0022,A0001,2022-10,15000,3,2022-10-01,2022,10,4,-0.8660254037844386,0.5000000000000001,0,1,3,20000.0,36000.0,32000.0,30666.666666666668,31500.0,36916.66666666666,9237.604307034017,0.8307,21,0,Modere
ST0022,A0001,2022-11,20000,4,2022-11-01,2022,11,4,-0.5000000000000004,0.8660254037844384,0,1,3,15000.0,36000.0,59000.0,23666.666666666668,30000.0,35500.0,10969.6551146029,0.6666,21,0,Modere
ST0022,A0001,2022-12,10000,2,2022-12-01,2022,12,4,-2.4492935982947064e-16,1.0,0,1,0,20000.0,20000.0,59000.0,18333.33333333333,27666.666666666668,32250.0,2886.7513459481997,0.5685,21,0,Modere
ST0022,A0001,2023-01,27000,5,2023-01-01,2023,1,1,0.4999999999999999,0.8660254037844387,1,0,0,10000.0,15000.0,26000.0,15000.0,22833.33333333333,28166.666666666668,5000.00000000005,0.5325,21,0,Modere
ST0022,A0001,2023-02,20000,5,2023-02-01,2023,2,1,0.8660254037844386,0.5000000000000001,1,0,0,27000.0,20000.0,36000.0,19000.0,21333.33333333333,28250.0,8544.003745317554,0.6725,21,0,Modere
ST0022,A0001,2023-03,9000,2,2023-03-01,2023,3,1,1.0,6.123233995736766e-17,1,0,1,20000.0,10000.0,42000.0,19000.0,18666.666666666668,26916.666666666668,8544.003745317554,0.7059,21,0,Modere
ST0022,A0001,2023-04,6000,2,2023-04-01,2023,4,2,0.8660254037844387,-0.4999999999999998,0,0,1,9000.0,27000.0,24000.0,18666.666666666668,16833.333333333332,24166.666666666668,9073.771725877486,0.7724,21,0,Modere
ST0022,A0001,2023-06,9000,1,2023-06-01,2023,6,2,1.2246467991473532e-16,-1.0,0,0,2,6000.0,20000.0,34000.0,11666.666666666666,15333.333333333334,22666.666666666668,7371.114795832031,0.5147,21,0,Modere
ST0022,A0001,2023-07,10000,1,2023-07-01,2023,7,3,-0.4999999999999997,-0.8660254037844388,0,0,2,9000.0,9000.0,39000.0,8000.0,13500.0,20583.33333333333,1732.050807569063,0.3886,21,0,Modere
ST0022,A0001,2023-08,15000,1,2023-08-01,2023,8,3,-0.8660254037844385,-0.5000000000000004,0,0,3,10000.0,6000.0,36000.0,8333.333333333334,13500.0,18166.666666666668,2081.665999466285,0.4587,21,0,Modere
ST0022,A0001,2023-09,30000,3,2023-09-01,2023,9,3,-1.0,-1.8369701987210294e-16,0,0,3,15000.0,9000.0,36000.0,11333.333333333334,11500.0,16416.666666666668,3214.5502536644062,0.6903,21,0,Modere
ST0022,A0001,2023-10,15000,2,2023-10-01,2023,10,4,-0.8660254037844386,0.5000000000000001,0,1,3,30000.0,10000.0,20000.0,18333.33333333333,13166.666666666666,15916.666666666666,10408.329997330684,1.1518,21,0,Modere
ST0022,A0001,2023-11,18000,1,2023-11-01,2023,11,4,-0.5000000000000004,0.8660254037844384,0,1,3,15000.0,15000.0,15000.0,20000.0,14166.666666666666,15500.0,8660.254037844408,1.2902,21,0,Modere
ST0022,A0001,2023-12,33000,2,2023-12-01,2023,12,4,-2.4492935982947064e-16,1.0,0,1,0,18000.0,30000.0,20000.0,21000.0,16166.666666666666,15750.0,7937.253933193796,1.3332,21,0,Modere
ST0022,A0001,2024-01,42000,3,2024-01-01,2024,1,1,0.4999999999999999,0.8660254037844387,1,0,0,33000.0,15000.0,10000.0,22000.0,20166.666666666668,16833.333333333332,9643.650760992974,1.3069,21,0,Modere
ST0022,A0001,2024-02,33000,4,2024-02-01,2024,2,1,0.8660254037844386,0.5000000000000001,1,0,0,42000.0,18000.0,27000.0,31000.0,25500.0,19500.0,12124.35565298215,1.5897,21,0,Modere
ST0022,A0001,2024-03,30000,2,2024-03-01,2024,3,1,1.0,6.123233995736766e-17,1,0,1,33000.0,33000.0,20000.0,36000.0,28500.0,20000.0,5196.152422706648,1.7999,21,0,Modere
ST0022,A0001,2024-04,45000,4,2024-04-01,2024,4,2,0.8660254037844387,-0.4999999999999998,0,0,1,30000.0,42000.0,9000.0,35000.0,28500.0,20833.33333333333,6244.997998398414,1.6799,21,0,Modere
ST0022,A0001,2024-05,33000,2,2024-05-01,2024,5,2,0.4999999999999999,-0.8660254037844387,0,0,2,45000.0,33000.0,6000.0,36000.0,33500.0,23833.33333333333,7937.253933193783,1.5104,21,0,Modere
ST0022,A0001,2024-06,48000,3,2024-06-01,2024,6,2,1.2246467991473532e-16,-1.0,0,0,2,33000.0,30000.0,9000.0,36000.0,36000.0,26083.33333333333,7937.253933193783,1.3801,21,0,Modere
ST0022,A0001,2024-07,60000,4,2024-07-01,2024,7,3,-0.4999999999999997,-0.8660254037844388,0,0,2,48000.0,45000.0,10000.0,42000.0,38500.0,29333.33333333333,7937.253933193773,1.4318,21,0,Modere
ST0022,A0001,2024-08,45000,3,2024-08-01,2024,8,3,-0.8660254037844385,-0.5000000000000004,0,0,3,60000.0,33000.0,15000.0,47000.0,41500.0,33500.0,13527.74925846868,1.4029,21,0,Modere
ST0022,A0001,2024-09,60000,6,2024-09-01,2024,9,3,-1.0,-1.8369701987210294e-16,0,0,3,45000.0,48000.0,30000.0,51000.0,43500.0,36000.0,7937.25393319376,1.4166,21,0,Modere
ST0022,A0001,2024-10,60000,5,2024-10-01,2024,10,4,-0.8660254037844386,0.5000000000000001,0,1,3,60000.0,60000.0,15000.0,55000.0,48500.0,38500.0,8660.25403784437,1.4285,21,0,Modere
ST0022,A0001,2024-11,60000,4,2024-11-01,2024,11,4,-0.5000000000000004,0.8660254037844384,0,1,3,60000.0,45000.0,18000.0,55000.0,51000.0,42250.0,8660.25403784437,1.3017,21,0,Modere
ST0022,A0001,2024-12,63000,6,2024-12-01,2024,12,4,-2.4492935982947064e-16,1.0,0,1,0,60000.0,60000.0,33000.0,60000.0,55500.0,45750.0,0.0,1.3114,21,0,Modere
ST0022,A0001,2025-01,48000,3,2025-01-01,2025,1,1,0.4999999999999999,0.8660254037844387,1,0,0,63000.0,60000.0,42000.0,61000.0,58000.0,48250.0,1732.050807568745,1.2642,21,0,Modere
ST0022,A0001,2025-02,30000,2,2025-02-01,2025,2,1,0.8660254037844386,0.5000000000000001,1,0,0,48000.0,60000.0,33000.0,57000.0,56000.0,48750.0,7937.25393319375,1.1692,21,0,Modere
ST0022,A0001,2025-03,54000,4,2025-03-01,2025,3,1,1.0,6.123233995736766e-17,1,0,1,30000.0,63000.0,30000.0,47000.0,53500.0,48500.0,16522.711641858303,0.9691,21,0,Modere
ST0022,A0001,2025-04,54000,3,2025-04-01,2025,4,2,0.8660254037844387,-0.4999999999999998,0,0,1,54000.0,48000.0,45000.0,44000.0,52500.0,50500.0,12489.995996796792,0.8713,21,0,Modere
ST0022,A0001,2025-05,36000,2,2025-05-01,2025,5,2,0.4999999999999999,-0.8660254037844387,0,0,2,54000.0,30000.0,33000.0,46000.0,51500.0,51250.0,13856.406460551014,0.8975,21,0,Modere
ST0022,A0001,2025-06,36000,2,2025-06-01,2025,6,2,1.2246467991473532e-16,-1.0,0,0,2,36000.0,54000.0,48000.0,48000.0,47500.0,51500.0,10392.304845413257,0.932,21,0,Modere
ST0022,A0001,2025-07,54000,3,2025-07-01,2025,7,3,-0.4999999999999997,-0.8660254037844388,0,0,2,36000.0,54000.0,60000.0,42000.0,43000.0,50500.0,10392.304845413262,0.8317,21,0,Modere
ST0022,A0001,2025-08,34000,2,2025-08-01,2025,8,3,-0.8660254037844385,-0.5000000000000004,0,0,3,54000.0,36000.0,45000.0,42000.0,44000.0,50000.0,10392.304845413262,0.84,21,0,Modere
ST0022,A0001,2025-09,49000,5,2025-09-01,2025,9,3,-1.0,-1.8369701987210294e-16,0,0,3,34000.0,36000.0,60000.0,41333.333333333336,44666.66666666666,49083.333333333336,11015.141094572204,0.8421,21,0,Modere
ST0022,A0001,2025-10,60000,5,2025-10-01,2025,10,4,-0.8660254037844386,0.5000000000000001,0,1,3,49000.0,54000.0,60000.0,45666.66666666666,43833.333333333336,48166.66666666666,10408.329997330658,0.9481,21,0,Modere
ST0022,A0001,2025-11,46000,4,2025-11-01,2025,11,4,-0.5000000000000004,0.8660254037844384,0,1,3,60000.0,34000.0,60000.0,47666.66666666666,44833.333333333336,48166.66666666666,13051.181300301256,0.9896,21,0,Modere
ST0022,A0001,2025-12,39000,4,2025-12-01,2025,12,4,-2.4492935982947064e-16,1.0,0,1,0,46000.0,49000.0,63000.0,51666.66666666666,46500.0,47000.0,7371.114795831973,1.0993,21,0,Modere
ST0022,A0002,2021-03,37000,8,2021-03-01,2021,3,1,1.0,6.123233995736766e-17,1,0,1,31000.0,52000.0,5000.0,36000.0,33000.0,26083.33333333333,14177.446878757828,1.3801,21,1,Modere
ST0022,A0002,2021-04,27000,7,2021-04-01,2021,4,2,0.8660254037844387,-0.4999999999999998,0,0,1,37000.0,25000.0,16000.0,31000.0,34333.333333333336,28750.0,6000.000000000005,1.0782,21,1,Modere
ST0022,A0002,2021-05,24000,4,2021-05-01,2021,5,2,0.4999999999999999,-0.8660254037844387,0,0,2,27000.0,31000.0,21000.0,31666.666666666668,34166.666666666664,29666.666666666668,5033.222956847173,1.0674,21,1,Modere
ST0022,A0002,2021-06,28000,7,2021-06-01,2021,6,2,1.2246467991473532e-16,-1.0,0,0,2,24000.0,37000.0,27000.0,29333.33333333333,32666.666666666668,29916.666666666668,6806.85928555405,0.9805,21,1,Modere
ST0022,A0002,2021-07,25000,9,2021-07-01,2021,7,3,-0.4999999999999997,-0.8660254037844388,0,0,2,28000.0,27000.0,30000.0,26333.33333333333,28666.666666666668,30000.0,2081.665999466144,0.8777,21,1,Modere
ST0022,A0002,2021-08,41000,10,2021-08-01,2021,8,3,-0.8660254037844385,-0.5000000000000004,0,0,3,25000.0,24000.0,16000.0,25666.666666666668,28666.666666666668,29583.33333333333,2081.665999466144,0.8676,21,1,Modere
ST0022,A0002,2021-09,29000,8,2021-09-01,2021,9,3,-1.0,-1.8369701987210294e-16,0,0,3,41000.0,28000.0,29000.0,31333.33333333333,30333.33333333333,31666.666666666668,8504.900548115385,0.9894,21,1,Modere
ST0022,A0002,2021-10,12000,3,2021-10-01,2021,10,4,-0.8660254037844386,0.5000000000000001,0,1,3,29000.0,25000.0,28000.0,31666.666666666668,29000.0,31666.666666666668,8326.663997864534,1.0,21,1,Modere
ST0022,A0002,2021-11,31000,7,2021-11-01,2021,11,4,-0.5000000000000004,0.8660254037844384,0,1,3,12000.0,41000.0,33000.0,27333.33333333333,26500.0,30333.33333333333,14571.66199626293,0.9011,21,1,Modere
ST0022,A0002,2021-12,31000,10,2021-12-01,2021,12,4,-2.4492935982947064e-16,1.0,0,1,0,31000.0,29000.0,52000.0,24000.0,27666.666666666668,30166.666666666668,10440.306508910551,0.7956,21,1,Modere
ST0022,A0002,2022-01,14000,6,2022-01-01,2022,1,1,0.4999999999999999,0.8660254037844387,1,0,0,31000.0,12000.0,25000.0,24666.666666666668,28166.666666666668,28416.666666666668,10969.65511460289,0.868,21,1,Modere
ST0022,A0002,2022-02,22000,8,2022-02-01,2022,2,1,0.8660254037844386,0.5000000000000001,1,0,0,14000.0,31000.0,31000.0,25333.33333333333,26333.33333333333,27500.0,9814.95457622364,0.9212,21,1,Modere
ST0022,A0002,2022-03,8000,4,2022-03-01,2022,3,1,1.0,6.123233995736766e-17,1,0,1,22000.0,31000.0,37000.0,22333.33333333333,23166.666666666668,26750.0,8504.900548115382,0.8349,21,1,Modere
ST0022,A0002,2022-04,27000,4,2022-04-01,2022,4,2,0.8660254037844387,-0.4999999999999998,0,0,1,8000.0,14000.0,27000.0,14666.666666666666,19666.666666666668,24333.33333333333,7023.769168568491,0.6027,21,1,Modere
ST0022,A0002,2022-05,54000,6,2022-05-01,2022,5,2,0.4999999999999999,-0.8660254037844387,0,0,2,27000.0,22000.0,24000.0,19000.0,22166.666666666668,24333.33333333333,9848.857801796104,0.7808,21,1,Modere
ST0022,A0002,2022-06,48000,7,2022-06-01,2022,6,2,1.2246467991473532e-16,-1.0,0,0,2,54000.0,8000.0,28000.0,29666.666666666668,26000.0,26833.33333333333,23115.651263447748,1.1055,21,1,Modere
ST0022,A0002,2022-07,20000,4,2022-07-01,2022,7,3,-0.4999999999999997,-0.8660254037844388,0,0,2,48000.0,27000.0,25000.0,43000.0,28833.33333333333,28500.0,14177.446878757828,1.5087,21,1,Modere
ST0022,A0002,2022-08,15000,3,2022-08-01,2022,8,3,-0.8660254037844385,-0.5000000000000004,0,0,3,20000.0,54000.0,41000.0,40666.66666666666,29833.33333333333,28083.33333333333,18147.543451754933,1.448,21,1,Modere
ST0022,A0002,2022-09,15000,3,2022-09-01,2022,9,3,-1.0,-1.8369701987210294e-16,0,0,3,15000.0,48000.0,29000.0,27666.666666666668,28666.666666666668,25916.666666666668,17785.7620959388,1.0675,21,1,Modere
ST0022,A0002,2022-11,11000,2,2022-11-01,2022,11,4,-0.5000000000000004,0.8660254037844384,0,1,3,15000.0,20000.0,12000.0,16666.666666666668,29833.33333333333,24750.0,2886.7513459481397,0.6734,21,1,Modere
ST0022,A0002,2022-12,4000,1,2022-12-01,2022,12,4,-2.4492935982947064e-16,1.0,0,1,0,11000.0,15000.0,31000.0,13666.666666666666,27166.666666666668,24666.666666666668,2309.4010767585187,0.554,21,1,Modere
ST0022,A0002,2023-01,8000,2,2023-01-01,2023,1,1,0.4999999999999999,0.8660254037844387,1,0,0,4000.0,15000.0,31000.0,10000.0,18833.33333333333,22416.666666666668,5567.76436283003,0.4461,21,1,Modere
ST0022,A0002,2023-02,8000,2,2023-02-01,2023,2,1,0.8660254037844386,0.5000000000000001,1,0,0,8000.0,11000.0,14000.0,7666.666666666667,12166.666666666666,20500.0,3511.884584284261,0.374,21,1,Modere
ST0022,A0002,2023-03,5000,1,2023-03-01,2023,3,1,1.0,6.123233995736766e-17,1,0,1,8000.0,4000.0,22000.0,6666.666666666667,10166.666666666666,20000.0,2309.401076758527,0.3333,21,1,Modere
ST0022,A0002,2023-06,1000,1,2023-06-01,2023,6,2,1.2246467991473532e-16,-1.0,0,0,2,5000.0,8000.0,8000.0,7000.0,8500.0,18583.33333333333,1732.0508075689088,0.3767,21,1,Modere
ST0022,A0002,2023-10,5000,2,2023-10-01,2023,10,4,-0.8660254037844386,0.5000000000000001,0,1,3,1000.0,8000.0,27000.0,4666.666666666667,6166.666666666667,18000.0,3511.8845842842643,0.2592,21,1,Modere
ST0022,A0002,2023-11,15000,1,2023-11-01,2023,11,4,-0.5000000000000004,0.8660254037844384,0,1,3,5000.0,5000.0,54000.0,3666.6666666666665,5166.666666666667,16166.666666666666,2309.401076758532,0.2268,21,1,Modere
ST0022,A0002,2023-12,45000,4,2023-12-01,2023,12,4,-2.4492935982947064e-16,1.0,0,1,0,15000.0,1000.0,48000.0,7000.0,7000.0,12916.666666666666,7211.102550927986,0.5419,21,1,Modere
ST0022,A0002,2024-01,87000,7,2024-01-01,2024,1,1,0.4999999999999999,0.8660254037844387,1,0,0,45000.0,5000.0,20000.0,21666.666666666668,13166.666666666666,12666.666666666666,20816.659994661328,1.7104,21,1,Modere
ST0022,A0002,2024-02,54000,5,2024-02-01,2024,2,1,0.8660254037844386,0.5000000000000001,1,0,0,87000.0,15000.0,15000.0,49000.0,26333.33333333333,18250.0,36166.282640050245,2.6848,21,1,Modere
ST0022,A0002,2024-03,48000,5,2024-03-01,2024,3,1,1.0,6.123233995736766e-17,1,0,1,54000.0,45000.0,15000.0,62000.0,34500.0,21500.0,22113.34438749597,2.8836,21,1,Modere
ST0022,A0002,2024-04,30000,3,2024-04-01,2024,4,2,0.8660254037844387,-0.4999999999999998,0,0,1,48000.0,87000.0,11000.0,63000.0,42333.333333333336,24250.0,20999.999999999996,2.5978,21,1,Modere
ST0022,A0002,2024-05,48000,4,2024-05-01,2024,5,2,0.4999999999999999,-0.8660254037844387,0,0,2,30000.0,54000.0,4000.0,44000.0,46500.0,25833.33333333333,12489.995996796786,1.7032,21,1,Modere
ST0022,A0002,2024-06,60000,4,2024-06-01,2024,6,2,1.2246467991473532e-16,-1.0,0,0,2,48000.0,48000.0,8000.0,42000.0,52000.0,29500.0,10392.304845413251,1.4237,21,1,Modere
ST0022,A0002,2024-07,45000,4,2024-07-01,2024,7,3,-0.4999999999999997,-0.8660254037844388,0,0,2,60000.0,30000.0,8000.0,46000.0,54500.0,33833.333333333336,15099.66887054149,1.3596,21,1,Modere
ST0022,A0002,2024-08,30000,2,2024-08-01,2024,8,3,-0.8660254037844385,-0.5000000000000004,0,0,3,45000.0,48000.0,5000.0,51000.0,47500.0,36916.66666666666,7937.253933193757,1.3815,21,1,Modere
ST0022,A0002,2024-09,60000,6,2024-09-01,2024,9,3,-1.0,-1.8369701987210294e-16,0,0,3,30000.0,60000.0,1000.0,45000.0,43500.0,39000.0,14999.999999999993,1.1538,21,1,Modere
ST0022,A0002,2024-10,60000,5,2024-10-01,2024,10,4,-0.8660254037844386,0.5000000000000001,0,1,3,60000.0,45000.0,5000.0,45000.0,45500.0,43916.66666666666,14999.999999999993,1.0246,21,1,Modere
ST0022,A0002,2024-11,54000,4,2024-11-01,2024,11,4,-0.5000000000000004,0.8660254037844384,0,1,3,60000.0,30000.0,15000.0,50000.0,50500.0,48500.0,17320.508075688766,1.0309,21,1,Modere
ST0022,A0002,2024-12,33000,2,2024-12-01,2024,12,4,-2.4492935982947064e-16,1.0,0,1,0,54000.0,60000.0,45000.0,58000.0,51500.0,51750.0,3464.1016151377203,1.1208,21,1,Modere
ST0022,A0002,2025-01,36000,3,2025-01-01,2025,1,1,0.4999999999999999,0.8660254037844387,1,0,0,33000.0,60000.0,87000.0,49000.0,47000.0,50750.0,14177.446878757815,0.9655,21,1,Modere
ST0022,A0002,2025-02,15000,2,2025-02-01,2025,2,1,0.8660254037844386,0.5000000000000001,1,0,0,36000.0,54000.0,54000.0,41000.0,45500.0,46500.0,11357.816691600538,0.8817,21,1,Modere
ST0022,A0002,2025-03,36000,2,2025-03-01,2025,3,1,1.0,6.123233995736766e-17,1,0,1,15000.0,33000.0,48000.0,28000.0,43000.0,43250.0,11357.816691600538,0.6474,21,1,Modere
ST0022,A0002,2025-04,54000,3,2025-04-01,2025,4,2,0.8660254037844387,-0.4999999999999998,0,0,1,36000.0,36000.0,30000.0,29000.0,39000.0,42250.0,12124.35565298213,0.6864,21,1,Modere
ST0022,A0002,2025-05,40000,3,2025-05-01,2025,5,2,0.4999999999999999,-0.8660254037844387,0,0,2,54000.0,15000.0,48000.0,35000.0,38000.0,44250.0,19519.221295943127,0.7909,21,1,Modere
ST0022,A0002,2025-06,36000,2,2025-06-01,2025,6,2,1.2246467991473532e-16,-1.0,0,0,2,40000.0,36000.0,60000.0,43333.333333333336,35666.666666666664,43583.333333333336,9451.631252505204,0.9942,21,1,Modere
ST0022,A0002,2025-07,51000,3,2025-07-01,2025,7,3,-0.4999999999999997,-0.8660254037844388,0,0,2,36000.0,54000.0,45000.0,43333.333333333336,36166.66666666666,41583.333333333336,9451.631252505204,1.0421,21,1,Modere
ST0022,A0002,2025-08,33000,2,2025-08-01,2025,8,3,-0.8660254037844385,-0.5000000000000004,0,0,3,51000.0,40000.0,30000.0,42333.333333333336,38666.66666666666,42083.333333333336,7767.453465154015,1.0059,21,1,Modere
ST0022,A0002,2025-09,16000,1,2025-09-01,2025,9,3,-1.0,-1.8369701987210294e-16,0,0,3,33000.0,36000.0,60000.0,40000.0,41666.66666666666,42333.333333333336,9643.650760992943,0.9449,21,1,Modere
ST0022,A0002,2025-10,32000,5,2025-10-01,2025,10,4,-0.8660254037844386,0.5000000000000001,0,1,3,16000.0,51000.0,60000.0,33333.333333333336,38333.333333333336,38666.66666666666,17502.38079043343,0.862,21,1,Modere
ST0022,A0002,2025-11,28000,2,2025-11-01,2025,11,4,-0.5000000000000004,0.8660254037844384,0,1,3,32000.0,33000.0,54000.0,27000.0,34666.666666666664,36333.333333333336,9539.392014169449,0.7431,21,1,Modere
ST0022,A0002,2025-12,64000,6,2025-12-01,2025,12,4,-2.4492935982947064e-16,1.0,0,1,0,28000.0,16000.0,33000.0,25333.33333333333,32666.666666666668,34166.666666666664,8326.663997864522,0.7414,21,1,Modere
ST0023,A0001,2021-03,61000,9,2021-03-01,2021,3,1,1.0,6.123233995736766e-17,1,0,1,45000.0,102000.0,50000.0,64000.0,72833.33333333333,76833.33333333333,32908.965343808675,0.833,22,0,Modere
ST0023,A0001,2021-04,42000,4,2021-04-01,2021,4,2,0.8660254037844387,-0.4999999999999998,0,0,1,61000.0,45000.0,40000.0,50333.333333333336,68000.0,77750.0,9237.604307034037,0.6474,22,0,Modere
ST0023,A0001,2021-05,71000,7,2021-05-01,2021,5,2,0.4999999999999999,-0.8660254037844387,0,0,2,42000.0,45000.0,79000.0,49333.333333333336,60000.0,77916.66666666667,10214.36896402973,0.6331,22,0,Modere
ST0023,A0001,2021-06,50000,6,2021-06-01,2021,6,2,1.2246467991473532e-16,-1.0,0,0,2,71000.0,61000.0,71000.0,58000.0,61000.0,77250.0,14730.91986265625,0.7508,22,0,Modere
ST0023,A0001,2021-07,110000,8,2021-07-01,2021,7,3,-0.4999999999999997,-0.8660254037844388,0,0,2,50000.0,42000.0,135000.0,54333.333333333336,52333.333333333336,75500.0,14977.761292440662,0.7196,22,0,Modere
ST0023,A0001,2021-08,74000,9,2021-08-01,2021,8,3,-0.8660254037844385,-0.5000000000000004,0,0,3,110000.0,71000.0,110000.0,77000.0,63166.66666666666,73416.66666666667,30446.674695276663,1.0488,22,0,Modere
ST0023,A0001,2021-09,104000,8,2021-09-01,2021,9,3,-1.0,-1.8369701987210294e-16,0,0,3,74000.0,50000.0,90000.0,78000.0,68000.0,70416.66666666667,30199.337741083007,1.1077,22,0,Modere
ST0023,A0001,2021-10,25000,4,2021-10-01,2021,10,4,-0.8660254037844386,0.5000000000000001,0,1,3,104000.0,110000.0,90000.0,96000.0,75166.66666666667,71583.33333333333,19287.301521985923,1.3411,22,0,Modere
ST0023,A0001,2021-11,80000,7,2021-11-01,2021,11,4,-0.5000000000000004,0.8660254037844384,0,1,3,25000.0,74000.0,65000.0,67666.66666666667,72333.33333333333,66166.66666666667,39878.98360456713,1.0227,22,0,Modere
ST0023,A0001,2021-12,85000,9,2021-12-01,2021,12,4,-2.4492935982947064e-16,1.0,0,1,0,80000.0,104000.0,102000.0,69666.66666666667,73833.33333333333,67416.66666666667,40501.02879351751,1.0334,22,0,Modere
ST0023,A0001,2022-01,46000,6,2022-01-01,2022,1,1,0.4999999999999999,0.8660254037844387,1,0,0,85000.0,25000.0,45000.0,63333.333333333336,79666.66666666667,66000.0,33291.64059239697,0.9596,22,0,Modere
ST0023,A0001,2022-02,90000,8,2022-02-01,2022,2,1,0.8660254037844386,0.5000000000000001,1,0,0,46000.0,80000.0,45000.0,70333.33333333333,69000.0,66083.33333333333,21221.058723196016,1.0643,22,0,Modere
ST0023,A0001,2022-03,40000,5,2022-03-01,2022,3,1,1.0,6.123233995736766e-17,1,0,1,90000.0,85000.0,61000.0,73666.66666666667,71666.66666666667,69833.33333333333,24090.108620206214,1.0549,22,0,Modere
ST0023,A0001,2022-04,45000,4,2022-04-01,2022,4,2,0.8660254037844387,-0.4999999999999998,0,0,1,40000.0,46000.0,42000.0,58666.66666666666,61000.0,68083.33333333333,27300.793639257696,0.8617,22,0,Modere
ST0023,A0001,2022-05,65000,8,2022-05-01,2022,5,2,0.4999999999999999,-0.8660254037844387,0,0,2,45000.0,90000.0,71000.0,58333.333333333336,64333.333333333336,68333.33333333333,27537.852736430512,0.8536,22,0,Modere
ST0023,A0001,2022-06,50000,6,2022-06-01,2022,6,2,1.2246467991473532e-16,-1.0,0,0,2,65000.0,40000.0,50000.0,50000.0,61833.333333333336,67833.33333333333,13228.756555322949,0.7371,22,0,Modere
ST0023,A0001,2022-07,64000,6,2022-07-01,2022,7,3,-0.4999999999999997,-0.8660254037844388,0,0,2,50000.0,45000.0,110000.0,53333.333333333336,56000.0,67833.33333333333,10408.329997330658,0.7862,22,0,Modere
ST0023,A0001,2022-08,45000,6,2022-08-01,2022,8,3,-0.8660254037844385,-0.5000000000000004,0,0,3,64000.0,65000.0,74000.0,59666.66666666666,59000.0,64000.0,8386.49708360609,0.9323,22,0,Modere
ST0023,A0001,2022-09,25000,4,2022-09-01,2022,9,3,-1.0,-1.8369701987210294e-16,0,0,3,45000.0,50000.0,104000.0,53000.0,51500.0,61583.333333333336,9848.8578017961,0.8606,22,0,Modere
ST0023,A0001,2022-10,31000,4,2022-10-01,2022,10,4,-0.8660254037844386,0.5000000000000001,0,1,3,25000.0,64000.0,25000.0,44666.66666666666,49000.0,55000.0,19502.136635080093,0.8121,22,0,Modere
ST0023,A0001,2022-11,28000,3,2022-11-01,2022,11,4,-0.5000000000000004,0.8660254037844384,0,1,3,31000.0,45000.0,80000.0,33666.666666666664,46666.66666666666,55500.0,10263.20287889374,0.6066,22,0,Modere
ST0023,A0001,2022-12,47000,6,2022-12-01,2022,12,4,-2.4492935982947064e-16,1.0,0,1,0,28000.0,25000.0,85000.0,28000.0,40500.0,51166.66666666666,2999.999999999878,0.5472,22,0,Modere
ST0023,A0001,2023-01,20000,5,2023-01-01,2023,1,1,0.4999999999999999,0.8660254037844387,1,0,0,47000.0,31000.0,46000.0,35333.333333333336,40000.0,48000.0,10214.368964029683,0.7361,22,0,Modere
ST0023,A0001,2023-02,30000,5,2023-02-01,2023,2,1,0.8660254037844386,0.5000000000000001,1,0,0,20000.0,28000.0,90000.0,31666.666666666668,32666.666666666668,45833.333333333336,13868.429375143123,0.6909,22,0,Modere
ST0023,A0001,2023-03,45000,6,2023-03-01,2023,3,1,1.0,6.123233995736766e-17,1,0,1,30000.0,47000.0,40000.0,32333.33333333333,30166.666666666668,40833.333333333336,13650.396819628826,0.7918,22,0,Modere
ST0023,A0001,2023-04,14000,3,2023-04-01,2023,4,2,0.8660254037844387,-0.4999999999999998,0,0,1,45000.0,20000.0,45000.0,31666.666666666668,33500.0,41250.0,12583.057392117891,0.7677,22,0,Modere
ST0023,A0001,2023-05,31000,4,2023-05-01,2023,5,2,0.4999999999999999,-0.8660254037844387,0,0,2,14000.0,30000.0,65000.0,29666.666666666668,30666.666666666668,38666.66666666666,15502.68793897796,0.7672,22,0,Modere
ST0023,A0001,2023-06,60000,6,2023-06-01,2023,6,2,1.2246467991473532e-16,-1.0,0,0,2,31000.0,45000.0,50000.0,30000.0,31166.666666666668,35833.333333333336,15524.174696260005,0.8372,22,0,Modere
ST0023,A0001,2023-07,55000,4,2023-07-01,2023,7,3,-0.4999999999999997,-0.8660254037844388,0,0,2,60000.0,14000.0,64000.0,35000.0,33333.333333333336,36666.66666666666,23259.406699226,0.9545,22,0,Modere
ST0023,A0001,2023-08,55000,3,2023-08-01,2023,8,3,-0.8660254037844385,-0.5000000000000004,0,0,3,55000.0,31000.0,45000.0,48666.66666666666,39166.66666666666,35916.666666666664,15502.687938977971,1.355,22,0,Modere
ST0023,A0001,2023-09,65000,4,2023-09-01,2023,9,3,-1.0,-1.8369701987210294e-16,0,0,3,55000.0,60000.0,25000.0,56666.66666666666,43333.333333333336,36750.0,2886.7513459481247,1.5419,22,0,Modere
ST0023,A0001,2023-10,45000,3,2023-10-01,2023,10,4,-0.8660254037844386,0.5000000000000001,0,1,3,65000.0,55000.0,31000.0,58333.333333333336,46666.66666666666,40083.333333333336,5773.502691896261,1.4553,22,0,Modere
ST0023,A0001,2023-11,35000,2,2023-11-01,2023,11,4,-0.5000000000000004,0.8660254037844384,0,1,3,45000.0,55000.0,28000.0,55000.0,51833.333333333336,41250.0,9999.999999999998,1.3333,22,0,Modere
ST0023,A0001,2023-12,15000,1,2023-12-01,2023,12,4,-2.4492935982947064e-16,1.0,0,1,0,35000.0,65000.0,47000.0,48333.333333333336,52500.0,41833.333333333336,15275.252316519458,1.1554,22,0,Modere
ST0023,A0001,2024-01,30000,4,2024-01-01,2024,1,1,0.4999999999999999,0.8660254037844387,1,0,0,15000.0,45000.0,20000.0,31666.666666666668,45000.0,39166.66666666666,15275.252316519442,0.8085,22,0,Modere
ST0023,A0001,2024-02,30000,3,2024-02-01,2024,2,1,0.8660254037844386,0.5000000000000001,1,0,0,30000.0,35000.0,30000.0,26666.666666666668,40833.333333333336,40000.0,10408.32999733062,0.6667,22,0,Modere
ST0023,A0001,2024-03,30000,2,2024-03-01,2024,3,1,1.0,6.123233995736766e-17,1,0,1,30000.0,15000.0,45000.0,25000.0,36666.66666666666,40000.0,8660.254037844332,0.625,22,0,Modere
ST0023,A0001,2024-04,30000,2,2024-04-01,2024,4,2,0.8660254037844387,-0.4999999999999998,0,0,1,30000.0,30000.0,14000.0,30000.0,30833.33333333333,38750.0,0.0,0.7742,22,0,Modere
ST0023,A0001,2024-05,30000,2,2024-05-01,2024,5,2,0.4999999999999999,-0.8660254037844387,0,0,2,30000.0,30000.0,31000.0,30000.0,28333.33333333333,40083.333333333336,0.0,0.7484,22,0,Modere
ST0023,A0001,2024-06,30000,2,2024-06-01,2024,6,2,1.2246467991473532e-16,-1.0,0,0,2,30000.0,30000.0,60000.0,30000.0,27500.0,40000.0,0.0,0.75,22,0,Modere
ST0023,A0001,2024-07,33000,3,2024-07-01,2024,7,3,-0.4999999999999997,-0.8660254037844388,0,0,2,30000.0,30000.0,55000.0,30000.0,30000.0,37500.0,0.0,0.8,22,0,Modere
ST0023,A0001,2024-08,30000,2,2024-08-01,2024,8,3,-0.8660254037844385,-0.5000000000000004,0,0,3,33000.0,30000.0,55000.0,31000.0,30500.0,35666.666666666664,1732.0508075686582,0.8691,22,0,Modere
ST0023,A0001,2024-09,35000,2,2024-09-01,2024,9,3,-1.0,-1.8369701987210294e-16,0,0,3,30000.0,30000.0,65000.0,31000.0,30500.0,33583.333333333336,1732.0508075686582,0.923,22,0,Modere
ST0023,A0001,2024-10,40000,2,2024-10-01,2024,10,4,-0.8660254037844386,0.5000000000000001,0,1,3,35000.0,33000.0,45000.0,32666.666666666668,31333.33333333333,31083.33333333333,2516.6114784234423,1.0509,22,0,Modere
ST0023,A0001,2024-11,20000,1,2024-11-01,2024,11,4,-0.5000000000000004,0.8660254037844384,0,1,3,40000.0,30000.0,35000.0,35000.0,33000.0,30666.666666666668,4999.999999999935,1.1413,22,0,Modere
ST0023,A0001,2024-12,30000,3,2024-12-01,2024,12,4,-2.4492935982947064e-16,1.0,0,1,0,20000.0,35000.0,15000.0,31666.666666666668,31333.33333333333,29416.666666666668,10408.329997330628,1.0765,22,0,Modere
ST0023,A0001,2025-01,15000,1,2025-01-01,2025,1,1,0.4999999999999999,0.8660254037844387,1,0,0,30000.0,40000.0,30000.0,30000.0,31333.33333333333,30666.666666666668,9999.999999999958,0.9782,22,0,Modere
ST0023,A0001,2025-02,30000,3,2025-02-01,2025,2,1,0.8660254037844386,0.5000000000000001,1,0,0,15000.0,20000.0,30000.0,21666.666666666668,28333.33333333333,29416.666666666668,7637.626158259663,0.7365,22,0,Modere
ST0023,A0001,2025-03,30000,2,2025-03-01,2025,3,1,1.0,6.123233995736766e-17,1,0,1,30000.0,30000.0,30000.0,25000.0,28333.33333333333,29416.666666666668,8660.254037844332,0.8498,22,0,Modere
ST0023,A0001,2025-04,30000,2,2025-04-01,2025,4,2,0.8660254037844387,-0.4999999999999998,0,0,1,30000.0,15000.0,30000.0,25000.0,27500.0,29416.666666666668,8660.254037844332,0.8498,22,0,Modere
ST0023,A0001,2025-05,15000,1,2025-05-01,2025,5,2,0.4999999999999999,-0.8660254037844387,0,0,2,30000.0,30000.0,30000.0,30000.0,25833.33333333333,29416.666666666668,0.0,1.0198,22,0,Modere
ST0023,A0001,2025-06,15000,1,2025-06-01,2025,6,2,1.2246467991473532e-16,-1.0,0,0,2,15000.0,30000.0,30000.0,25000.0,25000.0,28166.666666666668,8660.254037844332,0.8875,22,0,Modere
ST0023,A0001,2025-07,30000,2,2025-07-01,2025,7,3,-0.4999999999999997,-0.8660254037844388,0,0,2,15000.0,30000.0,33000.0,20000.0,22500.0,26916.666666666668,8660.254037844323,0.743,22,0,Modere
ST0023,A0001,2025-08,30000,3,2025-08-01,2025,8,3,-0.8660254037844385,-0.5000000000000004,0,0,3,30000.0,15000.0,30000.0,20000.0,25000.0,26666.666666666668,8660.254037844323,0.75,22,0,Modere
ST0023,A0001,2025-09,15000,1,2025-09-01,2025,9,3,-1.0,-1.8369701987210294e-16,0,0,3,30000.0,15000.0,35000.0,25000.0,25000.0,26666.666666666668,8660.254037844332,0.9375,22,0,Modere
ST0023,A0001,2025-10,30000,3,2025-10-01,2025,10,4,-0.8660254037844386,0.5000000000000001,0,1,3,15000.0,30000.0,40000.0,25000.0,22500.0,25000.0,8660.254037844332,1.0,22,0,Modere
ST0023,A0001,2025-11,15000,1,2025-11-01,2025,11,4,-0.5000000000000004,0.8660254037844384,0,1,3,30000.0,30000.0,20000.0,25000.0,22500.0,24166.666666666668,8660.254037844332,1.0344,22,0,Modere
ST0023,A0001,2025-12,30000,2,2025-12-01,2025,12,4,-2.4492935982947064e-16,1.0,0,1,0,15000.0,15000.0,30000.0,20000.0,22500.0,23750.0,8660.254037844323,0.8421,22,0,Modere
ST0023,A0002,2021-03,46000,8,2021-03-01,2021,3,1,1.0,6.123233995736766e-17,1,0,1,40000.0,76000.0,10000.0,50333.333333333336,58500.0,57083.333333333336,22368.132093076816,0.8817,22,1,Modere
ST0023,A0002,2021-04,30000,3,2021-04-01,2021,4,2,0.8660254037844387,-0.4999999999999998,0,0,1,46000.0,35000.0,40000.0,40333.333333333336,57000.0,60083.333333333336,5507.570547286045,0.6713,22,1,Modere
ST0023,A0002,2021-05,40000,5,2021-05-01,2021,5,2,0.4999999999999999,-0.8660254037844387,0,0,2,30000.0,40000.0,50000.0,38666.66666666666,50333.333333333336,59250.0,8082.90376865472,0.6526,22,1,Modere
ST0023,A0002,2021-06,45000,6,2021-06-01,2021,6,2,1.2246467991473532e-16,-1.0,0,0,2,40000.0,46000.0,65000.0,38666.66666666666,44500.0,58416.66666666666,8082.90376865472,0.6619,22,1,Modere
ST0023,A0002,2021-07,60000,8,2021-07-01,2021,7,3,-0.4999999999999997,-0.8660254037844388,0,0,2,45000.0,30000.0,86000.0,38333.333333333336,39333.333333333336,56750.0,7637.62615825969,0.6755,22,1,Modere
ST0023,A0002,2021-08,55000,6,2021-08-01,2021,8,3,-0.8660254037844385,-0.5000000000000004,0,0,3,60000.0,40000.0,83000.0,48333.333333333336,43500.0,54583.333333333336,10408.329997330648,0.8855,22,1,Modere
ST0023,A0002,2021-09,35000,6,2021-09-01,2021,9,3,-1.0,-1.8369701987210294e-16,0,0,3,55000.0,45000.0,55000.0,53333.333333333336,46000.0,52250.0,7637.626158259723,1.0207,22,1,Modere
ST0023,A0002,2021-10,24000,4,2021-10-01,2021,10,4,-0.8660254037844386,0.5000000000000001,0,1,3,35000.0,60000.0,70000.0,50000.0,44166.66666666666,50583.333333333336,13228.756555322943,0.9884,22,1,Modere
ST0023,A0002,2021-11,50000,7,2021-11-01,2021,11,4,-0.5000000000000004,0.8660254037844384,0,1,3,24000.0,55000.0,75000.0,38000.0,43166.66666666666,46750.0,15716.233645501694,0.8128,22,1,Modere
ST0023,A0002,2021-12,70000,12,2021-12-01,2021,12,4,-2.4492935982947064e-16,1.0,0,1,0,50000.0,35000.0,76000.0,36333.333333333336,44833.333333333336,44666.66666666666,13051.18130030124,0.8134,22,1,Modere
ST0023,A0002,2022-01,54000,6,2022-01-01,2022,1,1,0.4999999999999999,0.8660254037844387,1,0,0,70000.0,24000.0,35000.0,48000.0,49000.0,44166.66666666666,23065.125189341583,1.0868,22,1,Modere
ST0023,A0002,2022-02,60000,9,2022-02-01,2022,2,1,0.8660254037844386,0.5000000000000001,1,0,0,54000.0,50000.0,40000.0,58000.0,48000.0,45750.0,10583.005244258358,1.2677,22,1,Modere
ST0023,A0002,2022-03,64000,4,2022-03-01,2022,3,1,1.0,6.123233995736766e-17,1,0,1,60000.0,70000.0,46000.0,61333.333333333336,48833.333333333336,47416.66666666666,8082.90376865476,1.2935,22,1,Modere
ST0023,A0002,2022-04,70000,3,2022-04-01,2022,4,2,0.8660254037844387,-0.4999999999999998,0,0,1,64000.0,54000.0,30000.0,59333.333333333336,53666.66666666666,48916.66666666666,5033.222956847158,1.2129,22,1,Modere
ST0023,A0002,2022-05,172000,9,2022-05-01,2022,5,2,0.4999999999999999,-0.8660254037844387,0,0,2,70000.0,60000.0,40000.0,64666.66666666666,61333.333333333336,52250.0,5033.222956847174,1.2376,22,1,Modere
ST0023,A0002,2022-06,94000,9,2022-06-01,2022,6,2,1.2246467991473532e-16,-1.0,0,0,2,172000.0,64000.0,45000.0,102000.0,81666.66666666667,63250.0,60695.96362197408,1.6126,22,1,Modere
ST0023,A0002,2022-07,77000,7,2022-07-01,2022,7,3,-0.4999999999999997,-0.8660254037844388,0,0,2,94000.0,70000.0,60000.0,112000.0,85666.66666666667,67333.33333333333,53329.16650389354,1.6633,22,1,Modere
ST0023,A0002,2022-08,75000,7,2022-08-01,2022,8,3,-0.8660254037844385,-0.5000000000000004,0,0,3,77000.0,172000.0,55000.0,114333.33333333331,89500.0,68750.0,50658.99064661015,1.663,22,1,Modere
ST0023,A0002,2022-09,30000,2,2022-09-01,2022,9,3,-1.0,-1.8369701987210294e-16,0,0,3,75000.0,94000.0,35000.0,82000.0,92000.0,70416.66666666667,10440.306508910571,1.1645,22,1,Modere
ST0023,A0002,2022-10,64000,5,2022-10-01,2022,10,4,-0.8660254037844386,0.5000000000000001,0,1,3,30000.0,77000.0,24000.0,60666.66666666666,86333.33333333333,70000.0,26576.93235370353,0.8667,22,1,Modere
ST0023,A0002,2022-11,90000,7,2022-11-01,2022,11,4,-0.5000000000000004,0.8660254037844384,0,1,3,64000.0,75000.0,50000.0,56333.333333333336,85333.33333333333,73333.33333333333,23459.18441321722,0.7682,22,1,Modere
ST0023,A0002,2022-12,75000,8,2022-12-01,2022,12,4,-2.4492935982947064e-16,1.0,0,1,0,90000.0,30000.0,70000.0,61333.333333333336,71666.66666666667,76666.66666666667,30088.75759039136,0.8,22,1,Modere
ST0023,A0002,2023-01,74000,9,2023-01-01,2023,1,1,0.4999999999999999,0.8660254037844387,1,0,0,75000.0,64000.0,54000.0,76333.33333333333,68500.0,77083.33333333333,13051.181300301274,0.9903,22,1,Modere
ST0023,A0002,2023-02,72000,8,2023-02-01,2023,2,1,0.8660254037844386,0.5000000000000001,1,0,0,74000.0,90000.0,60000.0,79666.66666666667,68000.0,78750.0,8962.886439832524,1.0116,22,1,Modere
ST0023,A0002,2023-03,55000,7,2023-03-01,2023,3,1,1.0,6.123233995736766e-17,1,0,1,72000.0,75000.0,64000.0,73666.66666666667,67500.0,79750.0,1527.525231652095,0.9237,22,1,Modere
ST0023,A0002,2023-04,45000,4,2023-04-01,2023,4,2,0.8660254037844387,-0.4999999999999998,0,0,1,55000.0,74000.0,70000.0,67000.0,71666.66666666667,79000.0,10440.306508910571,0.8481,22,1,Modere
ST0023,A0002,2023-05,55000,5,2023-05-01,2023,5,2,0.4999999999999999,-0.8660254037844387,0,0,2,45000.0,72000.0,172000.0,57333.333333333336,68500.0,76916.66666666667,13650.396819628864,0.7454,22,1,Modere
ST0023,A0002,2023-06,20000,2,2023-06-01,2023,6,2,1.2246467991473532e-16,-1.0,0,0,2,55000.0,55000.0,94000.0,51666.66666666666,62666.66666666666,67166.66666666667,5773.502691896302,0.7692,22,1,Modere
ST0023,A0002,2023-07,30000,2,2023-07-01,2023,7,3,-0.4999999999999997,-0.8660254037844388,0,0,2,20000.0,45000.0,77000.0,40000.0,53500.0,61000.0,18027.75637731996,0.6557,22,1,Modere
ST0023,A0002,2023-08,45000,3,2023-08-01,2023,8,3,-0.8660254037844385,-0.5000000000000004,0,0,3,30000.0,55000.0,75000.0,35000.0,46166.66666666666,57083.333333333336,18027.75637731996,0.6131,22,1,Modere
ST0023,A0002,2023-09,30000,2,2023-09-01,2023,9,3,-1.0,-1.8369701987210294e-16,0,0,3,45000.0,20000.0,30000.0,31666.666666666668,41666.66666666666,54583.333333333336,12583.057392117937,0.5801,22,1,Modere
ST0023,A0002,2023-10,45000,3,2023-10-01,2023,10,4,-0.8660254037844386,0.5000000000000001,0,1,3,30000.0,30000.0,64000.0,35000.0,37500.0,54583.333333333336,8660.254037844412,0.6412,22,1,Modere
ST0023,A0002,2023-11,45000,3,2023-11-01,2023,11,4,-0.5000000000000004,0.8660254037844384,0,1,3,45000.0,45000.0,90000.0,40000.0,37500.0,53000.0,8660.254037844412,0.7547,22,1,Modere
ST0023,A0002,2023-12,30000,3,2023-12-01,2023,12,4,-2.4492935982947064e-16,1.0,0,1,0,45000.0,30000.0,75000.0,40000.0,35833.333333333336,49250.0,8660.254037844412,0.8122,22,1,Modere
ST0023,A0002,2024-01,50000,4,2024-01-01,2024,1,1,0.4999999999999999,0.8660254037844387,1,0,0,30000.0,45000.0,74000.0,40000.0,37500.0,45500.0,8660.254037844412,0.8791,22,1,Modere
ST0023,A0002,2024-02,30000,2,2024-02-01,2024,2,1,0.8660254037844386,0.5000000000000001,1,0,0,50000.0,45000.0,72000.0,41666.66666666666,40833.333333333336,43500.0,10408.329997330686,0.9578,22,1,Modere
ST0023,A0002,2024-03,45000,3,2024-03-01,2024,3,1,1.0,6.123233995736766e-17,1,0,1,30000.0,30000.0,55000.0,36666.66666666666,38333.333333333336,40000.0,11547.005383792532,0.9166,22,1,Modere
ST0023,A0002,2024-04,30000,3,2024-04-01,2024,4,2,0.8660254037844387,-0.4999999999999998,0,0,1,45000.0,50000.0,45000.0,41666.66666666666,40833.333333333336,39166.66666666666,10408.329997330686,1.0638,22,1,Modere
ST0023,A0002,2024-05,30000,2,2024-05-01,2024,5,2,0.4999999999999999,-0.8660254037844387,0,0,2,30000.0,30000.0,55000.0,35000.0,38333.333333333336,37916.66666666666,8660.254037844412,0.9231,22,1,Modere
ST0023,A0002,2024-06,15000,2,2024-06-01,2024,6,2,1.2246467991473532e-16,-1.0,0,0,2,30000.0,45000.0,20000.0,35000.0,35833.333333333336,35833.333333333336,8660.254037844412,0.9767,22,1,Modere
ST0023,A0002,2024-07,30000,2,2024-07-01,2024,7,3,-0.4999999999999997,-0.8660254037844388,0,0,2,15000.0,30000.0,30000.0,25000.0,33333.333333333336,35416.666666666664,8660.254037844412,0.7059,22,1,Modere
ST0023,A0002,2024-08,30000,3,2024-08-01,2024,8,3,-0.8660254037844385,-0.5000000000000004,0,0,3,30000.0,30000.0,45000.0,25000.0,30000.0,35416.666666666664,8660.254037844412,0.7059,22,1,Modere
ST0023,A0002,2024-09,30000,3,2024-09-01,2024,9,3,-1.0,-1.8369701987210294e-16,0,0,3,30000.0,15000.0,30000.0,25000.0,30000.0,34166.666666666664,8660.254037844412,0.7317,22,1,Modere
ST0023,A0002,2024-10,45000,3,2024-10-01,2024,10,4,-0.8660254037844386,0.5000000000000001,0,1,3,30000.0,30000.0,45000.0,30000.0,27500.0,34166.666666666664,0.0,0.878,22,1,Modere
ST0023,A0002,2024-11,15000,2,2024-11-01,2024,11,4,-0.5000000000000004,0.8660254037844384,0,1,3,45000.0,30000.0,45000.0,35000.0,30000.0,34166.666666666664,8660.254037844412,1.0244,22,1,Modere
ST0023,A0002,2024-12,18000,2,2024-12-01,2024,12,4,-2.4492935982947064e-16,1.0,0,1,0,15000.0,30000.0,30000.0,30000.0,27500.0,31666.666666666668,15000.000000000016,0.9473,22,1,Modere
ST0023,A0002,2025-01,30000,2,2025-01-01,2025,1,1,0.4999999999999999,0.8660254037844387,1,0,0,18000.0,45000.0,50000.0,26000.0,28000.0,30666.666666666668,16522.71164185832,0.8478,22,1,Modere
ST0023,A0002,2025-02,39000,4,2025-02-01,2025,2,1,0.8660254037844386,0.5000000000000001,1,0,0,30000.0,15000.0,30000.0,21000.0,28000.0,29000.0,7937.2539331938015,0.7241,22,1,Modere
ST0023,A0002,2025-03,18000,1,2025-03-01,2025,3,1,1.0,6.123233995736766e-17,1,0,1,39000.0,18000.0,45000.0,29000.0,29500.0,29750.0,10535.65375285276,0.9748,22,1,Modere
ST0023,A0002,2025-04,36000,4,2025-04-01,2025,4,2,0.8660254037844387,-0.4999999999999998,0,0,1,18000.0,30000.0,30000.0,29000.0,27500.0,27500.0,10535.65375285276,1.0545,22,1,Modere
ST0023,A0002,2025-05,18000,2,2025-05-01,2025,5,2,0.4999999999999999,-0.8660254037844387,0,0,2,36000.0,39000.0,30000.0,31000.0,26000.0,28000.0,11357.816691600568,1.1071,22,1,Modere
ST0023,A0002,2025-06,18000,1,2025-06-01,2025,6,2,1.2246467991473532e-16,-1.0,0,0,2,18000.0,18000.0,15000.0,24000.0,26500.0,27000.0,10392.304845413286,0.8889,22,1,Modere
ST0023,A0002,2025-07,18000,2,2025-07-01,2025,7,3,-0.4999999999999997,-0.8660254037844388,0,0,2,18000.0,36000.0,30000.0,24000.0,26500.0,27250.0,10392.304845413286,0.8807,22,1,Modere
ST0023,A0002,2025-08,30000,2,2025-08-01,2025,8,3,-0.8660254037844385,-0.5000000000000004,0,0,3,18000.0,18000.0,30000.0,18000.0,24500.0,26250.0,0.0,0.6857,22,1,Modere
ST0023,A0002,2025-09,18000,2,2025-09-01,2025,9,3,-1.0,-1.8369701987210294e-16,0,0,3,30000.0,18000.0,30000.0,22000.0,23000.0,26250.0,6928.203230275543,0.8381,22,1,Modere
ST0023,A0002,2025-10,15000,2,2025-10-01,2025,10,4,-0.8660254037844386,0.5000000000000001,0,1,3,18000.0,18000.0,45000.0,22000.0,23000.0,25250.0,6928.203230275543,0.8713,22,1,Modere
ST0023,A0002,2025-11,30000,3,2025-11-01,2025,11,4,-0.5000000000000004,0.8660254037844384,0,1,3,15000.0,30000.0,15000.0,21000.0,19500.0,22750.0,7937.2539331938015,0.923,22,1,Modere
ST0023,A0002,2025-12,30000,3,2025-12-01,2025,12,4,-2.4492935982947064e-16,1.0,0,1,0,30000.0,18000.0,18000.0,21000.0,21500.0,24000.0,7937.2539331938015,0.875,22,1,Modere
ST0024,A0001,2021-01,12000,2,2021-01-01,2021,1,1,0.4999999999999999,0.8660254037844387,1,0,0,10000.0,11000.0,16000.0,9666.666666666666,14333.333333333334,14583.333333333334,1527.5252316519468,0.6628,23,0,Modere
ST0024,A0001,2021-02,21000,2,2021-02-01,2021,2,1,0.8660254037844386,0.5000000000000001,1,0,0,12000.0,8000.0,13000.0,10000.0,12833.333333333334,14250.0,2000.0,0.7017,23,0,Modere
ST0024,A0001,2021-03,11000,2,2021-03-01,2021,3,1,1.0,6.123233995736766e-17,1,0,1,21000.0,10000.0,19000.0,14333.333333333334,13000.0,14916.666666666666,5859.465277082315,0.9608,23,0,Modere
ST0024,A0001,2021-04,14000,2,2021-04-01,2021,4,2,0.8660254037844387,-0.4999999999999998,0,0,1,11000.0,12000.0,18000.0,14666.666666666666,12166.666666666666,14250.0,5507.570547286101,1.0292,23,0,Modere
ST0024,A0001,2021-05,15000,1,2021-05-01,2021,5,2,0.4999999999999999,-0.8660254037844387,0,0,2,14000.0,21000.0,12000.0,15333.333333333334,12666.666666666666,13916.666666666666,5131.601439446884,1.1017,23,0,Modere
ST0024,A0001,2021-06,15000,2,2021-06-01,2021,6,2,1.2246467991473532e-16,-1.0,0,0,2,15000.0,11000.0,11000.0,13333.333333333334,13833.333333333334,14166.666666666666,2081.665999466132,0.9411,23,0,Modere
ST0024,A0001,2021-07,30000,3,2021-07-01,2021,7,3,-0.4999999999999997,-0.8660254037844388,0,0,2,15000.0,14000.0,21000.0,14666.666666666666,14666.666666666666,14500.0,577.3502691896207,1.0114,23,0,Modere
ST0024,A0001,2021-08,20000,2,2021-08-01,2021,8,3,-0.8660254037844385,-0.5000000000000004,0,0,3,30000.0,15000.0,20000.0,20000.0,17666.666666666668,15250.0,8660.254037844386,1.3114,23,0,Modere
ST0024,A0001,2021-09,12000,2,2021-09-01,2021,9,3,-1.0,-1.8369701987210294e-16,0,0,3,20000.0,15000.0,16000.0,21666.666666666668,17500.0,15250.0,7637.626158259733,1.4207,23,0,Modere
ST0024,A0001,2021-10,15000,2,2021-10-01,2021,10,4,-0.8660254037844386,0.5000000000000001,0,1,3,12000.0,30000.0,11000.0,20666.666666666668,17666.666666666668,14916.666666666666,9018.499505645788,1.3854,23,0,Modere
ST0024,A0001,2021-11,30000,2,2021-11-01,2021,11,4,-0.5000000000000004,0.8660254037844384,0,1,3,15000.0,20000.0,8000.0,15666.666666666666,17833.333333333332,15250.0,4041.451884327384,1.0273,23,0,Modere
ST0024,A0001,2021-12,25000,2,2021-12-01,2021,12,4,-2.4492935982947064e-16,1.0,0,1,0,30000.0,12000.0,10000.0,19000.0,20333.33333333333,17083.333333333332,9643.650760992958,1.1121,23,0,Modere
ST0024,A0001,2022-01,25000,2,2022-01-01,2022,1,1,0.4999999999999999,0.8660254037844387,1,0,0,25000.0,15000.0,12000.0,23333.33333333333,22000.0,18333.33333333333,7637.626158259736,1.2727,23,0,Modere
ST0024,A0001,2022-02,15000,1,2022-02-01,2022,2,1,0.8660254037844386,0.5000000000000001,1,0,0,25000.0,30000.0,21000.0,26666.666666666668,21166.666666666668,19416.666666666668,2886.7513459481384,1.3733,23,0,Modere
ST0024,A0001,2022-03,9000,2,2022-03-01,2022,3,1,1.0,6.123233995736766e-17,1,0,1,15000.0,25000.0,11000.0,21666.666666666668,20333.33333333333,18916.666666666668,5773.502691896263,1.1453,23,0,Modere
ST0024,A0001,2022-04,34000,2,2022-04-01,2022,4,2,0.8660254037844387,-0.4999999999999998,0,0,1,9000.0,25000.0,14000.0,16333.333333333334,19833.33333333333,18750.0,8082.903768654765,0.8711,23,0,Modere
ST0024,A0001,2022-05,25000,2,2022-05-01,2022,5,2,0.4999999999999999,-0.8660254037844387,0,0,2,34000.0,15000.0,15000.0,19333.33333333333,23000.0,20416.666666666668,13051.181300301265,0.9469,23,0,Modere
ST0024,A0001,2022-06,8000,1,2022-06-01,2022,6,2,1.2246467991473532e-16,-1.0,0,0,2,25000.0,9000.0,15000.0,22666.666666666668,22166.666666666668,21250.0,12662.27994214839,1.0666,23,0,Modere
ST0024,A0001,2022-07,17000,2,2022-07-01,2022,7,3,-0.4999999999999997,-0.8660254037844388,0,0,2,8000.0,34000.0,30000.0,22333.33333333333,19333.33333333333,20666.666666666668,13203.534880225576,1.0806,23,0,Modere
ST0024,A0001,2022-08,10000,1,2022-08-01,2022,8,3,-0.8660254037844385,-0.5000000000000004,0,0,3,17000.0,25000.0,20000.0,16666.666666666668,18000.0,19583.33333333333,8504.900548115385,0.851,23,0,Modere
ST0024,A0001,2022-09,5000,1,2022-09-01,2022,9,3,-1.0,-1.8369701987210294e-16,0,0,3,10000.0,8000.0,12000.0,11666.666666666666,17166.666666666668,18750.0,4725.815626252615,0.6222,23,0,Modere
ST0024,A0001,2022-10,18000,1,2022-10-01,2022,10,4,-0.8660254037844386,0.5000000000000001,0,1,3,5000.0,17000.0,15000.0,10666.666666666666,16500.0,18166.666666666668,6027.713773341714,0.5871,23,0,Modere
ST0024,A0001,2022-11,20000,2,2022-11-01,2022,11,4,-0.5000000000000004,0.8660254037844384,0,1,3,18000.0,10000.0,30000.0,11000.0,13833.333333333334,18416.666666666668,6557.438524302006,0.5973,23,0,Modere
ST0024,A0001,2022-12,10000,1,2022-12-01,2022,12,4,-2.4492935982947064e-16,1.0,0,1,0,20000.0,5000.0,25000.0,14333.333333333334,13000.0,17583.333333333332,8144.52781524708,0.8151,23,0,Modere
ST0024,A0001,2023-01,18000,3,2023-01-01,2023,1,1,0.4999999999999999,0.8660254037844387,1,0,0,10000.0,18000.0,25000.0,16000.0,13333.333333333334,16333.333333333334,5291.502622129185,0.9795,23,0,Modere
ST0024,A0001,2023-02,20000,2,2023-02-01,2023,2,1,0.8660254037844386,0.5000000000000001,1,0,0,18000.0,20000.0,15000.0,16000.0,13500.0,15750.0,5291.502622129185,1.0158,23,0,Modere
ST0024,A0001,2023-03,15000,2,2023-03-01,2023,3,1,1.0,6.123233995736766e-17,1,0,1,20000.0,10000.0,9000.0,16000.0,15166.666666666666,16166.666666666666,5291.502622129185,0.9896,23,0,Modere
ST0024,A0001,2023-07,17000,1,2023-07-01,2023,7,3,-0.4999999999999997,-0.8660254037844388,0,0,2,15000.0,18000.0,34000.0,17666.666666666668,16833.333333333332,16666.666666666668,2516.6114784235874,1.0599,23,0,Modere
ST0024,A0001,2023-10,35000,3,2023-10-01,2023,10,4,-0.8660254037844386,0.5000000000000001,0,1,3,17000.0,20000.0,25000.0,17333.333333333332,16666.666666666668,15250.0,2516.6114784235874,1.1365,23,0,Modere
ST0024,A0001,2024-05,10000,1,2024-05-01,2024,5,2,0.4999999999999999,-0.8660254037844387,0,0,2,35000.0,15000.0,8000.0,22333.33333333333,19166.666666666668,16083.333333333334,11015.141094572204,1.3885,23,0,Modere
ST0024,A0001,2024-06,20000,2,2024-06-01,2024,6,2,1.2246467991473532e-16,-1.0,0,0,2,10000.0,17000.0,17000.0,20666.666666666668,19166.666666666668,16250.0,12897.028081435405,1.2717,23,0,Modere
ST0024,A0001,2024-07,30000,3,2024-07-01,2024,7,3,-0.4999999999999997,-0.8660254037844388,0,0,2,20000.0,35000.0,10000.0,21666.666666666668,19500.0,16500.0,12583.057392117918,1.3131,23,0,Modere
ST0024,A0001,2024-08,11123,1,2024-08-01,2024,8,3,-0.8660254037844385,-0.5000000000000004,0,0,3,30000.0,10000.0,5000.0,20000.0,21166.666666666668,18166.666666666668,10000.000000000002,1.1009,23,0,Modere
ST0024,A0001,2024-11,7000,1,2024-11-01,2024,11,4,-0.5000000000000004,0.8660254037844384,0,1,3,11123.0,20000.0,18000.0,20374.33333333333,20520.5,18676.916666666668,9444.065667567827,1.0908,23,0,Modere
ST0024,A0001,2024-12,20000,2,2024-12-01,2024,12,4,-2.4492935982947064e-16,1.0,0,1,0,7000.0,30000.0,20000.0,16041.0,18853.83333333333,17760.25,12263.361814771675,0.9031,23,0,Modere
ST0024,A0001,2025-01,10000,1,2025-01-01,2025,1,1,0.4999999999999999,0.8660254037844387,1,0,0,20000.0,11123.0,10000.0,12707.666666666666,16353.833333333334,17760.25,6643.295592801314,0.7155,23,0,Modere
ST0024,A0001,2025-02,10000,1,2025-02-01,2025,2,1,0.8660254037844386,0.5000000000000001,1,0,0,10000.0,7000.0,18000.0,12333.333333333334,16353.833333333334,17760.25,6806.859285554048,0.6944,23,0,Modere
ST0024,A0001,2025-03,25000,2,2025-03-01,2025,3,1,1.0,6.123233995736766e-17,1,0,1,10000.0,20000.0,20000.0,13333.333333333334,14687.166666666666,17093.583333333332,5773.50269189626,0.78,23,0,Modere
ST0024,A0001,2025-04,5000,1,2025-04-01,2025,4,2,0.8660254037844387,-0.4999999999999998,0,0,1,25000.0,10000.0,15000.0,15000.0,13853.833333333334,17510.25,8660.254037844388,0.8566,23,0,Modere
ST0024,A0001,2025-05,8000,1,2025-05-01,2025,5,2,0.4999999999999999,-0.8660254037844387,0,0,2,5000.0,10000.0,17000.0,13333.333333333334,12833.333333333334,16676.916666666668,10408.329997330666,0.7995,23,0,Modere
ST0024,A0001,2025-06,5000,1,2025-06-01,2025,6,2,1.2246467991473532e-16,-1.0,0,0,2,8000.0,25000.0,35000.0,12666.666666666666,13000.0,15926.916666666666,10785.793124908958,0.7952,23,0,Modere
ST0024,A0001,2025-07,20000,2,2025-07-01,2025,7,3,-0.4999999999999997,-0.8660254037844388,0,0,2,5000.0,5000.0,10000.0,6000.0,10500.0,13426.916666666666,1732.0508075688813,0.4468,23,0,Modere
ST0024,A0001,2025-08,5000,1,2025-08-01,2025,8,3,-0.8660254037844385,-0.5000000000000004,0,0,3,20000.0,8000.0,20000.0,11000.0,12166.666666666666,14260.25,7937.253933193773,0.7713,23,0,Modere
ST0024,A0001,2025-09,10000,1,2025-09-01,2025,9,3,-1.0,-1.8369701987210294e-16,0,0,3,5000.0,5000.0,30000.0,10000.0,11333.333333333334,13010.25,8660.254037844388,0.7686,23,0,Modere
ST0024,A0001,2025-10,25000,2,2025-10-01,2025,10,4,-0.8660254037844386,0.5000000000000001,0,1,3,10000.0,20000.0,11123.0,11666.666666666666,8833.333333333334,11343.583333333334,7637.626158259735,1.0284,23,0,Modere
ST0024,A0001,2025-11,10000,2,2025-11-01,2025,11,4,-0.5000000000000004,0.8660254037844384,0,1,3,25000.0,5000.0,7000.0,13333.333333333334,12166.666666666666,12500.0,10408.329997330666,1.0666,23,0,Modere
ST0024,A0001,2025-12,5000,1,2025-12-01,2025,12,4,-2.4492935982947064e-16,1.0,0,1,0,10000.0,10000.0,20000.0,15000.0,12500.0,12750.0,8660.254037844388,1.1764,23,0,Modere
ST0024,A0002,2021-01,14000,2,2021-01-01,2021,1,1,0.4999999999999999,0.8660254037844387,1,0,0,70000.0,38000.0,72000.0,46000.0,43333.333333333336,53750.0,21166.01048851673,0.8558,23,1,Modere
ST0024,A0002,2021-02,55000,3,2021-02-01,2021,2,1,0.8660254037844386,0.5000000000000001,1,0,0,14000.0,30000.0,76000.0,38000.0,35666.666666666664,48916.66666666666,28844.41020371192,0.7768,23,1,Modere
ST0024,A0002,2021-03,55000,3,2021-03-01,2021,3,1,1.0,6.123233995736766e-17,1,0,1,55000.0,70000.0,74000.0,46333.333333333336,41166.66666666666,47166.66666666666,28988.503468329192,0.9823,23,1,Modere
ST0024,A0002,2021-04,15000,2,2021-04-01,2021,4,2,0.8660254037844387,-0.4999999999999998,0,0,1,55000.0,14000.0,76000.0,41333.333333333336,43666.66666666666,45583.333333333336,23671.36103677466,0.9067,23,1,Modere
ST0024,A0002,2021-05,37000,3,2021-05-01,2021,5,2,0.4999999999999999,-0.8660254037844387,0,0,2,15000.0,55000.0,34000.0,41666.66666666666,39833.333333333336,40500.0,23094.010767585038,1.0288,23,1,Modere
ST0024,A0002,2021-06,45000,3,2021-06-01,2021,6,2,1.2246467991473532e-16,-1.0,0,0,2,37000.0,55000.0,53000.0,35666.666666666664,41000.0,40750.0,20033.305601755623,0.8752,23,1,Modere
ST0024,A0002,2021-07,48000,4,2021-07-01,2021,7,3,-0.4999999999999997,-0.8660254037844388,0,0,2,45000.0,15000.0,60000.0,32333.33333333333,36833.333333333336,40083.333333333336,15534.906930308056,0.8066,23,1,Modere
ST0024,A0002,2021-08,50000,2,2021-08-01,2021,8,3,-0.8660254037844385,-0.5000000000000004,0,0,3,48000.0,37000.0,22000.0,43333.333333333336,42500.0,39083.333333333336,5686.240703077347,1.1087,23,1,Modere
ST0024,A0002,2021-09,40000,2,2021-09-01,2021,9,3,-1.0,-1.8369701987210294e-16,0,0,3,50000.0,45000.0,40000.0,47666.66666666666,41666.66666666666,41416.66666666666,2516.611478423655,1.1509,23,1,Modere
ST0024,A0002,2021-10,54000,2,2021-10-01,2021,10,4,-0.8660254037844386,0.5000000000000001,0,1,3,40000.0,48000.0,38000.0,46000.0,39166.66666666666,41416.66666666666,5291.502622129212,1.1106,23,1,Modere
ST0024,A0002,2021-11,120000,4,2021-11-01,2021,11,4,-0.5000000000000004,0.8660254037844384,0,1,3,54000.0,50000.0,30000.0,48000.0,45666.66666666666,42750.0,7211.102550928004,1.1228,23,1,Modere
ST0024,A0002,2021-12,138000,4,2021-12-01,2021,12,4,-2.4492935982947064e-16,1.0,0,1,0,120000.0,40000.0,70000.0,71333.33333333333,59500.0,50250.0,42723.91992003232,1.4195,23,1,Modere
ST0024,A0002,2022-01,95000,3,2022-01-01,2022,1,1,0.4999999999999999,0.8660254037844387,1,0,0,138000.0,54000.0,14000.0,104000.0,75000.0,55916.66666666666,44226.68877499197,1.8599,23,1,Modere
ST0024,A0002,2022-02,143000,6,2022-02-01,2022,2,1,0.8660254037844386,0.5000000000000001,1,0,0,95000.0,120000.0,55000.0,117666.66666666669,82833.33333333333,62666.66666666666,21594.752448994048,1.8776,23,1,Modere
ST0024,A0002,2022-03,24000,3,2022-03-01,2022,3,1,1.0,6.123233995736766e-17,1,0,1,143000.0,138000.0,55000.0,125333.33333333331,98333.33333333331,70000.0,26388.12864401973,1.7905,23,1,Modere
ST0024,A0002,2022-04,105000,2,2022-04-01,2022,4,2,0.8660254037844387,-0.4999999999999998,0,0,1,24000.0,95000.0,15000.0,87333.33333333333,95666.66666666669,67416.66666666667,59869.302094924526,1.2954,23,1,Modere
ST0024,A0002,2022-05,179500,7,2022-05-01,2022,5,2,0.4999999999999999,-0.8660254037844387,0,0,2,105000.0,143000.0,37000.0,90666.66666666669,104166.66666666669,74916.66666666667,60781.02774166733,1.2102,23,1,Modere
ST0024,A0002,2022-06,102000,5,2022-06-01,2022,6,2,1.2246467991473532e-16,-1.0,0,0,2,179500.0,24000.0,45000.0,102833.33333333331,114083.33333333331,86791.66666666667,77772.63871911081,1.1848,23,1,Modere
ST0024,A0002,2022-07,110000,4,2022-07-01,2022,7,3,-0.4999999999999997,-0.8660254037844388,0,0,2,102000.0,105000.0,48000.0,128833.33333333331,108083.33333333331,91541.66666666669,43904.25188217348,1.4074,23,1,Modere
ST0024,A0002,2022-08,29000,2,2022-08-01,2022,8,3,-0.8660254037844385,-0.5000000000000004,0,0,3,110000.0,179500.0,50000.0,130500.0,110583.33333333331,96708.33333333331,42623.35040796301,1.3494,23,1,Modere
ST0024,A0002,2022-09,40000,2,2022-09-01,2022,9,3,-1.0,-1.8369701987210294e-16,0,0,3,29000.0,102000.0,40000.0,80333.33333333333,91583.33333333331,94958.33333333331,44635.56130859489,0.846,23,1,Modere
ST0024,A0002,2022-10,70000,3,2022-10-01,2022,10,4,-0.8660254037844386,0.5000000000000001,0,1,3,40000.0,110000.0,54000.0,59666.66666666666,94250.0,94958.33333333331,43935.55887129846,0.6283,23,1,Modere
ST0024,A0002,2022-11,65000,4,2022-11-01,2022,11,4,-0.5000000000000004,0.8660254037844384,0,1,3,70000.0,29000.0,120000.0,46333.333333333336,88416.66666666667,96291.66666666669,21221.058723195994,0.4812,23,1,Modere
ST0024,A0002,2022-12,69000,3,2022-12-01,2022,12,4,-2.4492935982947064e-16,1.0,0,1,0,65000.0,40000.0,138000.0,58333.333333333336,69333.33333333333,91708.33333333331,16072.751268321574,0.6361,23,1,Modere
ST0024,A0002,2023-01,83000,3,2023-01-01,2023,1,1,0.4999999999999999,0.8660254037844387,1,0,0,69000.0,70000.0,95000.0,68000.0,63833.333333333336,85958.33333333333,2645.751311064478,0.7911,23,1,Modere
ST0024,A0002,2023-02,65000,3,2023-02-01,2023,2,1,0.8660254037844386,0.5000000000000001,1,0,0,83000.0,65000.0,143000.0,72333.33333333333,59333.333333333336,84958.33333333333,9451.631252505187,0.8514,23,1,Modere
ST0024,A0002,2023-03,55000,3,2023-03-01,2023,3,1,1.0,6.123233995736766e-17,1,0,1,65000.0,69000.0,24000.0,72333.33333333333,65333.333333333336,78458.33333333333,9451.631252505187,0.9219,23,1,Modere
ST0024,A0002,2023-04,73000,2,2023-04-01,2023,4,2,0.8660254037844387,-0.4999999999999998,0,0,1,55000.0,83000.0,105000.0,67666.66666666667,67833.33333333333,81041.66666666667,14189.197769195158,0.835,23,1,Modere
ST0024,A0002,2023-05,136000,5,2023-05-01,2023,5,2,0.4999999999999999,-0.8660254037844387,0,0,2,73000.0,65000.0,179500.0,64333.333333333336,68333.33333333333,78375.0,9018.499505645765,0.8208,23,1,Modere
ST0024,A0002,2023-06,103000,4,2023-06-01,2023,6,2,1.2246467991473532e-16,-1.0,0,0,2,136000.0,55000.0,102000.0,88000.0,80166.66666666667,74750.0,42532.34063627347,1.1772,23,1,Modere
ST0024,A0002,2023-07,86000,4,2023-07-01,2023,7,3,-0.4999999999999997,-0.8660254037844388,0,0,2,103000.0,73000.0,110000.0,104000.0,85833.33333333333,74833.33333333333,31511.90251317745,1.3897,23,1,Modere
ST0024,A0002,2023-08,75000,3,2023-08-01,2023,8,3,-0.8660254037844385,-0.5000000000000004,0,0,3,86000.0,136000.0,29000.0,108333.33333333331,86333.33333333333,72833.33333333333,25423.086620891117,1.4874,23,1,Modere
ST0024,A0002,2023-09,105000,3,2023-09-01,2023,9,3,-1.0,-1.8369701987210294e-16,0,0,3,75000.0,103000.0,40000.0,88000.0,88000.0,76666.66666666667,14106.735979665858,1.1478,23,1,Modere
ST0024,A0002,2023-10,44000,3,2023-10-01,2023,10,4,-0.8660254037844386,0.5000000000000001,0,1,3,105000.0,86000.0,70000.0,88666.66666666667,96333.33333333331,82083.33333333333,15176.736583776255,1.0802,23,1,Modere
ST0024,A0002,2023-11,113000,5,2023-11-01,2023,11,4,-0.5000000000000004,0.8660254037844384,0,1,3,44000.0,75000.0,65000.0,74666.66666666667,91500.0,79916.66666666667,30501.366089625117,0.9343,23,1,Modere
ST0024,A0002,2023-12,76000,4,2023-12-01,2023,12,4,-2.4492935982947064e-16,1.0,0,1,0,113000.0,105000.0,69000.0,87333.33333333333,87666.66666666667,83916.66666666667,37740.34092762455,1.0407,23,1,Modere
ST0024,A0002,2024-01,124000,6,2024-01-01,2024,1,1,0.4999999999999999,0.8660254037844387,1,0,0,76000.0,44000.0,83000.0,77666.66666666667,83166.66666666667,84500.0,34530.18003621372,0.9191,23,1,Modere
ST0024,A0002,2024-02,100000,5,2024-02-01,2024,2,1,0.8660254037844386,0.5000000000000001,1,0,0,124000.0,113000.0,65000.0,104333.33333333331,89500.0,87916.66666666667,25146.23895005638,1.1867,23,1,Modere
ST0024,A0002,2024-03,70000,3,2024-03-01,2024,3,1,1.0,6.123233995736766e-17,1,0,1,100000.0,76000.0,55000.0,100000.0,93666.66666666669,90833.33333333331,23999.99999999998,1.1009,23,1,Modere
ST0024,A0002,2024-04,50000,2,2024-04-01,2024,4,2,0.8660254037844387,-0.4999999999999998,0,0,1,70000.0,124000.0,73000.0,98000.0,87833.33333333333,92083.33333333331,27055.49851693735,1.0642,23,1,Modere
ST0024,A0002,2024-05,155000,6,2024-05-01,2024,5,2,0.4999999999999999,-0.8660254037844387,0,0,2,50000.0,100000.0,136000.0,73333.33333333333,88833.33333333333,90166.66666666669,25166.11478423581,0.8133,23,1,Modere
ST0024,A0002,2024-06,95000,5,2024-06-01,2024,6,2,1.2246467991473532e-16,-1.0,0,0,2,155000.0,70000.0,103000.0,91666.66666666669,95833.33333333331,91750.0,55752.42894559243,0.9991,23,1,Modere
ST0024,A0002,2024-07,90000,4,2024-07-01,2024,7,3,-0.4999999999999997,-0.8660254037844388,0,0,2,95000.0,50000.0,86000.0,100000.0,99000.0,91083.33333333331,52678.268764263696,1.0979,23,1,Modere
ST0024,A0002,2024-08,53000,4,2024-08-01,2024,8,3,-0.8660254037844385,-0.5000000000000004,0,0,3,90000.0,155000.0,75000.0,113333.33333333331,93333.33333333331,91416.66666666669,36170.89069035118,1.2397,23,1,Modere
ST0024,A0002,2024-09,55000,3,2024-09-01,2024,9,3,-1.0,-1.8369701987210294e-16,0,0,3,53000.0,95000.0,105000.0,79333.33333333333,85500.0,89583.33333333333,22941.95574342632,0.8856,23,1,Modere
ST0024,A0002,2024-10,75000,3,2024-10-01,2024,10,4,-0.8660254037844386,0.5000000000000001,0,1,3,55000.0,90000.0,44000.0,66000.0,83000.0,85416.66666666667,20808.65204668476,0.7727,23,1,Modere
ST0024,A0002,2024-11,65000,4,2024-11-01,2024,11,4,-0.5000000000000004,0.8660254037844384,0,1,3,75000.0,53000.0,113000.0,61000.0,87166.66666666667,88000.0,12165.525060596348,0.6932,23,1,Modere
ST0024,A0002,2024-12,61000,3,2024-12-01,2024,12,4,-2.4492935982947064e-16,1.0,0,1,0,65000.0,55000.0,76000.0,65000.0,72166.66666666667,84000.0,9999.999999999896,0.7738,23,1,Modere
ST0024,A0002,2025-01,80000,4,2025-01-01,2025,1,1,0.4999999999999999,0.8660254037844387,1,0,0,61000.0,75000.0,124000.0,67000.0,66500.0,82750.0,7211.102550927842,0.8097,23,1,Modere
ST0024,A0002,2025-02,80000,4,2025-02-01,2025,2,1,0.8660254037844386,0.5000000000000001,1,0,0,80000.0,65000.0,100000.0,68666.66666666667,64833.333333333336,79083.33333333333,10016.652800877717,0.8683,23,1,Modere
ST0024,A0002,2025-03,35000,2,2025-03-01,2025,3,1,1.0,6.123233995736766e-17,1,0,1,80000.0,61000.0,70000.0,73666.66666666667,69333.33333333333,77416.66666666667,10969.655114602809,0.9515,23,1,Modere
ST0024,A0002,2025-04,95000,4,2025-04-01,2025,4,2,0.8660254037844387,-0.4999999999999998,0,0,1,35000.0,80000.0,50000.0,65000.0,66000.0,74500.0,25980.76211353312,0.8725,23,1,Modere
ST0024,A0002,2025-05,75000,4,2025-05-01,2025,5,2,0.4999999999999999,-0.8660254037844387,0,0,2,95000.0,80000.0,155000.0,70000.0,69333.33333333333,78250.0,31224.989991991963,0.8946,23,1,Modere
ST0024,A0002,2025-06,40000,2,2025-06-01,2025,6,2,1.2246467991473532e-16,-1.0,0,0,2,75000.0,35000.0,95000.0,68333.33333333333,71000.0,71583.33333333333,30550.504633038905,0.9546,23,1,Modere
ST0024,A0002,2025-07,70000,4,2025-07-01,2025,7,3,-0.4999999999999997,-0.8660254037844388,0,0,2,40000.0,95000.0,90000.0,70000.0,67500.0,67000.0,27838.82181415008,1.0448,23,1,Modere
ST0024,A0002,2025-08,20000,1,2025-08-01,2025,8,3,-0.8660254037844385,-0.5000000000000004,0,0,3,70000.0,75000.0,53000.0,61666.66666666666,65833.33333333333,65333.333333333336,18929.694486000863,0.9439,23,1,Modere
ST0024,A0002,2025-09,35000,2,2025-09-01,2025,9,3,-1.0,-1.8369701987210294e-16,0,0,3,20000.0,40000.0,55000.0,43333.333333333336,55833.333333333336,62583.333333333336,25166.11478423577,0.6924,23,1,Modere
ST0024,A0002,2025-10,35000,2,2025-10-01,2025,10,4,-0.8660254037844386,0.5000000000000001,0,1,3,35000.0,70000.0,75000.0,41666.66666666666,55833.333333333336,60916.66666666666,25658.00719723436,0.684,23,1,Modere
ST0024,A0002,2025-11,55000,3,2025-11-01,2025,11,4,-0.5000000000000004,0.8660254037844384,0,1,3,35000.0,20000.0,65000.0,30000.0,45833.333333333336,57583.333333333336,8660.254037844174,0.521,23,1,Modere
ST0024,A0002,2025-12,60000,3,2025-12-01,2025,12,4,-2.4492935982947064e-16,1.0,0,1,0,55000.0,35000.0,61000.0,41666.66666666666,42500.0,56750.0,11547.005383792384,0.7342,23,1,Modere
ST0028,A0001,2021-03,21000,7,2021-03-01,2021,3,1,1.0,6.123233995736766e-17,1,0,1,20000.0,31000.0,12000.0,24000.0,25833.33333333333,22750.0,6082.762530298221,1.0549,27,0,Modere
ST0028,A0001,2021-04,12000,5,2021-04-01,2021,4,2,0.8660254037844387,-0.4999999999999998,0,0,1,21000.0,21000.0,14000.0,20666.666666666668,24333.33333333333,23500.0,577.350269189632,0.8794,27,0,Modere
ST0028,A0001,2021-05,16000,3,2021-05-01,2021,5,2,0.4999999999999999,-0.8660254037844387,0,0,2,12000.0,20000.0,20000.0,17666.666666666668,22000.0,23333.33333333333,4932.882862316249,0.7571,27,0,Modere
ST0028,A0001,2021-06,23000,5,2021-06-01,2021,6,2,1.2246467991473532e-16,-1.0,0,0,2,16000.0,21000.0,24000.0,16333.333333333334,20166.666666666668,23000.0,4509.249752822896,0.7101,27,0,Modere
ST0028,A0001,2021-07,18000,4,2021-07-01,2021,7,3,-0.4999999999999997,-0.8660254037844388,0,0,2,23000.0,12000.0,25000.0,17000.0,18833.33333333333,22916.666666666668,5567.764362830023,0.7418,27,0,Modere
ST0028,A0001,2021-08,16000,4,2021-08-01,2021,8,3,-0.8660254037844385,-0.5000000000000004,0,0,3,18000.0,16000.0,23000.0,19000.0,18333.33333333333,22333.33333333333,3605.5512754639913,0.8507,27,0,Modere
ST0028,A0001,2021-09,20000,7,2021-09-01,2021,9,3,-1.0,-1.8369701987210294e-16,0,0,3,16000.0,23000.0,30000.0,19000.0,17666.666666666668,21750.0,3605.5512754639913,0.8735,27,0,Modere
ST0028,A0001,2021-10,12000,4,2021-10-01,2021,10,4,-0.8660254037844386,0.5000000000000001,0,1,3,20000.0,18000.0,26000.0,18000.0,17500.0,20916.666666666668,2000.000000000004,0.8605,27,0,Modere
ST0028,A0001,2021-11,21000,7,2021-11-01,2021,11,4,-0.5000000000000004,0.8660254037844384,0,1,3,12000.0,16000.0,27000.0,16000.0,17500.0,19750.0,4000.000000000002,0.8101,27,0,Modere
ST0028,A0001,2021-12,16000,7,2021-12-01,2021,12,4,-2.4492935982947064e-16,1.0,0,1,0,21000.0,20000.0,31000.0,17666.666666666668,18333.33333333333,19250.0,4932.882862316248,0.9177,27,0,Modere
ST0028,A0001,2022-01,11000,5,2022-01-01,2022,1,1,0.4999999999999999,0.8660254037844387,1,0,0,16000.0,12000.0,21000.0,16333.333333333334,17166.666666666668,18000.0,4509.249752822895,0.9074,27,0,Modere
ST0028,A0001,2022-02,16000,5,2022-02-01,2022,2,1,0.8660254037844386,0.5000000000000001,1,0,0,11000.0,21000.0,20000.0,16000.0,16000.0,17166.666666666668,5000.000000000001,0.932,27,0,Modere
ST0028,A0001,2022-03,15000,7,2022-03-01,2022,3,1,1.0,6.123233995736766e-17,1,0,1,16000.0,16000.0,21000.0,14333.333333333334,16000.0,16833.333333333332,2886.7513459481297,0.8514,27,0,Modere
ST0028,A0001,2022-04,11000,5,2022-04-01,2022,4,2,0.8660254037844387,-0.4999999999999998,0,0,1,15000.0,11000.0,12000.0,14000.0,15166.666666666666,16333.333333333334,2645.751311064592,0.8571,27,0,Modere
ST0028,A0001,2022-05,6000,3,2022-05-01,2022,5,2,0.4999999999999999,-0.8660254037844387,0,0,2,11000.0,16000.0,16000.0,14000.0,15000.0,16250.0,2645.751311064592,0.8615,27,0,Modere
ST0028,A0001,2022-06,7000,2,2022-06-01,2022,6,2,1.2246467991473532e-16,-1.0,0,0,2,6000.0,15000.0,23000.0,10666.666666666666,12500.0,15416.666666666666,4509.249752822895,0.6918,27,0,Modere
ST0028,A0001,2022-07,10000,2,2022-07-01,2022,7,3,-0.4999999999999997,-0.8660254037844388,0,0,2,7000.0,11000.0,18000.0,8000.0,11000.0,14083.333333333334,2645.7513110645914,0.568,27,0,Modere
ST0028,A0001,2022-08,7000,2,2022-08-01,2022,8,3,-0.8660254037844385,-0.5000000000000004,0,0,3,10000.0,6000.0,16000.0,7666.666666666667,10833.333333333334,13416.666666666666,2081.6659994661336,0.5714,27,0,Modere
ST0028,A0001,2022-09,6000,2,2022-09-01,2022,9,3,-1.0,-1.8369701987210294e-16,0,0,3,7000.0,7000.0,20000.0,8000.0,9333.333333333334,12666.666666666666,1732.050807568878,0.6315,27,0,Modere
ST0028,A0001,2022-10,5000,2,2022-10-01,2022,10,4,-0.8660254037844386,0.5000000000000001,0,1,3,6000.0,10000.0,12000.0,7666.666666666667,7833.333333333333,11500.0,2081.6659994661336,0.6666,27,0,Modere
ST0028,A0001,2022-11,6000,3,2022-11-01,2022,11,4,-0.5000000000000004,0.8660254037844384,0,1,3,5000.0,7000.0,21000.0,6000.0,6833.333333333333,10916.666666666666,1000.0000000000018,0.5496,27,0,Modere
ST0028,A0001,2022-12,8000,3,2022-12-01,2022,12,4,-2.4492935982947064e-16,1.0,0,1,0,6000.0,6000.0,16000.0,5666.666666666667,6833.333333333333,9666.666666666666,577.3502691896289,0.5861,27,0,Modere
ST0028,A0001,2023-01,4000,2,2023-01-01,2023,1,1,0.4999999999999999,0.8660254037844387,1,0,0,8000.0,5000.0,11000.0,6333.333333333333,7000.0,9000.0,1527.5252316519482,0.7036,27,0,Modere
ST0028,A0001,2023-02,5000,2,2023-02-01,2023,2,1,0.8660254037844386,0.5000000000000001,1,0,0,4000.0,6000.0,16000.0,6000.0,6000.0,8416.666666666666,2000.000000000001,0.7128,27,0,Modere
ST0028,A0001,2023-03,4000,2,2023-03-01,2023,3,1,1.0,6.123233995736766e-17,1,0,1,5000.0,8000.0,15000.0,5666.666666666667,5666.666666666667,7500.0,2081.6659994661336,0.7555,27,0,Modere
ST0028,A0001,2023-04,2000,1,2023-04-01,2023,4,2,0.8660254037844387,-0.4999999999999998,0,0,1,4000.0,4000.0,11000.0,4333.333333333333,5333.333333333333,6583.333333333333,577.3502691896298,0.6581,27,0,Modere
ST0028,A0001,2023-06,13000,3,2023-06-01,2023,6,2,1.2246467991473532e-16,-1.0,0,0,2,2000.0,5000.0,6000.0,3666.6666666666665,4833.333333333333,5833.333333333333,1527.5252316519482,0.6285,27,0,Modere
ST0028,A0001,2023-07,14000,3,2023-07-01,2023,7,3,-0.4999999999999997,-0.8660254037844388,0,0,2,13000.0,4000.0,7000.0,6333.333333333333,6000.0,6416.666666666667,5859.465277082316,0.9869,27,0,Modere
ST0028,A0001,2023-08,8000,2,2023-08-01,2023,8,3,-0.8660254037844385,-0.5000000000000004,0,0,3,14000.0,2000.0,10000.0,9666.666666666666,7000.0,7000.0,6658.328118479392,1.3808,27,0,Modere
ST0028,A0001,2023-09,8000,2,2023-09-01,2023,9,3,-1.0,-1.8369701987210294e-16,0,0,3,8000.0,13000.0,7000.0,11666.666666666666,7666.666666666667,6833.333333333333,3214.550253664316,1.7071,27,0,Modere
ST0028,A0001,2023-10,8000,2,2023-10-01,2023,10,4,-0.8660254037844386,0.5000000000000001,0,1,3,8000.0,14000.0,6000.0,10000.0,8166.666666666667,6916.666666666667,3464.101615137753,1.4456,27,0,Modere
ST0028,A0001,2023-11,4000,1,2023-11-01,2023,11,4,-0.5000000000000004,0.8660254037844384,0,1,3,8000.0,8000.0,5000.0,8000.0,8833.333333333334,7083.333333333333,0.0,1.1293,27,0,Modere
ST0028,A0001,2023-12,4000,1,2023-12-01,2023,12,4,-2.4492935982947064e-16,1.0,0,1,0,4000.0,8000.0,6000.0,6666.666666666667,9166.666666666666,7000.0,2309.401076758505,0.9522,27,0,Modere
ST0028,A0001,2024-03,4000,1,2024-03-01,2024,3,1,1.0,6.123233995736766e-17,1,0,1,4000.0,8000.0,8000.0,5333.333333333333,7666.666666666667,6833.333333333333,2309.401076758508,0.7804,27,0,Modere
ST0028,A0001,2024-06,5000,1,2024-06-01,2024,6,2,1.2246467991473532e-16,-1.0,0,0,2,4000.0,4000.0,4000.0,4000.0,6000.0,6500.0,0.0,0.6153,27,0,Modere
ST0028,A0001,2024-07,4000,1,2024-07-01,2024,7,3,-0.4999999999999997,-0.8660254037844388,0,0,2,5000.0,4000.0,5000.0,4333.333333333333,5500.0,6583.333333333333,577.3502691896502,0.6581,27,0,Modere
ST0028,A0001,2024-08,4000,1,2024-08-01,2024,8,3,-0.8660254037844385,-0.5000000000000004,0,0,3,4000.0,4000.0,4000.0,4333.333333333333,4833.333333333333,6500.0,577.3502691896502,0.6666,27,0,Modere
ST0028,A0001,2024-09,4000,1,2024-09-01,2024,9,3,-1.0,-1.8369701987210294e-16,0,0,3,4000.0,5000.0,2000.0,4333.333333333333,4166.666666666667,6500.0,577.3502691896502,0.6666,27,0,Modere
ST0028,A0001,2024-10,4000,1,2024-10-01,2024,10,4,-0.8660254037844386,0.5000000000000001,0,1,3,4000.0,4000.0,13000.0,4000.0,4166.666666666667,6666.666666666667,0.0,0.5999,27,0,Modere
ST0028,A0001,2024-12,6000,1,2024-12-01,2024,12,4,-2.4492935982947064e-16,1.0,0,1,0,4000.0,4000.0,14000.0,4000.0,4166.666666666667,5916.666666666667,0.0,0.6759,27,0,Modere
ST0028,A0001,2025-01,5000,1,2025-01-01,2025,1,1,0.4999999999999999,0.8660254037844387,1,0,0,6000.0,4000.0,8000.0,4666.666666666667,4500.0,5250.0,1154.700538379263,0.8887,27,0,Modere
ST0028,A0001,2025-03,4000,1,2025-03-01,2025,3,1,1.0,6.123233995736766e-17,1,0,1,5000.0,4000.0,8000.0,5000.0,4500.0,5000.0,1000.000000000012,0.9998,27,0,Modere
ST0028,A0001,2025-06,4000,1,2025-06-01,2025,6,2,1.2246467991473532e-16,-1.0,0,0,2,4000.0,6000.0,8000.0,5000.0,4500.0,4666.666666666667,1000.000000000012,1.0712,27,0,Modere
ST0032,A0001,2024-04,15000,2,2024-04-01,2024,4,2,0.8660254037844387,-0.4999999999999998,0,0,1,10000.0,10000.0,5000.0,10000.0,7500.0,7166.666666666667,0.0,1.3952,31,0,Modere
ST0032,A0001,2024-05,18000,4,2024-05-01,2024,5,2,0.4999999999999999,-0.8660254037844387,0,0,2,15000.0,10000.0,10000.0,11666.666666666666,9166.666666666666,8000.0,2886.751345948129,1.4582,31,0,Modere
ST0032,A0001,2024-06,13000,2,2024-06-01,2024,6,2,1.2246467991473532e-16,-1.0,0,0,2,18000.0,10000.0,9000.0,14333.333333333334,11333.333333333334,8666.666666666666,4041.451884327381,1.6537,31,0,Modere
ST0032,A0001,2024-07,7000,1,2024-07-01,2024,7,3,-0.4999999999999997,-0.8660254037844388,0,0,2,13000.0,15000.0,6000.0,15333.333333333334,12666.666666666666,9000.0,2516.611478423583,1.7035,31,0,Modere
ST0032,A0001,2024-08,17000,3,2024-08-01,2024,8,3,-0.8660254037844385,-0.5000000000000004,0,0,3,7000.0,18000.0,5000.0,12666.666666666666,12166.666666666666,9083.333333333334,5507.570547286102,1.3943,31,0,Modere
ST0032,A0001,2024-09,19000,4,2024-09-01,2024,9,3,-1.0,-1.8369701987210294e-16,0,0,3,17000.0,13000.0,6000.0,12333.333333333334,13333.333333333334,10083.333333333334,5033.222956847166,1.223,31,0,Modere
ST0032,A0001,2024-10,20000,4,2024-10-01,2024,10,4,-0.8660254037844386,0.5000000000000001,0,1,3,19000.0,7000.0,5000.0,14333.333333333334,14833.333333333334,11166.666666666666,6429.100507328636,1.2835,31,0,Modere
ST0032,A0001,2024-11,14000,2,2024-11-01,2024,11,4,-0.5000000000000004,0.8660254037844384,0,1,3,20000.0,17000.0,5000.0,18666.666666666668,15666.666666666666,12416.666666666666,1527.5252316519438,1.5032,31,0,Modere
ST0032,A0001,2024-12,27000,4,2024-12-01,2024,12,4,-2.4492935982947064e-16,1.0,0,1,0,14000.0,19000.0,5000.0,17666.666666666668,15000.0,13166.666666666666,3214.550253664317,1.3417,31,0,Modere
ST0032,A0001,2025-01,17000,3,2025-01-01,2025,1,1,0.4999999999999999,0.8660254037844387,1,0,0,27000.0,20000.0,10000.0,20333.33333333333,17333.333333333332,15000.0,6506.407098647711,1.3555,31,0,Modere
ST0032,A0001,2025-02,10000,2,2025-02-01,2025,2,1,0.8660254037844386,0.5000000000000001,1,0,0,17000.0,14000.0,10000.0,19333.33333333333,19000.0,15583.333333333334,6806.859285554045,1.2406,31,0,Modere
ST0032,A0001,2025-03,22000,3,2025-03-01,2025,3,1,1.0,6.123233995736766e-17,1,0,1,10000.0,27000.0,10000.0,18000.0,17833.333333333332,15583.333333333334,8544.003745317532,1.155,31,0,Modere
ST0032,A0001,2025-04,15000,2,2025-04-01,2025,4,2,0.8660254037844387,-0.4999999999999998,0,0,1,22000.0,17000.0,15000.0,16333.333333333334,18333.33333333333,16583.333333333332,6027.713773341708,0.9849,31,0,Modere
ST0032,A0001,2025-05,13000,2,2025-05-01,2025,5,2,0.4999999999999999,-0.8660254037844387,0,0,2,15000.0,10000.0,18000.0,15666.666666666666,17500.0,16583.333333333332,6027.713773341708,0.9447,31,0,Modere
ST0032,A0001,2025-06,8000,1,2025-06-01,2025,6,2,1.2246467991473532e-16,-1.0,0,0,2,13000.0,22000.0,13000.0,16666.666666666668,17333.333333333332,16166.666666666666,4725.815626252608,1.0309,31,0,Modere
ST0032,A0001,2025-07,5000,1,2025-07-01,2025,7,3,-0.4999999999999997,-0.8660254037844388,0,0,2,8000.0,15000.0,7000.0,12000.0,14166.666666666666,15750.0,3605.551275463992,0.7619,31,0,Modere
ST0032,A0001,2025-08,13000,2,2025-08-01,2025,8,3,-0.8660254037844385,-0.5000000000000004,0,0,3,5000.0,13000.0,17000.0,8666.666666666666,12166.666666666666,15583.333333333334,4041.4518843273854,0.5561,31,0,Modere
ST0032,A0001,2025-09,10000,2,2025-09-01,2025,9,3,-1.0,-1.8369701987210294e-16,0,0,3,13000.0,8000.0,19000.0,8666.666666666666,12666.666666666666,15250.0,4041.4518843273854,0.5683,31,0,Modere
ST0032,A0001,2025-10,13000,2,2025-10-01,2025,10,4,-0.8660254037844386,0.5000000000000001,0,1,3,10000.0,5000.0,20000.0,9333.333333333334,10666.666666666666,14500.0,4041.451884327385,0.6436,31,0,Modere
ST0032,A0001,2025-11,5000,1,2025-11-01,2025,11,4,-0.5000000000000004,0.8660254037844384,0,1,3,13000.0,13000.0,14000.0,12000.0,10333.333333333334,13916.666666666666,1732.0508075688822,0.8622,31,0,Modere
ST0032,A0001,2025-12,5000,1,2025-12-01,2025,12,4,-2.4492935982947064e-16,1.0,0,1,0,5000.0,10000.0,27000.0,9333.333333333334,9000.0,13166.666666666666,4041.451884327385,0.7088,31,0,Modere
ST0033,A0001,2021-04,8000,2,2021-04-01,2021,4,2,0.8660254037844387,-0.4999999999999998,0,0,1,2000.0,11000.0,7000.0,5666.666666666667,8000.0,8083.333333333333,4725.815626252609,0.7009,32,0,Modere
ST0033,A0001,2021-05,3000,1,2021-05-01,2021,5,2,0.4999999999999999,-0.8660254037844387,0,0,2,8000.0,4000.0,8000.0,4666.666666666667,7666.666666666667,8166.666666666667,3055.0504633038936,0.5714,32,0,Modere
ST0033,A0001,2021-06,8000,2,2021-06-01,2021,6,2,1.2246467991473532e-16,-1.0,0,0,2,3000.0,2000.0,8000.0,4333.333333333333,5666.666666666667,7750.0,3214.550253664319,0.5591,32,0,Modere
ST0033,A0001,2021-07,10000,3,2021-07-01,2021,7,3,-0.4999999999999997,-0.8660254037844388,0,0,2,8000.0,8000.0,9000.0,6333.333333333333,6000.0,7750.0,2886.7513459481293,0.8171,32,0,Modere
ST0033,A0001,2021-08,5000,1,2021-08-01,2021,8,3,-0.8660254037844385,-0.5000000000000004,0,0,3,10000.0,3000.0,6000.0,7000.0,5833.333333333333,7833.333333333333,3605.55127546399,0.8935,32,0,Modere
ST0033,A0001,2021-09,11000,2,2021-09-01,2021,9,3,-1.0,-1.8369701987210294e-16,0,0,3,5000.0,8000.0,11000.0,7666.666666666667,6000.0,7750.0,2516.611478423584,0.9891,32,0,Modere
ST0033,A0001,2021-10,4000,1,2021-10-01,2021,10,4,-0.8660254037844386,0.5000000000000001,0,1,3,11000.0,10000.0,10000.0,8666.666666666666,7500.0,7750.0,3214.55025366432,1.1181,32,0,Modere
ST0033,A0001,2021-11,18000,4,2021-11-01,2021,11,4,-0.5000000000000004,0.8660254037844384,0,1,3,4000.0,5000.0,15000.0,6666.666666666667,6833.333333333333,7250.0,3785.9388972001834,0.9194,32,0,Modere
ST0033,A0001,2021-12,11000,2,2021-12-01,2021,12,4,-2.4492935982947064e-16,1.0,0,1,0,18000.0,11000.0,6000.0,11000.0,9333.333333333334,7500.0,7000.0,1.4665,32,0,Modere
ST0033,A0001,2022-01,8000,2,2022-01-01,2022,1,1,0.4999999999999999,0.8660254037844387,1,0,0,11000.0,4000.0,11000.0,11000.0,9833.333333333334,7916.666666666667,7000.0,1.3893,32,0,Modere
ST0033,A0001,2022-02,3000,1,2022-02-01,2022,2,1,0.8660254037844386,0.5000000000000001,1,0,0,8000.0,18000.0,4000.0,12333.333333333334,9500.0,7666.666666666667,5131.601439446885,1.6085,32,0,Modere
ST0033,A0001,2022-03,5000,1,2022-03-01,2022,3,1,1.0,6.123233995736766e-17,1,0,1,3000.0,11000.0,2000.0,7333.333333333333,9166.666666666666,7583.333333333333,4041.451884327381,0.9669,32,0,Modere
ST0033,A0002,2021-03,20000,1,2021-03-01,2021,3,1,1.0,6.123233995736766e-17,1,0,1,20000.0,18000.0,20000.0,22000.0,31166.666666666668,30666.666666666668,5291.502622129181,0.7174,32,1,Modere
ST0033,A0002,2021-04,29000,2,2021-04-01,2021,4,2,0.8660254037844387,-0.4999999999999998,0,0,1,20000.0,28000.0,32000.0,22666.666666666668,28333.33333333333,30666.666666666668,4618.802153517006,0.7391,32,1,Modere
ST0033,A0002,2021-05,15000,1,2021-05-01,2021,5,2,0.4999999999999999,-0.8660254037844387,0,0,2,29000.0,20000.0,38000.0,23000.0,27833.33333333333,30416.666666666668,5196.152422706633,0.7561,32,1,Modere
ST0033,A0002,2021-06,35000,5,2021-06-01,2021,6,2,1.2246467991473532e-16,-1.0,0,0,2,15000.0,20000.0,34000.0,21333.33333333333,21666.666666666668,28500.0,7094.598884597588,0.7485,32,1,Modere
ST0033,A0002,2021-07,60000,4,2021-07-01,2021,7,3,-0.4999999999999997,-0.8660254037844388,0,0,2,35000.0,29000.0,38000.0,26333.33333333333,24500.0,28583.33333333333,10263.20287889377,0.9213,32,1,Modere
ST0033,A0002,2021-08,17000,1,2021-08-01,2021,8,3,-0.8660254037844385,-0.5000000000000004,0,0,3,60000.0,15000.0,19000.0,36666.66666666666,29833.33333333333,30416.666666666668,22546.248764114476,1.2054,32,1,Modere
ST0033,A0002,2021-09,31000,2,2021-09-01,2021,9,3,-1.0,-1.8369701987210294e-16,0,0,3,17000.0,35000.0,37000.0,37333.333333333336,29333.33333333333,30250.0,21594.752448994022,1.2341,32,1,Modere
ST0033,A0002,2021-10,16000,1,2021-10-01,2021,10,4,-0.8660254037844386,0.5000000000000001,0,1,3,31000.0,60000.0,32000.0,36000.0,31166.666666666668,29750.0,21931.71219946131,1.21,32,1,Modere
ST0033,A0002,2021-11,62000,4,2021-11-01,2021,11,4,-0.5000000000000004,0.8660254037844384,0,1,3,16000.0,17000.0,52000.0,21333.33333333333,29000.0,28416.666666666668,8386.49708360609,0.7507,32,1,Modere
ST0033,A0002,2021-12,29000,2,2021-12-01,2021,12,4,-2.4492935982947064e-16,1.0,0,1,0,62000.0,31000.0,18000.0,36333.333333333336,36833.333333333336,29250.0,23459.184413217212,1.2421,32,1,Modere
ST0033,A0002,2022-01,32000,2,2022-01-01,2022,1,1,0.4999999999999999,0.8660254037844387,1,0,0,29000.0,16000.0,28000.0,35666.666666666664,35833.333333333336,30166.666666666668,23713.568549109885,1.1823,32,1,Modere
ST0033,A0002,2022-02,17000,2,2022-02-01,2022,2,1,0.8660254037844386,0.5000000000000001,1,0,0,32000.0,62000.0,20000.0,41000.0,31166.666666666668,30500.0,18248.287590894663,1.3442,32,1,Modere
ST0033,A0002,2022-03,15000,1,2022-03-01,2022,3,1,1.0,6.123233995736766e-17,1,0,1,17000.0,29000.0,20000.0,26000.0,31166.666666666668,30250.0,7937.253933193783,0.8595,32,1,Modere
ST0037,A0001,2021-04,5000,1,2021-04-01,2021,4,2,0.8660254037844387,-0.4999999999999998,0,0,1,5000.0,15000.0,9000.0,8333.333333333334,8000.0,9000.0,5773.502691896258,0.9258,36,0,Modere
ST0037,A0001,2021-05,6000,2,2021-05-01,2021,5,2,0.4999999999999999,-0.8660254037844387,0,0,2,5000.0,5000.0,4000.0,5000.0,7333.333333333333,8666.666666666666,0.0,0.5769,36,0,Modere
ST0037,A0001,2021-06,4000,1,2021-06-01,2021,6,2,1.2246467991473532e-16,-1.0,0,0,2,6000.0,5000.0,12000.0,5333.333333333333,6666.666666666667,8833.333333333334,577.3502691896279,0.6037,36,0,Modere
ST0037,A0001,2021-07,5000,2,2021-07-01,2021,7,3,-0.4999999999999997,-0.8660254037844388,0,0,2,4000.0,5000.0,14000.0,5000.0,6666.666666666667,8166.666666666667,1000.0000000000016,0.6122,36,0,Modere
ST0037,A0001,2021-08,8000,2,2021-08-01,2021,8,3,-0.8660254037844385,-0.5000000000000004,0,0,3,5000.0,6000.0,13000.0,5000.0,5000.0,7416.666666666667,1000.0000000000016,0.6741,36,0,Modere
ST0037,A0001,2021-09,3000,1,2021-09-01,2021,9,3,-1.0,-1.8369701987210294e-16,0,0,3,8000.0,4000.0,8000.0,5666.666666666667,5500.0,7000.0,2081.6659994661327,0.8094,36,0,Modere
ST0037,A0001,2021-10,4000,2,2021-10-01,2021,10,4,-0.8660254037844386,0.5000000000000001,0,1,3,3000.0,5000.0,9000.0,5333.333333333333,5166.666666666667,6583.333333333333,2516.611478423584,0.81,36,0,Modere
ST0037,A0001,2021-11,4000,1,2021-11-01,2021,11,4,-0.5000000000000004,0.8660254037844384,0,1,3,4000.0,8000.0,10000.0,5000.0,5000.0,6166.666666666667,2645.7513110645914,0.8107,36,0,Modere
ST0037,A0001,2021-12,8000,2,2021-12-01,2021,12,4,-2.4492935982947064e-16,1.0,0,1,0,4000.0,3000.0,4000.0,3666.6666666666665,4666.666666666667,5666.666666666667,577.3502691896326,0.6469,36,0,Modere
ST0037,A0001,2022-01,6000,2,2022-01-01,2022,1,1,0.4999999999999999,0.8660254037844387,1,0,0,8000.0,4000.0,15000.0,5333.333333333333,5333.333333333333,6000.0,2309.401076758504,0.8887,36,0,Modere
ST0037,A0001,2022-02,4000,1,2022-02-01,2022,2,1,0.8660254037844386,0.5000000000000001,1,0,0,6000.0,4000.0,5000.0,6000.0,5500.0,5250.0,2000.000000000001,1.1426,36,0,Modere
ST0037,A0001,2022-03,4000,1,2022-03-01,2022,3,1,1.0,6.123233995736766e-17,1,0,1,4000.0,8000.0,5000.0,6000.0,4833.333333333333,5166.666666666667,2000.000000000001,1.1611,36,0,Modere
ST0037,A0001,2022-04,4000,1,2022-04-01,2022,4,2,0.8660254037844387,-0.4999999999999998,0,0,1,4000.0,6000.0,5000.0,4666.666666666667,5000.0,5083.333333333333,1154.700538379255,0.9179,36,0,Modere
ST0037,A0001,2022-05,4000,1,2022-05-01,2022,5,2,0.4999999999999999,-0.8660254037844387,0,0,2,4000.0,4000.0,6000.0,4000.0,5000.0,5000.0,0.0,0.7998,36,0,Modere
ST0037,A0001,2022-06,10000,2,2022-06-01,2022,6,2,1.2246467991473532e-16,-1.0,0,0,2,4000.0,4000.0,4000.0,4000.0,5000.0,4833.333333333333,0.0,0.8274,36,0,Modere
ST0037,A0001,2022-07,4000,1,2022-07-01,2022,7,3,-0.4999999999999997,-0.8660254037844388,0,0,2,10000.0,4000.0,5000.0,6000.0,5333.333333333333,5333.333333333333,3464.1016151377557,1.1248,36,0,Modere
ST0037,A0001,2022-08,8000,2,2022-08-01,2022,8,3,-0.8660254037844385,-0.5000000000000004,0,0,3,4000.0,4000.0,8000.0,6000.0,5000.0,5250.0,3464.1016151377557,1.1426,36,0,Modere
ST0037,A0001,2022-09,2000,2,2022-09-01,2022,9,3,-1.0,-1.8369701987210294e-16,0,0,3,8000.0,10000.0,3000.0,7333.333333333333,5666.666666666667,5250.0,3055.0504633038936,1.3966,36,0,Modere
ST0037,A0001,2022-11,4000,1,2022-11-01,2022,11,4,-0.5000000000000004,0.8660254037844384,0,1,3,2000.0,4000.0,4000.0,4666.666666666667,5333.333333333333,5166.666666666667,3055.0504633038954,0.9031,36,0,Modere
ST0037,A0001,2023-03,2000,1,2023-03-01,2023,3,1,1.0,6.123233995736766e-17,1,0,1,4000.0,8000.0,4000.0,4666.666666666667,5333.333333333333,5166.666666666667,3055.0504633038954,0.9031,36,0,Modere
ST0037,A0001,2023-06,16000,2,2023-06-01,2023,6,2,1.2246467991473532e-16,-1.0,0,0,2,2000.0,2000.0,8000.0,2666.6666666666665,5000.0,5000.0,1154.7005383792596,0.5332,36,0,Modere
ST0037,A0001,2023-07,10000,1,2023-07-01,2023,7,3,-0.4999999999999997,-0.8660254037844388,0,0,2,16000.0,4000.0,6000.0,7333.333333333333,6000.0,5666.666666666667,7571.877794400364,1.2939,36,0,Modere
ST0037,A0001,2023-09,10000,1,2023-09-01,2023,9,3,-1.0,-1.8369701987210294e-16,0,0,3,10000.0,2000.0,4000.0,9333.333333333334,7000.0,6000.0,7023.769168568491,1.5553,36,0,Modere
ST0037,A0001,2024-08,5000,1,2024-08-01,2024,8,3,-0.8660254037844385,-0.5000000000000004,0,0,3,10000.0,16000.0,4000.0,12000.0,7333.333333333333,6500.0,3464.101615137751,1.8459,36,0,Modere
ST0037,A0001,2025-05,4000,1,2025-05-01,2025,5,2,0.4999999999999999,-0.8660254037844387,0,0,2,5000.0,10000.0,4000.0,8333.333333333334,7833.333333333333,6583.333333333333,2886.751345948125,1.2656,36,0,Modere
ST0037,A0002,2021-03,29000,3,2021-03-01,2021,3,1,1.0,6.123233995736766e-17,1,0,1,28000.0,29000.0,10000.0,23666.666666666668,22333.33333333333,21166.666666666668,8386.497083606082,1.1181,36,1,Modere
ST0037,A0002,2021-04,9000,1,2021-04-01,2021,4,2,0.8660254037844387,-0.4999999999999998,0,0,1,29000.0,14000.0,10000.0,23666.666666666668,22666.666666666668,22750.0,8386.497083606082,1.0402,36,1,Modere
ST0037,A0002,2021-05,26000,3,2021-05-01,2021,5,2,0.4999999999999999,-0.8660254037844387,0,0,2,9000.0,28000.0,30000.0,22000.0,19833.33333333333,22666.666666666668,11269.427669584644,0.9705,36,1,Modere
ST0037,A0002,2021-06,10000,1,2021-06-01,2021,6,2,1.2246467991473532e-16,-1.0,0,0,2,26000.0,29000.0,30000.0,21333.33333333333,22500.0,22333.33333333333,10785.793124908958,0.9552,36,1,Modere
ST0037,A0002,2021-07,17000,2,2021-07-01,2021,7,3,-0.4999999999999997,-0.8660254037844388,0,0,2,10000.0,9000.0,20000.0,15000.0,19333.33333333333,20666.666666666668,9539.392014169456,0.7258,36,1,Modere
ST0037,A0002,2021-08,20000,2,2021-08-01,2021,8,3,-0.8660254037844385,-0.5000000000000004,0,0,3,17000.0,26000.0,20000.0,17666.666666666668,19833.33333333333,20416.666666666668,8020.806277010643,0.8653,36,1,Modere
ST0037,A0002,2021-09,10000,1,2021-09-01,2021,9,3,-1.0,-1.8369701987210294e-16,0,0,3,20000.0,10000.0,27000.0,15666.666666666666,18500.0,20416.666666666668,5131.601439446883,0.7673,36,1,Modere
ST0037,A0002,2021-10,11000,1,2021-10-01,2021,10,4,-0.8660254037844386,0.5000000000000001,0,1,3,10000.0,17000.0,26000.0,15666.666666666666,15333.333333333334,19000.0,5131.601439446883,0.8245,36,1,Modere
ST0037,A0002,2021-11,10000,1,2021-11-01,2021,11,4,-0.5000000000000004,0.8660254037844384,0,1,3,11000.0,20000.0,10000.0,13666.666666666666,15666.666666666666,17750.0,5507.570547286101,0.7699,36,1,Modere
ST0037,A0002,2021-12,20000,2,2021-12-01,2021,12,4,-2.4492935982947064e-16,1.0,0,1,0,10000.0,10000.0,29000.0,10333.333333333334,13000.0,17750.0,577.3502691896098,0.5821,36,1,Modere
ST0037,A0002,2022-01,19000,3,2022-01-01,2022,1,1,0.4999999999999999,0.8660254037844387,1,0,0,20000.0,11000.0,14000.0,13666.666666666666,14666.666666666666,17000.0,5507.570547286101,0.8039,36,1,Modere
ST0037,A0002,2022-02,10000,2,2022-02-01,2022,2,1,0.8660254037844386,0.5000000000000001,1,0,0,19000.0,10000.0,28000.0,16333.333333333334,15000.0,17416.666666666668,5507.570547286101,0.9377,36,1,Modere
ST0037,A0002,2022-03,10000,1,2022-03-01,2022,3,1,1.0,6.123233995736766e-17,1,0,1,10000.0,20000.0,29000.0,16333.333333333334,13333.333333333334,15916.666666666666,5507.570547286101,1.0261,36,1,Modere
ST0037,A0002,2022-05,10000,1,2022-05-01,2022,5,2,0.4999999999999999,-0.8660254037844387,0,0,2,10000.0,19000.0,9000.0,13000.0,13333.333333333334,14333.333333333334,5196.15242270663,0.9069,36,1,Modere
ST0037,A0002,2022-06,37000,4,2022-06-01,2022,6,2,1.2246467991473532e-16,-1.0,0,0,2,10000.0,10000.0,26000.0,10000.0,13166.666666666666,14416.666666666666,0.0,0.6936,36,1,Modere
ST0037,A0002,2022-08,30000,3,2022-08-01,2022,8,3,-0.8660254037844385,-0.5000000000000004,0,0,3,37000.0,10000.0,10000.0,19000.0,17666.666666666668,15333.333333333334,15588.457268119895,1.239,36,1,Modere
ST0037,A0002,2022-09,6000,1,2022-09-01,2022,9,3,-1.0,-1.8369701987210294e-16,0,0,3,30000.0,10000.0,17000.0,25666.666666666668,19333.33333333333,17000.0,14011.899704655802,1.5097,36,1,Modere
ST0037,A0002,2022-11,10000,1,2022-11-01,2022,11,4,-0.5000000000000004,0.8660254037844384,0,1,3,6000.0,37000.0,20000.0,24333.33333333333,17166.666666666668,16083.333333333334,16258.331197676269,1.5129,36,1,Modere
ST0037,A0002,2022-12,34000,2,2022-12-01,2022,12,4,-2.4492935982947064e-16,1.0,0,1,0,10000.0,30000.0,10000.0,15333.333333333334,17166.666666666668,15250.0,12858.201014657276,1.0054,36,1,Modere
ST0037,A0002,2023-01,13000,1,2023-01-01,2023,1,1,0.4999999999999999,0.8660254037844387,1,0,0,34000.0,6000.0,11000.0,16666.666666666668,21166.666666666668,17250.0,15143.75558880073,0.9661,36,1,Modere
ST0037,A0002,2023-02,2000,1,2023-02-01,2023,2,1,0.8660254037844386,0.5000000000000001,1,0,0,13000.0,10000.0,10000.0,19000.0,21666.666666666668,17416.666666666668,13076.69683062202,1.0908,36,1,Modere
ST0037,A0002,2023-03,24000,2,2023-03-01,2023,3,1,1.0,6.123233995736766e-17,1,0,1,2000.0,34000.0,20000.0,16333.333333333334,15833.333333333334,16750.0,16258.331197676269,0.9751,36,1,Modere
ST0037,A0002,2023-05,23000,1,2023-05-01,2023,5,2,0.4999999999999999,-0.8660254037844387,0,0,2,24000.0,13000.0,19000.0,13000.0,14833.333333333334,17083.333333333332,11000.000000000004,0.7609,36,1,Modere
ST0037,A0002,2023-06,10000,1,2023-06-01,2023,6,2,1.2246467991473532e-16,-1.0,0,0,2,23000.0,2000.0,10000.0,16333.333333333334,17666.666666666668,17416.666666666668,12423.09676905615,0.9377,36,1,Modere
ST0037,A0002,2023-07,10000,1,2023-07-01,2023,7,3,-0.4999999999999997,-0.8660254037844388,0,0,2,10000.0,24000.0,10000.0,19000.0,17666.666666666668,17416.666666666668,7810.249675906651,1.0908,36,1,Modere
ST0037,A0002,2023-08,15000,1,2023-08-01,2023,8,3,-0.8660254037844385,-0.5000000000000004,0,0,3,10000.0,23000.0,10000.0,14333.333333333334,13666.666666666666,17416.666666666668,7505.553499465138,0.8229,36,1,Modere
ST0037,A0002,2023-11,15000,1,2023-11-01,2023,11,4,-0.5000000000000004,0.8660254037844384,0,1,3,15000.0,10000.0,37000.0,11666.666666666666,14000.0,17833.333333333332,2886.751345948149,0.6542,36,1,Modere
ST0037,A0002,2023-12,20000,1,2023-12-01,2023,12,4,-2.4492935982947064e-16,1.0,0,1,0,15000.0,10000.0,30000.0,13333.333333333334,16166.666666666666,16000.0,2886.7513459481424,0.8333,36,1,Modere
ST0037,A0002,2024-01,15000,1,2024-01-01,2024,1,1,0.4999999999999999,0.8660254037844387,1,0,0,20000.0,15000.0,6000.0,16666.666666666668,15500.0,15166.666666666666,2886.751345948129,1.0988,36,1,Modere
ST0037,A0002,2024-02,10000,1,2024-02-01,2024,2,1,0.8660254037844386,0.5000000000000001,1,0,0,15000.0,15000.0,10000.0,16666.666666666668,14166.666666666666,15916.666666666666,2886.751345948129,1.0471,36,1,Modere
ST0037,A0002,2024-03,10000,1,2024-03-01,2024,3,1,1.0,6.123233995736766e-17,1,0,1,10000.0,20000.0,34000.0,15000.0,14166.666666666666,15916.666666666666,5000.000000000005,0.9423,36,1,Modere
ST0037,A0002,2024-05,10000,1,2024-05-01,2024,5,2,0.4999999999999999,-0.8660254037844387,0,0,2,10000.0,15000.0,13000.0,11666.666666666666,14166.666666666666,13916.666666666666,2886.751345948154,0.8383,36,1,Modere
ST0037,A0002,2024-07,15000,1,2024-07-01,2024,7,3,-0.4999999999999997,-0.8660254037844388,0,0,2,10000.0,10000.0,2000.0,10000.0,13333.333333333334,13666.666666666666,0.0,0.7317,36,1,Modere
ST0037,A0002,2024-09,14000,2,2024-09-01,2024,9,3,-1.0,-1.8369701987210294e-16,0,0,3,15000.0,10000.0,24000.0,11666.666666666666,13333.333333333334,14750.0,2886.751345948154,0.7909,36,1,Modere
ST0037,A0002,2025-02,4000,1,2025-02-01,2025,2,1,0.8660254037844386,0.5000000000000001,1,0,0,14000.0,10000.0,23000.0,13000.0,12333.333333333334,13916.666666666666,2645.7513110646105,0.9341,36,1,Modere
ST0037,A0002,2025-03,9000,1,2025-03-01,2025,3,1,1.0,6.123233995736766e-17,1,0,1,4000.0,15000.0,10000.0,11000.0,10500.0,12333.333333333334,6082.762530298233,0.8918,36,1,Modere
ST0037,A0002,2025-05,20000,1,2025-05-01,2025,5,2,0.4999999999999999,-0.8660254037844387,0,0,2,9000.0,14000.0,10000.0,9000.0,10333.333333333334,12250.0,5000.000000000022,0.7346,36,1,Modere
ST0037,A0002,2025-08,13000,1,2025-08-01,2025,8,3,-0.8660254037844385,-0.5000000000000004,0,0,3,20000.0,4000.0,15000.0,11000.0,12000.0,13083.333333333334,8185.35277187246,0.8407,36,1,Modere
ST0042,A0001,2021-01,80000,5,2021-01-01,2021,1,1,0.4999999999999999,0.8660254037844387,1,0,0,114000.0,118000.0,23000.0,106333.33333333331,117333.33333333331,92000.0,16862.186493255656,1.1558,41,0,Modere
ST0042,A0001,2021-02,75000,4,2021-02-01,2021,2,1,0.8660254037844386,0.5000000000000001,1,0,0,80000.0,87000.0,42000.0,93666.66666666669,104833.33333333331,96750.0,17953.644012660312,0.9681,41,0,Modere
ST0042,A0001,2021-03,75000,3,2021-03-01,2021,3,1,1.0,6.123233995736766e-17,1,0,1,75000.0,114000.0,53000.0,89666.66666666667,98166.66666666669,99500.0,21221.05872319601,0.9012,41,0,Modere
ST0042,A0001,2021-04,62000,2,2021-04-01,2021,4,2,0.8660254037844387,-0.4999999999999998,0,0,1,75000.0,80000.0,77000.0,76666.66666666667,91500.0,101333.33333333331,2886.751345948161,0.7566,41,0,Modere
ST0042,A0001,2021-05,86000,4,2021-05-01,2021,5,2,0.4999999999999999,-0.8660254037844387,0,0,2,62000.0,75000.0,108000.0,70666.66666666667,82166.66666666667,100083.33333333331,7505.553499465151,0.7061,41,0,Modere
ST0042,A0001,2021-06,83000,3,2021-06-01,2021,6,2,1.2246467991473532e-16,-1.0,0,0,2,86000.0,75000.0,97000.0,74333.33333333333,82000.0,98250.0,12013.880860626745,0.7566,41,0,Modere
ST0042,A0001,2021-07,77000,3,2021-07-01,2021,7,3,-0.4999999999999997,-0.8660254037844388,0,0,2,83000.0,62000.0,155000.0,77000.0,76833.33333333333,97083.33333333331,13076.696830622031,0.7931,41,0,Modere
ST0042,A0001,2021-08,46000,2,2021-08-01,2021,8,3,-0.8660254037844385,-0.5000000000000004,0,0,3,77000.0,86000.0,115000.0,82000.0,76333.33333333333,90583.33333333331,4582.575694955869,0.9052,41,0,Modere
ST0042,A0001,2021-09,134000,4,2021-09-01,2021,9,3,-1.0,-1.8369701987210294e-16,0,0,3,46000.0,83000.0,115000.0,68666.66666666667,71500.0,84833.33333333333,19857.82801147532,0.8094,41,0,Modere
ST0042,A0001,2021-11,81000,5,2021-11-01,2021,11,4,-0.5000000000000004,0.8660254037844384,0,1,3,134000.0,77000.0,118000.0,85666.66666666667,81333.33333333333,86416.66666666667,44635.56130859489,0.9913,41,0,Modere
ST0042,A0001,2021-12,96000,4,2021-12-01,2021,12,4,-2.4492935982947064e-16,1.0,0,1,0,81000.0,46000.0,87000.0,87000.0,84500.0,83333.33333333333,44305.75583375145,1.044,41,0,Modere
ST0042,A0001,2022-01,66000,4,2022-01-01,2022,1,1,0.4999999999999999,0.8660254037844387,1,0,0,96000.0,134000.0,114000.0,103666.66666666669,86166.66666666667,84083.33333333333,27319.10198621715,1.2329,41,0,Modere
ST0042,A0001,2022-02,73000,7,2022-02-01,2022,2,1,0.8660254037844386,0.5000000000000001,1,0,0,66000.0,81000.0,80000.0,81000.0,83333.33333333333,80083.33333333333,15000.00000000002,1.0114,41,0,Modere
ST0042,A0001,2022-03,79000,5,2022-03-01,2022,3,1,1.0,6.123233995736766e-17,1,0,1,73000.0,96000.0,75000.0,78333.33333333333,82666.66666666667,79500.0,15695.009822658089,0.9853,41,0,Modere
ST0042,A0001,2022-04,57000,4,2022-04-01,2022,4,2,0.8660254037844387,-0.4999999999999998,0,0,1,79000.0,66000.0,75000.0,72666.66666666667,88166.66666666667,79833.33333333333,6506.407098647749,0.9102,41,0,Modere
ST0042,A0001,2022-05,57000,6,2022-05-01,2022,5,2,0.4999999999999999,-0.8660254037844387,0,0,2,57000.0,73000.0,62000.0,69666.66666666667,75333.33333333333,78333.33333333333,11372.481406154677,0.8894,41,0,Modere
ST0042,A0001,2022-06,48000,4,2022-06-01,2022,6,2,1.2246467991473532e-16,-1.0,0,0,2,57000.0,79000.0,86000.0,64333.333333333336,71333.33333333333,77916.66666666667,12701.705922171786,0.8257,41,0,Modere
ST0042,A0001,2022-07,64000,6,2022-07-01,2022,7,3,-0.4999999999999997,-0.8660254037844388,0,0,2,48000.0,57000.0,83000.0,54000.0,63333.333333333336,74750.0,5196.152422706684,0.7224,41,0,Modere
ST0042,A0001,2022-08,60000,7,2022-08-01,2022,8,3,-0.8660254037844385,-0.5000000000000004,0,0,3,64000.0,57000.0,77000.0,56333.333333333336,63000.0,73166.66666666667,8020.806277010675,0.7699,41,0,Modere
ST0042,A0001,2022-09,55000,6,2022-09-01,2022,9,3,-1.0,-1.8369701987210294e-16,0,0,3,60000.0,48000.0,46000.0,57333.333333333336,60833.333333333336,71750.0,8326.663997864562,0.7991,41,0,Modere
ST0042,A0001,2022-10,31000,4,2022-10-01,2022,10,4,-0.8660254037844386,0.5000000000000001,0,1,3,55000.0,64000.0,134000.0,59666.66666666666,56833.333333333336,72500.0,4509.249752822949,0.823,41,0,Modere
ST0042,A0001,2022-11,45000,6,2022-11-01,2022,11,4,-0.5000000000000004,0.8660254037844384,0,1,3,31000.0,60000.0,81000.0,48666.66666666666,52500.0,63916.66666666666,15502.687938977995,0.7614,41,0,Modere
ST0042,A0001,2022-12,61000,6,2022-12-01,2022,12,4,-2.4492935982947064e-16,1.0,0,1,0,45000.0,55000.0,96000.0,43666.66666666666,50500.0,60916.66666666666,12055.427546683432,0.7168,41,0,Modere
ST0042,A0001,2023-01,20000,1,2023-01-01,2023,1,1,0.4999999999999999,0.8660254037844387,1,0,0,61000.0,31000.0,66000.0,45666.66666666666,52666.66666666666,58000.0,15011.106998930283,0.7873,41,0,Modere
ST0042,A0001,2023-02,50000,6,2023-02-01,2023,2,1,0.8660254037844386,0.5000000000000001,1,0,0,20000.0,45000.0,73000.0,42000.0,45333.333333333336,54166.66666666666,20663.978319771835,0.7754,41,0,Modere
ST0042,A0001,2023-03,45000,5,2023-03-01,2023,3,1,1.0,6.123233995736766e-17,1,0,1,50000.0,61000.0,79000.0,43666.66666666666,43666.66666666666,52250.0,21221.05872319602,0.8357,41,0,Modere
ST0042,A0001,2023-04,20000,3,2023-04-01,2023,4,2,0.8660254037844387,-0.4999999999999998,0,0,1,45000.0,20000.0,57000.0,38333.333333333336,42000.0,49416.66666666666,16072.751268321606,0.7757,41,0,Modere
ST0042,A0001,2023-05,44000,6,2023-05-01,2023,5,2,0.4999999999999999,-0.8660254037844387,0,0,2,20000.0,50000.0,57000.0,38333.333333333336,40166.66666666666,46333.333333333336,16072.751268321606,0.8273,41,0,Modere
ST0042,A0001,2023-06,97000,6,2023-06-01,2023,6,2,1.2246467991473532e-16,-1.0,0,0,2,44000.0,45000.0,48000.0,36333.333333333336,40000.0,45250.0,14153.91583037478,0.8029,41,0,Modere
ST0042,A0001,2023-07,141000,7,2023-07-01,2023,7,3,-0.4999999999999997,-0.8660254037844388,0,0,2,97000.0,20000.0,64000.0,53666.66666666666,46000.0,49333.333333333336,39399.66158907121,1.0878,41,0,Modere
ST0042,A0001,2023-08,85000,6,2023-08-01,2023,8,3,-0.8660254037844385,-0.5000000000000004,0,0,3,141000.0,44000.0,60000.0,94000.0,66166.66666666667,55750.0,48569.53777832357,1.6861,41,0,Modere
ST0042,A0001,2023-09,70000,4,2023-09-01,2023,9,3,-1.0,-1.8369701987210294e-16,0,0,3,85000.0,97000.0,55000.0,107666.66666666669,72000.0,57833.333333333336,29484.459183327977,1.8616,41,0,Modere
ST0042,A0001,2023-10,60000,4,2023-10-01,2023,10,4,-0.8660254037844386,0.5000000000000001,0,1,3,70000.0,141000.0,31000.0,98666.66666666669,76166.66666666667,59083.333333333336,37421.02795666273,1.6699,41,0,Modere
ST0042,A0001,2023-11,60000,4,2023-11-01,2023,11,4,-0.5000000000000004,0.8660254037844384,0,1,3,60000.0,85000.0,45000.0,71666.66666666667,82833.33333333333,61500.0,12583.057392117928,1.1653,41,0,Modere
ST0042,A0001,2023-12,60000,5,2023-12-01,2023,12,4,-2.4492935982947064e-16,1.0,0,1,0,60000.0,70000.0,61000.0,63333.333333333336,85500.0,62750.0,5773.502691896291,1.0093,41,0,Modere
ST0042,A0001,2024-01,30000,2,2024-01-01,2024,1,1,0.4999999999999999,0.8660254037844387,1,0,0,60000.0,60000.0,20000.0,60000.0,79333.33333333333,62666.66666666666,0.0,0.9574,41,0,Modere
ST0042,A0001,2024-02,45000,3,2024-02-01,2024,2,1,0.8660254037844386,0.5000000000000001,1,0,0,30000.0,60000.0,50000.0,50000.0,60833.333333333336,63500.0,17320.508075688784,0.7874,41,0,Modere
ST0042,A0001,2024-03,45000,3,2024-03-01,2024,3,1,1.0,6.123233995736766e-17,1,0,1,45000.0,60000.0,45000.0,45000.0,54166.66666666666,63083.333333333336,15000.000000000016,0.7133,41,0,Modere
ST0042,A0001,2024-04,30000,2,2024-04-01,2024,4,2,0.8660254037844387,-0.4999999999999998,0,0,1,45000.0,30000.0,20000.0,40000.0,50000.0,63083.333333333336,8660.25403784441,0.6341,41,0,Modere
ST0042,A0001,2024-05,60000,4,2024-05-01,2024,5,2,0.4999999999999999,-0.8660254037844387,0,0,2,30000.0,45000.0,44000.0,40000.0,45000.0,63916.66666666666,8660.25403784441,0.6258,41,0,Modere
ST0042,A0001,2024-06,45000,4,2024-06-01,2024,6,2,1.2246467991473532e-16,-1.0,0,0,2,60000.0,45000.0,97000.0,45000.0,45000.0,65250.0,15000.000000000016,0.6896,41,0,Modere
ST0042,A0001,2024-07,45000,3,2024-07-01,2024,7,3,-0.4999999999999997,-0.8660254037844388,0,0,2,45000.0,30000.0,141000.0,45000.0,42500.0,60916.66666666666,15000.000000000016,0.7387,41,0,Modere
ST0042,A0001,2024-08,45000,3,2024-08-01,2024,8,3,-0.8660254037844385,-0.5000000000000004,0,0,3,45000.0,60000.0,85000.0,50000.0,45000.0,52916.66666666666,8660.25403784441,0.9449,41,0,Modere
ST0042,A0001,2024-09,45000,3,2024-09-01,2024,9,3,-1.0,-1.8369701987210294e-16,0,0,3,45000.0,45000.0,70000.0,45000.0,45000.0,49583.333333333336,0.0,0.9075,41,0,Modere
ST0042,A0001,2024-10,45000,3,2024-10-01,2024,10,4,-0.8660254037844386,0.5000000000000001,0,1,3,45000.0,45000.0,60000.0,45000.0,45000.0,47500.0,0.0,0.9473,41,0,Modere
ST0042,A0001,2024-11,30000,3,2024-11-01,2024,11,4,-0.5000000000000004,0.8660254037844384,0,1,3,45000.0,45000.0,60000.0,45000.0,47500.0,46250.0,0.0,0.973,41,0,Modere
ST0042,A0001,2024-12,45000,4,2024-12-01,2024,12,4,-2.4492935982947064e-16,1.0,0,1,0,30000.0,45000.0,60000.0,40000.0,42500.0,43750.0,8660.25403784441,0.9143,41,0,Modere
ST0042,A0001,2025-01,50000,3,2025-01-01,2025,1,1,0.4999999999999999,0.8660254037844387,1,0,0,45000.0,45000.0,30000.0,40000.0,42500.0,42500.0,8660.25403784441,0.9412,41,0,Modere
ST0042,A0001,2025-02,30000,2,2025-02-01,2025,2,1,0.8660254037844386,0.5000000000000001,1,0,0,50000.0,30000.0,45000.0,41666.66666666666,43333.333333333336,44166.66666666666,10408.329997330684,0.9434,41,0,Modere
ST0042,A0001,2025-03,30000,3,2025-03-01,2025,3,1,1.0,6.123233995736766e-17,1,0,1,30000.0,45000.0,45000.0,41666.66666666666,40833.333333333336,42916.66666666666,10408.329997330684,0.9709,41,0,Modere
ST0042,A0001,2025-04,45000,3,2025-04-01,2025,4,2,0.8660254037844387,-0.4999999999999998,0,0,1,30000.0,50000.0,30000.0,36666.66666666666,38333.333333333336,41666.66666666666,11547.005383792532,0.88,41,0,Modere
ST0042,A0001,2025-05,45000,4,2025-05-01,2025,5,2,0.4999999999999999,-0.8660254037844387,0,0,2,45000.0,30000.0,60000.0,35000.0,38333.333333333336,42916.66666666666,8660.254037844406,0.8155,41,0,Modere
ST0042,A0001,2025-06,30000,2,2025-06-01,2025,6,2,1.2246467991473532e-16,-1.0,0,0,2,45000.0,30000.0,45000.0,40000.0,40833.333333333336,41666.66666666666,8660.254037844406,0.96,41,0,Modere
ST0042,A0001,2025-07,30000,3,2025-07-01,2025,7,3,-0.4999999999999997,-0.8660254037844388,0,0,2,30000.0,45000.0,45000.0,40000.0,38333.333333333336,40416.66666666666,8660.254037844406,0.9897,41,0,Modere
ST0042,A0001,2025-08,45000,5,2025-08-01,2025,8,3,-0.8660254037844385,-0.5000000000000004,0,0,3,30000.0,45000.0,45000.0,35000.0,35000.0,39166.66666666666,8660.254037844406,0.8936,41,0,Modere
ST0042,A0001,2025-09,30000,3,2025-09-01,2025,9,3,-1.0,-1.8369701987210294e-16,0,0,3,45000.0,30000.0,45000.0,35000.0,37500.0,39166.66666666666,8660.254037844406,0.8936,41,0,Modere
ST0042,A0001,2025-10,30000,2,2025-10-01,2025,10,4,-0.8660254037844386,0.5000000000000001,0,1,3,30000.0,30000.0,45000.0,35000.0,37500.0,37916.66666666666,8660.254037844406,0.9231,41,0,Modere
ST0042,A0001,2025-11,30000,2,2025-11-01,2025,11,4,-0.5000000000000004,0.8660254037844384,0,1,3,30000.0,45000.0,30000.0,35000.0,35000.0,36666.66666666666,8660.254037844406,0.9545,41,0,Modere
ST0042,A0001,2025-12,27000,4,2025-12-01,2025,12,4,-2.4492935982947064e-16,1.0,0,1,0,30000.0,30000.0,45000.0,30000.0,32500.0,36666.66666666666,0.0,0.8182,41,0,Modere
ST0043,A0002,2022-03,22000,2,2022-03-01,2022,3,1,1.0,6.123233995736766e-17,1,0,1,34000.0,19000.0,18000.0,23000.0,19666.666666666668,15833.333333333334,9643.650760992956,1.4525,42,1,Modere
ST0043,A0002,2022-04,10000,1,2022-04-01,2022,4,2,0.8660254037844387,-0.4999999999999998,0,0,1,22000.0,16000.0,8000.0,24000.0,21666.666666666668,16166.666666666666,9165.15138991168,1.4844,42,1,Modere
ST0043,A0002,2022-05,112000,5,2022-05-01,2022,5,2,0.4999999999999999,-0.8660254037844387,0,0,2,10000.0,34000.0,14000.0,22000.0,19833.33333333333,16333.333333333334,12000.0,1.3469,42,1,Modere
ST0043,A0002,2022-06,37000,3,2022-06-01,2022,6,2,1.2246467991473532e-16,-1.0,0,0,2,112000.0,22000.0,8000.0,48000.0,35500.0,24500.0,55749.43945906542,1.9591,42,1,Modere
ST0043,A0002,2022-07,20000,2,2022-07-01,2022,7,3,-0.4999999999999997,-0.8660254037844388,0,0,2,37000.0,10000.0,8000.0,53000.0,38500.0,26916.666666666668,52848.84104689525,1.969,42,1,Modere
ST0043,A0002,2022-08,35000,2,2022-08-01,2022,8,3,-0.8660254037844385,-0.5000000000000004,0,0,3,20000.0,112000.0,16000.0,56333.333333333336,39166.66666666666,27916.666666666668,48952.35779136009,2.0178,42,1,Modere
ST0043,A0002,2022-09,15000,1,2022-09-01,2022,9,3,-1.0,-1.8369701987210294e-16,0,0,3,35000.0,37000.0,10000.0,30666.666666666668,39333.333333333336,29500.0,9291.573243177543,1.0395,42,1,Modere
ST0043,A0002,2022-10,32000,2,2022-10-01,2022,10,4,-0.8660254037844386,0.5000000000000001,0,1,3,15000.0,20000.0,21000.0,23333.33333333333,38166.66666666666,29916.666666666668,10408.329997330637,0.7799,42,1,Modere
ST0043,A0002,2022-11,31000,3,2022-11-01,2022,11,4,-0.5000000000000004,0.8660254037844384,0,1,3,32000.0,35000.0,18000.0,27333.33333333333,41833.333333333336,30833.33333333333,10785.793124908934,0.8865,42,1,Modere
ST0043,A0002,2022-12,57000,4,2022-12-01,2022,12,4,-2.4492935982947064e-16,1.0,0,1,0,31000.0,15000.0,19000.0,26000.0,28333.33333333333,31916.666666666668,9539.392014169429,0.8146,42,1,Modere
ST0043,A0002,2023-01,59000,3,2023-01-01,2023,1,1,0.4999999999999999,0.8660254037844387,1,0,0,57000.0,32000.0,16000.0,40000.0,31666.666666666668,35083.333333333336,14730.919862656225,1.1401,42,1,Modere
ST0043,A0002,2023-02,40000,2,2023-02-01,2023,2,1,0.8660254037844386,0.5000000000000001,1,0,0,59000.0,31000.0,34000.0,49000.0,38166.66666666666,38666.66666666666,15620.499351813309,1.2672,42,1,Modere
ST0043,A0002,2023-03,46000,3,2023-03-01,2023,3,1,1.0,6.123233995736766e-17,1,0,1,40000.0,57000.0,22000.0,52000.0,39000.0,39166.66666666666,10440.306508910551,1.3276,42,1,Modere
ST0043,A0002,2023-04,37000,3,2023-04-01,2023,4,2,0.8660254037844387,-0.4999999999999998,0,0,1,46000.0,59000.0,10000.0,48333.333333333336,44166.66666666666,41166.66666666666,9712.534856222306,1.1741,42,1,Modere
ST0043,A0002,2023-05,20000,2,2023-05-01,2023,5,2,0.4999999999999999,-0.8660254037844387,0,0,2,37000.0,40000.0,112000.0,41000.0,45000.0,43416.66666666666,4582.575694955808,0.9443,42,1,Modere
ST0043,A0002,2023-06,30000,2,2023-06-01,2023,6,2,1.2246467991473532e-16,-1.0,0,0,2,20000.0,46000.0,37000.0,34333.333333333336,43166.66666666666,35750.0,13203.534880225554,0.9603,42,1,Modere
ST0043,A0002,2023-07,20000,1,2023-07-01,2023,7,3,-0.4999999999999997,-0.8660254037844388,0,0,2,30000.0,37000.0,20000.0,29000.0,38666.66666666666,35166.666666666664,8544.00374531749,0.8246,42,1,Modere
ST0043,A0002,2023-08,20000,1,2023-08-01,2023,8,3,-0.8660254037844385,-0.5000000000000004,0,0,3,20000.0,20000.0,35000.0,23333.33333333333,32166.666666666668,35166.666666666664,5773.502691896182,0.6635,42,1,Modere
ST0043,A0002,2023-09,20000,1,2023-09-01,2023,9,3,-1.0,-1.8369701987210294e-16,0,0,3,20000.0,30000.0,15000.0,23333.33333333333,28833.33333333333,33916.666666666664,5773.502691896182,0.6879,42,1,Modere
ST0043,A0002,2023-10,20000,2,2023-10-01,2023,10,4,-0.8660254037844386,0.5000000000000001,0,1,3,20000.0,20000.0,32000.0,20000.0,24500.0,34333.333333333336,0.0,0.5825,42,1,Modere
ST0043,A0002,2023-11,40000,3,2023-11-01,2023,11,4,-0.5000000000000004,0.8660254037844384,0,1,3,20000.0,20000.0,31000.0,20000.0,21666.666666666668,33333.333333333336,0.0,0.6,42,1,Modere
ST0043,A0002,2023-12,35000,2,2023-12-01,2023,12,4,-2.4492935982947064e-16,1.0,0,1,0,40000.0,20000.0,57000.0,26666.666666666668,25000.0,34083.333333333336,11547.00538379248,0.7824,42,1,Modere
ST0043,A0002,2024-01,25000,2,2024-01-01,2024,1,1,0.4999999999999999,0.8660254037844387,1,0,0,35000.0,20000.0,59000.0,31666.666666666668,25833.33333333333,32250.0,10408.329997330631,0.9819,42,1,Modere
ST0043,A0002,2024-02,40000,4,2024-02-01,2024,2,1,0.8660254037844386,0.5000000000000001,1,0,0,25000.0,40000.0,40000.0,33333.333333333336,26666.666666666668,29416.666666666668,7637.626158259694,1.1331,42,1,Modere
ST0043,A0002,2024-03,35000,2,2024-03-01,2024,3,1,1.0,6.123233995736766e-17,1,0,1,40000.0,35000.0,46000.0,33333.333333333336,30000.0,29416.666666666668,7637.626158259694,1.1331,42,1,Modere
ST0043,A0002,2024-04,20000,1,2024-04-01,2024,4,2,0.8660254037844387,-0.4999999999999998,0,0,1,35000.0,25000.0,37000.0,33333.333333333336,32500.0,28500.0,7637.626158259694,1.1695,42,1,Modere
ST0043,A0002,2024-06,40000,2,2024-06-01,2024,6,2,1.2246467991473532e-16,-1.0,0,0,2,20000.0,40000.0,20000.0,31666.666666666668,32500.0,27083.33333333333,10408.329997330631,1.1692,42,1,Modere
ST0043,A0002,2024-07,30000,2,2024-07-01,2024,7,3,-0.4999999999999997,-0.8660254037844388,0,0,2,40000.0,35000.0,30000.0,31666.666666666668,32500.0,28750.0,10408.329997330631,1.1014,42,1,Modere
ST0043,A0002,2024-09,34000,2,2024-09-01,2024,9,3,-1.0,-1.8369701987210294e-16,0,0,3,30000.0,20000.0,20000.0,30000.0,31666.666666666668,28750.0,9999.999999999964,1.0434,42,1,Modere
ST0043,A0002,2024-10,15000,1,2024-10-01,2024,10,4,-0.8660254037844386,0.5000000000000001,0,1,3,34000.0,40000.0,20000.0,34666.666666666664,33166.666666666664,29916.666666666668,5033.222956847112,1.1587,42,1,Modere
ST0043,A0002,2024-11,30000,2,2024-11-01,2024,11,4,-0.5000000000000004,0.8660254037844384,0,1,3,15000.0,30000.0,20000.0,26333.33333333333,29000.0,29500.0,10016.652800877771,0.8926,42,1,Modere
ST0043,A0002,2024-12,50000,3,2024-12-01,2024,12,4,-2.4492935982947064e-16,1.0,0,1,0,30000.0,34000.0,20000.0,26333.33333333333,28166.666666666668,30333.33333333333,10016.652800877771,0.8681,42,1,Modere
ST0043,A0002,2025-01,22000,3,2025-01-01,2025,1,1,0.4999999999999999,0.8660254037844387,1,0,0,50000.0,15000.0,40000.0,31666.666666666668,33166.666666666664,32833.333333333336,17559.422921421214,0.9644,42,1,Modere
ST0043,A0002,2025-02,23000,2,2025-02-01,2025,2,1,0.8660254037844386,0.5000000000000001,1,0,0,22000.0,30000.0,35000.0,34000.0,30166.666666666668,31333.33333333333,14422.205101855938,1.0851,42,1,Modere
ST0043,A0002,2025-03,30000,2,2025-03-01,2025,3,1,1.0,6.123233995736766e-17,1,0,1,23000.0,50000.0,25000.0,31666.666666666668,29000.0,30333.33333333333,15885.00340992512,1.0439,42,1,Modere
ST0043,A0002,2025-04,15000,1,2025-04-01,2025,4,2,0.8660254037844387,-0.4999999999999998,0,0,1,30000.0,22000.0,40000.0,25000.0,28333.33333333333,30750.0,4358.89894354058,0.813,42,1,Modere
ST0043,A0002,2025-05,15000,1,2025-05-01,2025,5,2,0.4999999999999999,-0.8660254037844387,0,0,2,15000.0,23000.0,35000.0,22666.666666666668,28333.33333333333,28666.666666666668,7505.553499465076,0.7907,42,1,Modere
ST0043,A0002,2025-06,15000,1,2025-06-01,2025,6,2,1.2246467991473532e-16,-1.0,0,0,2,15000.0,30000.0,20000.0,20000.0,25833.33333333333,27000.0,8660.254037844332,0.7407,42,1,Modere
ST0043,A0002,2025-07,15000,2,2025-07-01,2025,7,3,-0.4999999999999997,-0.8660254037844388,0,0,2,15000.0,15000.0,40000.0,15000.0,20000.0,26583.33333333333,0.0,0.5642,42,1,Modere
ST0043,A0002,2025-08,13000,3,2025-08-01,2025,8,3,-0.8660254037844385,-0.5000000000000004,0,0,3,15000.0,15000.0,30000.0,15000.0,18833.33333333333,24500.0,0.0,0.6122,42,1,Modere
ST0043,A0002,2025-09,10000,1,2025-09-01,2025,9,3,-1.0,-1.8369701987210294e-16,0,0,3,13000.0,15000.0,34000.0,14333.333333333334,17166.666666666668,23083.33333333333,1154.7005383787584,0.6209,42,1,Modere
ST0043,A0002,2025-10,10000,1,2025-10-01,2025,10,4,-0.8660254037844386,0.5000000000000001,0,1,3,10000.0,15000.0,15000.0,12666.666666666666,13833.333333333334,21083.33333333333,2516.6114784233478,0.6008,42,1,Modere
ST0043,A0002,2025-11,30000,3,2025-11-01,2025,11,4,-0.5000000000000004,0.8660254037844384,0,1,3,10000.0,13000.0,30000.0,11000.0,13000.0,20666.666666666668,1732.0508075685204,0.5322,42,1,Modere
ST0043,A0002,2025-12,30000,3,2025-12-01,2025,12,4,-2.4492935982947064e-16,1.0,0,1,0,30000.0,10000.0,50000.0,16666.666666666668,15500.0,20666.666666666668,11547.005383792468,0.8064,42,1,Modere
ST0046,A0002,2022-10,51000,2,2022-10-01,2022,10,4,-0.8660254037844386,0.5000000000000001,0,1,3,33000.0,85000.0,25000.0,63666.66666666666,60833.333333333336,38166.66666666666,27227.437142216168,1.6681,45,1,Modere
ST0046,A0002,2022-11,54000,3,2022-11-01,2022,11,4,-0.5000000000000004,0.8660254037844384,0,1,3,51000.0,73000.0,14000.0,52333.333333333336,66000.0,40333.333333333336,20033.305601755605,1.2975,45,1,Modere
ST0046,A0002,2022-12,80000,3,2022-12-01,2022,12,4,-2.4492935982947064e-16,1.0,0,1,0,54000.0,33000.0,10000.0,46000.0,59000.0,43666.66666666666,11357.81669160051,1.0534,45,1,Modere
ST0046,A0002,2023-01,95000,5,2023-01-01,2023,1,1,0.4999999999999999,0.8660254037844387,1,0,0,80000.0,51000.0,14000.0,61666.66666666666,62666.66666666666,49500.0,15947.83161854089,1.2458,45,1,Modere
ST0046,A0002,2023-02,62000,3,2023-02-01,2023,2,1,0.8660254037844386,0.5000000000000001,1,0,0,95000.0,54000.0,15000.0,76333.33333333333,64333.333333333336,56250.0,20744.4771766688,1.357,45,1,Modere
ST0046,A0002,2023-03,42000,2,2023-03-01,2023,3,1,1.0,6.123233995736766e-17,1,0,1,62000.0,80000.0,15000.0,79000.0,62500.0,60166.66666666666,16522.71164185829,1.313,45,1,Modere
ST0046,A0002,2023-04,15000,1,2023-04-01,2023,4,2,0.8660254037844387,-0.4999999999999998,0,0,1,42000.0,95000.0,20000.0,66333.33333333333,64000.0,62416.66666666666,26764.404221527755,1.0627,45,1,Modere
ST0046,A0002,2023-07,38000,1,2023-07-01,2023,7,3,-0.4999999999999997,-0.8660254037844388,0,0,2,15000.0,62000.0,96000.0,39666.66666666666,58000.0,62000.0,23586.71942711263,0.6398,45,1,Modere
ST0046,A0002,2023-10,15000,1,2023-10-01,2023,10,4,-0.8660254037844386,0.5000000000000001,0,1,3,38000.0,42000.0,58000.0,31666.666666666668,55333.333333333336,57166.66666666666,14571.661996262894,0.5539,45,1,Modere
ST0046,A0002,2024-01,15000,1,2024-01-01,2024,1,1,0.4999999999999999,0.8660254037844387,1,0,0,15000.0,15000.0,85000.0,22666.666666666668,44500.0,53583.333333333336,13279.056191361353,0.423,45,1,Modere
ST0046,A0002,2024-04,60000,2,2024-04-01,2024,4,2,0.8660254037844387,-0.4999999999999998,0,0,1,15000.0,38000.0,73000.0,22666.666666666668,31166.666666666668,47750.0,13279.056191361353,0.4747,45,1,Modere
ST0046,A0002,2024-06,45000,2,2024-06-01,2024,6,2,1.2246467991473532e-16,-1.0,0,0,2,60000.0,15000.0,33000.0,30000.0,30833.33333333333,46666.66666666666,25980.76211353314,0.6428,45,1,Modere
ST0046,A0002,2024-07,15000,1,2024-07-01,2024,7,3,-0.4999999999999997,-0.8660254037844388,0,0,2,45000.0,15000.0,51000.0,40000.0,31333.33333333333,47666.66666666666,22912.87847477918,0.8391,45,1,Modere
ST0046,A0002,2024-08,60000,2,2024-08-01,2024,8,3,-0.8660254037844385,-0.5000000000000004,0,0,3,15000.0,60000.0,54000.0,40000.0,31333.33333333333,44666.66666666666,22912.87847477918,0.8955,45,1,Modere
ST0046,A0002,2024-10,30000,1,2024-10-01,2024,10,4,-0.8660254037844386,0.5000000000000001,0,1,3,60000.0,45000.0,80000.0,40000.0,35000.0,45166.66666666666,22912.87847477918,0.8856,45,1,Modere
ST0046,A0002,2024-11,45000,2,2024-11-01,2024,11,4,-0.5000000000000004,0.8660254037844384,0,1,3,30000.0,15000.0,95000.0,35000.0,37500.0,41000.0,22912.87847477918,0.8536,45,1,Modere
ST0046,A0002,2024-12,30000,1,2024-12-01,2024,12,4,-2.4492935982947064e-16,1.0,0,1,0,45000.0,60000.0,62000.0,45000.0,42500.0,36833.333333333336,14999.999999999976,1.2217,45,1,Modere
ST0046,A0002,2025-01,30000,1,2025-01-01,2025,1,1,0.4999999999999999,0.8660254037844387,1,0,0,30000.0,30000.0,42000.0,35000.0,37500.0,34166.666666666664,8660.254037844328,1.0244,45,1,Modere
ST0046,A0002,2025-02,30000,1,2025-02-01,2025,2,1,0.8660254037844386,0.5000000000000001,1,0,0,30000.0,45000.0,15000.0,35000.0,35000.0,33166.666666666664,8660.254037844328,1.0552,45,1,Modere
ST0046,A0002,2025-04,15000,1,2025-04-01,2025,4,2,0.8660254037844387,-0.4999999999999998,0,0,1,30000.0,30000.0,38000.0,30000.0,37500.0,34416.666666666664,0.0,0.8716,45,1,Modere
ST0046,A0002,2025-05,15000,1,2025-05-01,2025,5,2,0.4999999999999999,-0.8660254037844387,0,0,2,15000.0,30000.0,15000.0,25000.0,30000.0,32500.0,8660.254037844315,0.7692,45,1,Modere
ST0046,A0002,2025-09,15000,1,2025-09-01,2025,9,3,-1.0,-1.8369701987210294e-16,0,0,3,15000.0,30000.0,15000.0,20000.0,27500.0,32500.0,8660.254037844308,0.6154,45,1,Modere
ST0046,A0002,2025-10,20000,1,2025-10-01,2025,10,4,-0.8660254037844386,0.5000000000000001,0,1,3,15000.0,15000.0,60000.0,15000.0,22500.0,32500.0,0.0,0.4615,45,1,Modere
ST0047,A0002,2022-09,71000,4,2022-09-01,2022,9,3,-1.0,-1.8369701987210294e-16,0,0,3,95000.0,199000.0,5000.0,119666.66666666669,75083.33333333333,42375.0,70323.06402122515,2.8239,46,1,Modere
ST0047,A0002,2022-10,51000,4,2022-10-01,2022,10,4,-0.8660254037844386,0.5000000000000001,0,1,3,71000.0,65000.0,5000.0,77000.0,83416.66666666667,47875.0,15874.507866387454,1.6083,46,1,Modere
ST0047,A0002,2022-11,69000,6,2022-11-01,2022,11,4,-0.5000000000000004,0.8660254037844384,0,1,3,51000.0,95000.0,8000.0,72333.33333333333,90083.33333333331,51708.333333333336,22030.282189144345,1.3988,46,1,Modere
ST0047,A0002,2022-12,19000,3,2022-12-01,2022,12,4,-2.4492935982947064e-16,1.0,0,1,0,69000.0,71000.0,17000.0,63666.66666666666,91666.66666666669,56791.66666666666,11015.141094572064,1.121,46,1,Modere
ST0047,A0002,2023-01,41000,4,2023-01-01,2023,1,1,0.4999999999999999,0.8660254037844387,1,0,0,19000.0,51000.0,14000.0,46333.333333333336,61666.66666666666,56958.333333333336,25324.559884296712,0.8134,46,1,Modere
ST0047,A0002,2023-02,43000,3,2023-02-01,2023,2,1,0.8660254037844386,0.5000000000000001,1,0,0,41000.0,69000.0,9000.0,43000.0,57666.66666666666,59208.333333333336,25059.928172283275,0.7262,46,1,Modere
ST0047,A0002,2023-03,46000,3,2023-03-01,2023,3,1,1.0,6.123233995736766e-17,1,0,1,43000.0,19000.0,21000.0,34333.333333333336,49000.0,62041.66666666666,13316.656236958668,0.5534,46,1,Modere
ST0047,A0002,2023-04,76000,3,2023-04-01,2023,4,2,0.8660254037844387,-0.4999999999999998,0,0,1,46000.0,41000.0,11000.0,43333.333333333336,44833.333333333336,64125.0,2516.6114784229544,0.6758,46,1,Modere
ST0047,A0002,2023-05,35000,3,2023-05-01,2023,5,2,0.4999999999999999,-0.8660254037844387,0,0,2,76000.0,43000.0,59500.0,55000.0,49000.0,69541.66666666667,18248.28759089457,0.7909,46,1,Modere
ST0047,A0002,2023-06,77000,4,2023-06-01,2023,6,2,1.2246467991473532e-16,-1.0,0,0,2,35000.0,46000.0,199000.0,52333.333333333336,43333.333333333336,67500.0,21221.058723195933,0.7753,46,1,Modere
ST0047,A0002,2023-07,23000,2,2023-07-01,2023,7,3,-0.4999999999999997,-0.8660254037844388,0,0,2,77000.0,76000.0,65000.0,62666.66666666666,53000.0,57333.333333333336,23965.25262402485,1.093,46,1,Modere
ST0047,A0002,2023-08,18000,1,2023-08-01,2023,8,3,-0.8660254037844385,-0.5000000000000004,0,0,3,23000.0,35000.0,95000.0,45000.0,50000.0,53833.333333333336,28354.893757515594,0.8359,46,1,Modere
ST0047,A0002,2023-09,15000,1,2023-09-01,2023,9,3,-1.0,-1.8369701987210294e-16,0,0,3,18000.0,77000.0,71000.0,39333.333333333336,45833.333333333336,47416.66666666666,32715.949219506536,0.8295,46,1,Modere
ST0047,A0002,2023-10,104000,5,2023-10-01,2023,10,4,-0.8660254037844386,0.5000000000000001,0,1,3,15000.0,23000.0,51000.0,18666.666666666668,40666.66666666666,42750.0,4041.451884327013,0.4366,46,1,Modere
ST0047,A0002,2023-11,35000,2,2023-11-01,2023,11,4,-0.5000000000000004,0.8660254037844384,0,1,3,104000.0,18000.0,69000.0,45666.66666666666,45333.333333333336,47166.66666666666,50540.41287260454,0.9682,46,1,Modere
ST0047,A0002,2023-12,135000,4,2023-12-01,2023,12,4,-2.4492935982947064e-16,1.0,0,1,0,35000.0,15000.0,19000.0,51333.333333333336,45333.333333333336,44333.333333333336,46694.03959107983,1.1579,46,1,Modere
ST0047,A0002,2024-01,46000,4,2024-01-01,2024,1,1,0.4999999999999999,0.8660254037844387,1,0,0,135000.0,104000.0,41000.0,91333.33333333331,55000.0,54000.0,51189.191567491376,1.6913,46,1,Modere
ST0047,A0002,2024-02,65000,5,2024-02-01,2024,2,1,0.8660254037844386,0.5000000000000001,1,0,0,46000.0,35000.0,43000.0,72000.0,58833.333333333336,54416.66666666666,54836.11948342075,1.3231,46,1,Modere
ST0047,A0002,2024-03,65000,3,2024-03-01,2024,3,1,1.0,6.123233995736766e-17,1,0,1,65000.0,135000.0,46000.0,82000.0,66666.66666666667,56250.0,46872.16658103182,1.4578,46,1,Modere
ST0047,A0002,2024-04,40000,2,2024-04-01,2024,4,2,0.8660254037844387,-0.4999999999999998,0,0,1,65000.0,46000.0,76000.0,58666.66666666666,75000.0,57833.333333333336,10969.655114602738,1.0144,46,1,Modere
ST0047,A0002,2024-05,30000,1,2024-05-01,2024,5,2,0.4999999999999999,-0.8660254037844387,0,0,2,40000.0,65000.0,35000.0,56666.66666666666,64333.333333333336,54833.333333333336,14433.75672974053,1.0334,46,1,Modere
ST0047,A0002,2024-06,45000,3,2024-06-01,2024,6,2,1.2246467991473532e-16,-1.0,0,0,2,30000.0,65000.0,77000.0,45000.0,63500.0,54416.66666666666,18027.756377319853,0.8269,46,1,Modere
ST0047,A0002,2024-07,40000,2,2024-07-01,2024,7,3,-0.4999999999999997,-0.8660254037844388,0,0,2,45000.0,40000.0,23000.0,38333.333333333336,48500.0,51750.0,7637.626158259514,0.7407,46,1,Modere
ST0047,A0002,2024-08,15000,1,2024-08-01,2024,8,3,-0.8660254037844385,-0.5000000000000004,0,0,3,40000.0,30000.0,18000.0,38333.333333333336,47500.0,53166.66666666666,7637.626158259514,0.721,46,1,Modere
ST0047,A0002,2024-09,45000,2,2024-09-01,2024,9,3,-1.0,-1.8369701987210294e-16,0,0,3,15000.0,45000.0,15000.0,33333.333333333336,39166.66666666666,52916.66666666666,16072.751268321488,0.6299,46,1,Modere
ST0047,A0002,2024-10,30000,2,2024-10-01,2024,10,4,-0.8660254037844386,0.5000000000000001,0,1,3,45000.0,40000.0,104000.0,33333.333333333336,35833.333333333336,55416.66666666666,16072.751268321488,0.6015,46,1,Modere
ST0047,A0002,2024-11,60000,4,2024-11-01,2024,11,4,-0.5000000000000004,0.8660254037844384,0,1,3,30000.0,15000.0,35000.0,30000.0,34166.666666666664,49250.0,14999.999999999887,0.6091,46,1,Modere
ST0047,A0002,2024-12,45000,3,2024-12-01,2024,12,4,-2.4492935982947064e-16,1.0,0,1,0,60000.0,45000.0,135000.0,45000.0,39166.66666666666,51333.333333333336,14999.999999999882,0.8766,46,1,Modere
ST0047,A0002,2025-01,45000,3,2025-01-01,2025,1,1,0.4999999999999999,0.8660254037844387,1,0,0,45000.0,30000.0,46000.0,45000.0,39166.66666666666,43833.333333333336,14999.999999999882,1.0266,46,1,Modere
ST0047,A0002,2025-02,65000,4,2025-02-01,2025,2,1,0.8660254037844386,0.5000000000000001,1,0,0,45000.0,60000.0,65000.0,50000.0,40000.0,43750.0,8660.254037844175,1.1428,46,1,Modere
ST0047,A0002,2025-03,50000,3,2025-03-01,2025,3,1,1.0,6.123233995736766e-17,1,0,1,65000.0,45000.0,65000.0,51666.66666666666,48333.333333333336,43750.0,11547.005383792351,1.1809,46,1,Modere
ST0047,A0002,2025-04,30000,2,2025-04-01,2025,4,2,0.8660254037844387,-0.4999999999999998,0,0,1,50000.0,45000.0,40000.0,53333.333333333336,49166.66666666666,42500.0,10408.32999733048,1.2549,46,1,Modere
ST0047,A0002,2025-05,15000,1,2025-05-01,2025,5,2,0.4999999999999999,-0.8660254037844387,0,0,2,30000.0,65000.0,30000.0,48333.333333333336,49166.66666666666,41666.66666666666,17559.422921421126,1.16,46,1,Modere
ST0047,A0002,2025-06,35000,2,2025-06-01,2025,6,2,1.2246467991473532e-16,-1.0,0,0,2,15000.0,50000.0,45000.0,31666.666666666668,41666.66666666666,40416.66666666666,17559.42292142114,0.7835,46,1,Modere
ST0047,A0002,2025-07,35000,3,2025-07-01,2025,7,3,-0.4999999999999997,-0.8660254037844388,0,0,2,35000.0,30000.0,40000.0,26666.666666666668,40000.0,39583.333333333336,10408.32999733052,0.6737,46,1,Modere
ST0047,A0002,2025-08,20000,1,2025-08-01,2025,8,3,-0.8660254037844385,-0.5000000000000004,0,0,3,35000.0,15000.0,15000.0,28333.33333333333,38333.333333333336,39166.66666666666,11547.005383792384,0.7234,46,1,Modere
ST0047,A0002,2025-09,15000,1,2025-09-01,2025,9,3,-1.0,-1.8369701987210294e-16,0,0,3,20000.0,35000.0,45000.0,30000.0,30833.33333333333,39583.333333333336,8660.254037844208,0.7579,46,1,Modere
ST0047,A0002,2025-10,15000,1,2025-10-01,2025,10,4,-0.8660254037844386,0.5000000000000001,0,1,3,15000.0,35000.0,30000.0,23333.33333333333,25000.0,37083.333333333336,10408.329997330527,0.6292,46,1,Modere
ST0047,A0002,2025-11,15000,1,2025-11-01,2025,11,4,-0.5000000000000004,0.8660254037844384,0,1,3,15000.0,20000.0,60000.0,16666.666666666668,22500.0,35833.333333333336,2886.751345947689,0.4651,46,1,Modere
ST0047,A0002,2025-12,15000,1,2025-12-01,2025,12,4,-2.4492935982947064e-16,1.0,0,1,0,15000.0,15000.0,45000.0,15000.0,22500.0,32083.33333333333,0.0,0.4675,46,1,Modere
ST0050,A0002,2022-10,15000,2,2022-10-01,2022,10,4,-0.8660254037844386,0.5000000000000001,0,1,3,30000.0,9000.0,15000.0,19000.0,16166.666666666666,13750.0,10535.653752852735,1.3817,49,1,Modere
ST0050,A0002,2022-11,27000,3,2022-11-01,2022,11,4,-0.5000000000000004,0.8660254037844384,0,1,3,15000.0,18000.0,5000.0,21000.0,18000.0,13750.0,7937.253933193768,1.5272,49,1,Modere
ST0050,A0002,2022-12,16000,2,2022-12-01,2022,12,4,-2.4492935982947064e-16,1.0,0,1,0,27000.0,30000.0,12000.0,24000.0,21166.666666666668,15583.333333333334,7937.253933193768,1.54,49,1,Modere
ST0050,A0002,2023-01,13000,2,2023-01-01,2023,1,1,0.4999999999999999,0.8660254037844387,1,0,0,16000.0,15000.0,9000.0,19333.33333333333,19166.666666666668,15916.666666666666,6658.328118479388,1.2146,49,1,Modere
ST0050,A0002,2023-02,6000,1,2023-02-01,2023,2,1,0.8660254037844386,0.5000000000000001,1,0,0,13000.0,27000.0,14000.0,18666.666666666668,19833.33333333333,16250.0,7371.114795831991,1.1486,49,1,Modere
ST0050,A0002,2023-03,5000,1,2023-03-01,2023,3,1,1.0,6.123233995736766e-17,1,0,1,6000.0,16000.0,13000.0,11666.666666666666,17833.333333333332,15583.333333333334,5131.601439446881,0.7486,49,1,Modere
ST0050,A0002,2023-12,15000,1,2023-12-01,2023,12,4,-2.4492935982947064e-16,1.0,0,1,0,5000.0,13000.0,4000.0,8000.0,13666.666666666666,14916.666666666666,4358.898943540672,0.5363,49,1,Modere
ST0050,A0002,2024-01,30000,2,2024-01-01,2024,1,1,0.4999999999999999,0.8660254037844387,1,0,0,15000.0,6000.0,8000.0,8666.666666666666,13666.666666666666,15833.333333333334,5507.5705472861,0.5473,49,1,Modere
ST0050,A0002,2024-02,30000,2,2024-02-01,2024,2,1,0.8660254037844386,0.5000000000000001,1,0,0,30000.0,5000.0,28000.0,16666.666666666668,14166.666666666666,17666.666666666668,12583.057392117917,0.9433,49,1,Modere
ST0050,A0002,2024-03,30000,2,2024-03-01,2024,3,1,1.0,6.123233995736766e-17,1,0,1,30000.0,15000.0,9000.0,25000.0,16500.0,17833.333333333332,8660.254037844385,1.4018,49,1,Modere
ST0050,A0002,2024-04,30000,2,2024-04-01,2024,4,2,0.8660254037844387,-0.4999999999999998,0,0,1,30000.0,30000.0,18000.0,30000.0,19333.33333333333,19583.33333333333,0.0,1.5318,49,1,Modere
ST0050,A0002,2024-05,15000,1,2024-05-01,2024,5,2,0.4999999999999999,-0.8660254037844387,0,0,2,30000.0,30000.0,30000.0,30000.0,23333.33333333333,20583.33333333333,0.0,1.4574,49,1,Modere
ST0050,A0002,2024-06,15000,1,2024-06-01,2024,6,2,1.2246467991473532e-16,-1.0,0,0,2,15000.0,30000.0,15000.0,25000.0,25000.0,19333.33333333333,8660.254037844385,1.293,49,1,Modere
ST0050,A0002,2024-07,15000,1,2024-07-01,2024,7,3,-0.4999999999999997,-0.8660254037844388,0,0,2,15000.0,30000.0,27000.0,20000.0,25000.0,19333.33333333333,8660.254037844385,1.0344,49,1,Modere
ST0050,A0002,2024-08,30000,2,2024-08-01,2024,8,3,-0.8660254037844385,-0.5000000000000004,0,0,3,15000.0,15000.0,16000.0,15000.0,22500.0,18333.33333333333,0.0,0.8181,49,1,Modere
ST0050,A0002,2024-09,30000,2,2024-09-01,2024,9,3,-1.0,-1.8369701987210294e-16,0,0,3,30000.0,15000.0,13000.0,20000.0,22500.0,19500.0,8660.254037844385,1.0256,49,1,Modere
ST0050,A0002,2024-10,30000,2,2024-10-01,2024,10,4,-0.8660254037844386,0.5000000000000001,0,1,3,30000.0,15000.0,6000.0,25000.0,22500.0,20916.666666666668,8660.254037844385,1.1952,49,1,Modere
ST0050,A0002,2024-11,15000,1,2024-11-01,2024,11,4,-0.5000000000000004,0.8660254037844384,0,1,3,30000.0,30000.0,5000.0,30000.0,22500.0,22916.666666666668,0.0,1.309,49,1,Modere
ST0050,A0002,2024-12,15000,1,2024-12-01,2024,12,4,-2.4492935982947064e-16,1.0,0,1,0,15000.0,30000.0,15000.0,25000.0,22500.0,23750.0,8660.254037844385,1.0526,49,1,Modere
ST0050,A0002,2025-01,30000,2,2025-01-01,2025,1,1,0.4999999999999999,0.8660254037844387,1,0,0,15000.0,30000.0,30000.0,20000.0,22500.0,23750.0,8660.254037844385,0.8421,49,1,Modere
ST0050,A0002,2025-02,30000,2,2025-02-01,2025,2,1,0.8660254037844386,0.5000000000000001,1,0,0,30000.0,15000.0,30000.0,20000.0,25000.0,23750.0,8660.254037844385,0.8421,49,1,Modere
ST0050,A0002,2025-03,15000,1,2025-03-01,2025,3,1,1.0,6.123233995736766e-17,1,0,1,30000.0,15000.0,30000.0,25000.0,25000.0,23750.0,8660.254037844385,1.0526,49,1,Modere
ST0050,A0002,2025-04,30000,2,2025-04-01,2025,4,2,0.8660254037844387,-0.4999999999999998,0,0,1,15000.0,30000.0,30000.0,25000.0,22500.0,22500.0,8660.254037844385,1.1111,49,1,Modere
ST0050,A0002,2025-06,15000,1,2025-06-01,2025,6,2,1.2246467991473532e-16,-1.0,0,0,2,30000.0,30000.0,15000.0,25000.0,22500.0,22500.0,8660.254037844385,1.1111,49,1,Modere
ST0050,A0002,2025-07,30000,2,2025-07-01,2025,7,3,-0.4999999999999997,-0.8660254037844388,0,0,2,15000.0,15000.0,15000.0,20000.0,22500.0,22500.0,8660.254037844385,0.8888,49,1,Modere
ST0050,A0002,2025-08,15000,1,2025-08-01,2025,8,3,-0.8660254037844385,-0.5000000000000004,0,0,3,30000.0,30000.0,15000.0,25000.0,25000.0,23750.0,8660.254037844385,1.0526,49,1,Modere
ST0050,A0002,2025-09,15000,1,2025-09-01,2025,9,3,-1.0,-1.8369701987210294e-16,0,0,3,15000.0,15000.0,30000.0,20000.0,22500.0,23750.0,8660.254037844385,0.8421,49,1,Modere
ST0050,A0002,2025-11,10000,1,2025-11-01,2025,11,4,-0.5000000000000004,0.8660254037844384,0,1,3,15000.0,30000.0,30000.0,20000.0,20000.0,22500.0,8660.254037844385,0.8888,49,1,Modere
ST0050,A0002,2025-12,10000,1,2025-12-01,2025,12,4,-2.4492935982947064e-16,1.0,0,1,0,10000.0,15000.0,30000.0,13333.333333333334,19166.666666666668,20833.33333333333,2886.751345948124,0.64,49,1,Modere
ST0051,A0001,2024-06,60000,6,2024-06-01,2024,6,2,1.2246467991473532e-16,-1.0,0,0,2,110000.0,45000.0,90000.0,76666.66666666667,69166.66666666667,99166.66666666669,32532.03549323857,0.7731,50,0,Modere
ST0051,A0001,2024-07,65000,4,2024-07-01,2024,7,3,-0.4999999999999997,-0.8660254037844388,0,0,2,60000.0,75000.0,170000.0,81666.66666666667,66666.66666666667,96666.66666666669,25658.007197234438,0.8448,50,0,Modere
ST0051,A0001,2024-08,60000,4,2024-08-01,2024,8,3,-0.8660254037844385,-0.5000000000000004,0,0,3,65000.0,110000.0,150000.0,78333.33333333333,67500.0,87916.66666666667,27537.85273643052,0.891,50,0,Modere
ST0051,A0001,2024-09,60000,5,2024-09-01,2024,9,3,-1.0,-1.8369701987210294e-16,0,0,3,60000.0,60000.0,140000.0,61666.66666666666,69166.66666666667,80416.66666666667,2886.751345948169,0.7668,50,0,Modere
ST0051,A0001,2024-10,65000,8,2024-10-01,2024,10,4,-0.8660254037844386,0.5000000000000001,0,1,3,60000.0,65000.0,135000.0,61666.66666666666,71666.66666666667,73750.0,2886.751345948169,0.8361,50,0,Modere
ST0051,A0001,2024-11,50000,5,2024-11-01,2024,11,4,-0.5000000000000004,0.8660254037844384,0,1,3,65000.0,60000.0,90000.0,61666.66666666666,70000.0,67916.66666666667,2886.751345948169,0.908,50,0,Modere
ST0051,A0001,2024-12,65000,5,2024-12-01,2024,12,4,-2.4492935982947064e-16,1.0,0,1,0,50000.0,60000.0,75000.0,58333.333333333336,60000.0,64583.333333333336,7637.62615825975,0.9032,50,0,Modere
ST0051,A0001,2025-01,49000,5,2025-01-01,2025,1,1,0.4999999999999999,0.8660254037844387,1,0,0,65000.0,65000.0,60000.0,60000.0,60833.333333333336,63750.0,8660.254037844401,0.9412,50,0,Modere
ST0051,A0001,2025-02,39000,5,2025-02-01,2025,2,1,0.8660254037844386,0.5000000000000001,1,0,0,49000.0,50000.0,50000.0,54666.66666666666,58166.66666666666,62833.333333333336,8962.886439832515,0.87,50,0,Modere
ST0051,A0001,2025-03,36000,5,2025-03-01,2025,3,1,1.0,6.123233995736766e-17,1,0,1,39000.0,65000.0,45000.0,51000.0,54666.66666666666,61916.66666666666,13114.87704860401,0.8237,50,0,Modere
ST0051,A0001,2025-04,30000,3,2025-04-01,2025,4,2,0.8660254037844387,-0.4999999999999998,0,0,1,36000.0,49000.0,75000.0,41333.333333333336,50666.66666666666,61166.66666666666,6806.859285554064,0.6757,50,0,Modere
ST0051,A0001,2025-05,20000,2,2025-05-01,2025,5,2,0.4999999999999999,-0.8660254037844387,0,0,2,30000.0,39000.0,110000.0,35000.0,44833.333333333336,57416.66666666666,4582.575694955868,0.6096,50,0,Modere
ST0051,A0001,2025-06,25000,4,2025-06-01,2025,6,2,1.2246467991473532e-16,-1.0,0,0,2,20000.0,36000.0,60000.0,28666.666666666668,39833.333333333336,49916.66666666666,8082.903768654777,0.5743,50,0,Modere
ST0051,A0001,2025-07,35000,4,2025-07-01,2025,7,3,-0.4999999999999997,-0.8660254037844388,0,0,2,25000.0,30000.0,65000.0,25000.0,33166.666666666664,47000.0,5000.000000000027,0.5319,50,0,Modere
ST0051,A0001,2025-08,25000,3,2025-08-01,2025,8,3,-0.8660254037844385,-0.5000000000000004,0,0,3,35000.0,20000.0,60000.0,26666.666666666668,30833.33333333333,44500.0,7637.626158259751,0.5992,50,0,Modere
ST0051,A0001,2025-09,30000,4,2025-09-01,2025,9,3,-1.0,-1.8369701987210294e-16,0,0,3,25000.0,25000.0,60000.0,28333.33333333333,28500.0,41583.333333333336,5773.50269189628,0.6813,50,0,Modere
ST0051,A0001,2025-10,20000,2,2025-10-01,2025,10,4,-0.8660254037844386,0.5000000000000001,0,1,3,30000.0,35000.0,65000.0,30000.0,27500.0,39083.333333333336,5000.000000000026,0.7676,50,0,Modere
ST0051,A0001,2025-11,20000,2,2025-11-01,2025,11,4,-0.5000000000000004,0.8660254037844384,0,1,3,20000.0,25000.0,50000.0,25000.0,25833.33333333333,35333.333333333336,5000.000000000026,0.7075,50,0,Modere
ST0051,A0001,2025-12,30000,3,2025-12-01,2025,12,4,-2.4492935982947064e-16,1.0,0,1,0,20000.0,30000.0,65000.0,23333.33333333333,25833.33333333333,32833.333333333336,5773.50269189628,0.7106,50,0,Modere
ST0053,A0001,2022-04,22000,2,2022-04-01,2022,4,2,0.8660254037844387,-0.4999999999999998,0,0,1,14000.0,14000.0,38000.0,14000.0,16333.333333333334,17000.0,0.0,0.8235,52,0,Modere
ST0053,A0001,2022-07,38000,3,2022-07-01,2022,7,3,-0.4999999999999997,-0.8660254037844388,0,0,2,22000.0,14000.0,20000.0,16666.666666666668,17666.666666666668,15666.666666666666,4618.802153517013,1.0638,52,0,Modere
ST0053,A0001,2022-08,45000,6,2022-08-01,2022,8,3,-0.8660254037844385,-0.5000000000000004,0,0,3,38000.0,14000.0,25000.0,24666.666666666668,19333.33333333333,17166.666666666668,12220.201853215578,1.4368,52,0,Modere
ST0053,A0001,2022-09,36000,4,2022-09-01,2022,9,3,-1.0,-1.8369701987210294e-16,0,0,3,45000.0,22000.0,10000.0,35000.0,24500.0,18833.33333333333,11789.826122551603,1.8583,52,0,Modere
ST0053,A0001,2022-10,30000,3,2022-10-01,2022,10,4,-0.8660254037844386,0.5000000000000001,0,1,3,36000.0,38000.0,5000.0,39666.66666666666,28166.666666666668,21000.0,4725.815626252627,1.8888,52,0,Modere
ST0053,A0001,2022-11,30000,3,2022-11-01,2022,11,4,-0.5000000000000004,0.8660254037844384,0,1,3,30000.0,45000.0,8000.0,37000.0,30833.33333333333,23083.33333333333,7549.834435270762,1.6028,52,0,Modere
ST0053,A0001,2022-12,29000,4,2022-12-01,2022,12,4,-2.4492935982947064e-16,1.0,0,1,0,30000.0,36000.0,14000.0,32000.0,33500.0,24916.666666666668,3464.1016151377803,1.2842,52,0,Modere
ST0053,A0001,2023-01,30000,4,2023-01-01,2023,1,1,0.4999999999999999,0.8660254037844387,1,0,0,29000.0,30000.0,28000.0,29666.666666666668,34666.666666666664,26166.666666666668,577.3502691897812,1.1337,52,0,Modere
ST0053,A0001,2023-02,30000,4,2023-02-01,2023,2,1,0.8660254037844386,0.5000000000000001,1,0,0,30000.0,30000.0,14000.0,29666.666666666668,33333.333333333336,26333.33333333333,577.3502691897812,1.1265,52,0,Modere
ST0053,A0001,2023-03,25000,3,2023-03-01,2023,3,1,1.0,6.123233995736766e-17,1,0,1,30000.0,29000.0,14000.0,29666.666666666668,30833.33333333333,27666.666666666668,577.3502691897812,1.0723,52,0,Modere
ST0053,A0001,2023-04,15000,3,2023-04-01,2023,4,2,0.8660254037844387,-0.4999999999999998,0,0,1,25000.0,30000.0,14000.0,28333.33333333333,29000.0,28583.33333333333,2886.7513459481597,0.9912,52,0,Modere
ST0053,A0001,2023-05,18000,3,2023-05-01,2023,5,2,0.4999999999999999,-0.8660254037844387,0,0,2,15000.0,30000.0,14000.0,23333.33333333333,26500.0,28666.666666666668,7637.626158259744,0.8139,52,0,Modere
ST0053,A0001,2023-06,53000,6,2023-06-01,2023,6,2,1.2246467991473532e-16,-1.0,0,0,2,18000.0,25000.0,22000.0,19333.33333333333,24500.0,29000.0,5131.601439446899,0.6666,52,0,Modere
ST0053,A0001,2023-07,48000,6,2023-07-01,2023,7,3,-0.4999999999999997,-0.8660254037844388,0,0,2,53000.0,15000.0,38000.0,28666.666666666668,28500.0,31583.33333333333,21126.602503321104,0.9076,52,0,Modere
ST0053,A0001,2023-08,45000,3,2023-08-01,2023,8,3,-0.8660254037844385,-0.5000000000000004,0,0,3,48000.0,18000.0,45000.0,39666.66666666666,31500.0,32416.666666666668,18929.69448600092,1.2236,52,0,Modere
ST0053,A0001,2023-09,30000,2,2023-09-01,2023,9,3,-1.0,-1.8369701987210294e-16,0,0,3,45000.0,53000.0,36000.0,48666.66666666666,34000.0,32416.666666666668,4041.451884327416,1.5012,52,0,Modere
ST0053,A0001,2023-10,30000,2,2023-10-01,2023,10,4,-0.8660254037844386,0.5000000000000001,0,1,3,30000.0,48000.0,30000.0,41000.0,34833.333333333336,31916.666666666668,9643.65076099297,1.2846,52,0,Modere
ST0053,A0001,2023-11,30000,4,2023-11-01,2023,11,4,-0.5000000000000004,0.8660254037844384,0,1,3,30000.0,45000.0,30000.0,35000.0,37333.333333333336,31916.666666666668,8660.254037844403,1.0966,52,0,Modere
ST0053,A0001,2023-12,15000,1,2023-12-01,2023,12,4,-2.4492935982947064e-16,1.0,0,1,0,30000.0,30000.0,29000.0,30000.0,39333.333333333336,31916.666666666668,0.0,0.9399,52,0,Modere
ST0053,A0001,2024-01,31000,3,2024-01-01,2024,1,1,0.4999999999999999,0.8660254037844387,1,0,0,15000.0,30000.0,30000.0,25000.0,33000.0,30750.0,8660.254037844403,0.813,52,0,Modere
ST0053,A0001,2024-02,30000,3,2024-02-01,2024,2,1,0.8660254037844386,0.5000000000000001,1,0,0,31000.0,30000.0,30000.0,25333.33333333333,30166.666666666668,30833.33333333333,8962.886439832519,0.8216,52,0,Modere
ST0053,A0001,2024-03,30000,4,2024-03-01,2024,3,1,1.0,6.123233995736766e-17,1,0,1,30000.0,15000.0,25000.0,25333.33333333333,27666.666666666668,30833.33333333333,8962.886439832519,0.8216,52,0,Modere
ST0053,A0001,2024-04,30000,2,2024-04-01,2024,4,2,0.8660254037844387,-0.4999999999999998,0,0,1,30000.0,31000.0,15000.0,30333.33333333333,27666.666666666668,31250.0,577.3502691898836,0.9706,52,0,Modere
ST0053,A0001,2024-05,30000,2,2024-05-01,2024,5,2,0.4999999999999999,-0.8660254037844387,0,0,2,30000.0,30000.0,18000.0,30000.0,27666.666666666668,32500.0,0.0,0.923,52,0,Modere
ST0053,A0001,2024-06,15000,1,2024-06-01,2024,6,2,1.2246467991473532e-16,-1.0,0,0,2,30000.0,30000.0,53000.0,30000.0,27666.666666666668,33500.0,0.0,0.8955,52,0,Modere
ST0053,A0001,2024-08,5000,1,2024-08-01,2024,8,3,-0.8660254037844385,-0.5000000000000004,0,0,3,15000.0,30000.0,48000.0,25000.0,27666.666666666668,30333.33333333333,8660.254037844403,0.8241,52,0,Modere
ST0053,A0001,2024-09,10000,2,2024-09-01,2024,9,3,-1.0,-1.8369701987210294e-16,0,0,3,5000.0,30000.0,45000.0,16666.666666666668,23333.33333333333,26750.0,12583.057392117928,0.623,52,0,Modere
ST0053,A0001,2024-10,17000,3,2024-10-01,2024,10,4,-0.8660254037844386,0.5000000000000001,0,1,3,10000.0,15000.0,30000.0,10000.0,20000.0,23833.33333333333,5000.000000000031,0.4196,52,0,Modere
ST0053,A0001,2024-11,10000,2,2024-11-01,2024,11,4,-0.5000000000000004,0.8660254037844384,0,1,3,17000.0,5000.0,30000.0,10666.666666666666,17833.333333333332,22750.0,6027.713773341734,0.4688,52,0,Modere
ST0053,A0001,2024-12,22000,3,2024-12-01,2024,12,4,-2.4492935982947064e-16,1.0,0,1,0,10000.0,10000.0,30000.0,12333.333333333334,14500.0,21083.33333333333,4041.4518843274177,0.585,52,0,Modere
ST0053,A0001,2025-01,17000,3,2025-01-01,2025,1,1,0.4999999999999999,0.8660254037844387,1,0,0,22000.0,17000.0,15000.0,16333.333333333334,13166.666666666666,20416.666666666668,6027.713773341733,0.8,52,0,Modere
ST0053,A0001,2025-02,17000,4,2025-02-01,2025,2,1,0.8660254037844386,0.5000000000000001,1,0,0,17000.0,10000.0,31000.0,16333.333333333334,13500.0,20583.33333333333,6027.713773341733,0.7935,52,0,Modere
ST0053,A0001,2025-03,19000,3,2025-03-01,2025,3,1,1.0,6.123233995736766e-17,1,0,1,17000.0,22000.0,30000.0,18666.666666666668,15500.0,19416.666666666668,2886.7513459481806,0.9613,52,0,Modere
ST0053,A0001,2025-04,15000,3,2025-04-01,2025,4,2,0.8660254037844387,-0.4999999999999998,0,0,1,19000.0,17000.0,30000.0,17666.666666666668,17000.0,18500.0,1154.700538379382,0.9549,52,0,Modere
ST0053,A0001,2025-05,16000,3,2025-05-01,2025,5,2,0.4999999999999999,-0.8660254037844387,0,0,2,15000.0,17000.0,30000.0,17000.0,16666.666666666668,17250.0,2000.0000000000755,0.9855,52,0,Modere
ST0053,A0001,2025-06,5000,1,2025-06-01,2025,6,2,1.2246467991473532e-16,-1.0,0,0,2,16000.0,19000.0,30000.0,16666.666666666668,17666.666666666668,16083.333333333334,2081.665999466205,1.0362,52,0,Modere
ST0053,A0001,2025-07,15000,3,2025-07-01,2025,7,3,-0.4999999999999997,-0.8660254037844388,0,0,2,5000.0,15000.0,15000.0,12000.0,14833.333333333334,14000.0,6082.762530298246,0.8571,52,0,Modere
ST0053,A0001,2025-08,17000,3,2025-08-01,2025,8,3,-0.8660254037844385,-0.5000000000000004,0,0,3,15000.0,16000.0,5000.0,12000.0,14500.0,14000.0,6082.762530298246,0.8571,52,0,Modere
ST0053,A0001,2025-09,12000,3,2025-09-01,2025,9,3,-1.0,-1.8369701987210294e-16,0,0,3,17000.0,5000.0,10000.0,12333.333333333334,14500.0,15000.0,6429.1005073286615,0.8222,52,0,Modere
ST0053,A0001,2025-10,10000,2,2025-10-01,2025,10,4,-0.8660254037844386,0.5000000000000001,0,1,3,12000.0,15000.0,17000.0,14666.666666666666,13333.333333333334,15166.666666666666,2516.6114784236447,0.967,52,0,Modere
ST0053,A0001,2025-11,11000,2,2025-11-01,2025,11,4,-0.5000000000000004,0.8660254037844384,0,1,3,10000.0,17000.0,10000.0,13000.0,12500.0,14583.333333333334,3605.5512754640336,0.8914,52,0,Modere
ST0053,A0001,2025-12,17000,4,2025-12-01,2025,12,4,-2.4492935982947064e-16,1.0,0,1,0,11000.0,12000.0,22000.0,11000.0,11666.666666666666,14666.666666666666,1000.0000000001668,0.7499,52,0,Modere
ST0055,A0001,2021-02,76000,9,2021-02-01,2021,2,1,0.8660254037844386,0.5000000000000001,1,0,0,90000.0,99000.0,15000.0,103333.33333333331,108166.66666666669,90000.0,15947.83161854091,1.1481,54,0,Modere
ST0055,A0001,2021-03,78000,9,2021-03-01,2021,3,1,1.0,6.123233995736766e-17,1,0,1,76000.0,121000.0,10000.0,95666.66666666669,103500.0,95083.33333333331,23028.96726588783,1.0061,54,0,Modere
ST0055,A0001,2021-04,96000,9,2021-04-01,2021,4,2,0.8660254037844387,-0.4999999999999998,0,0,1,78000.0,90000.0,71000.0,81333.33333333333,97000.0,100750.0,7571.877794400364,0.8073,54,0,Modere
ST0055,A0001,2021-05,73000,6,2021-05-01,2021,5,2,0.4999999999999999,-0.8660254037844387,0,0,2,96000.0,76000.0,105000.0,83333.33333333333,93333.33333333331,102833.33333333331,11015.141094572204,0.8104,54,0,Modere
ST0055,A0001,2021-06,75000,10,2021-06-01,2021,6,2,1.2246467991473532e-16,-1.0,0,0,2,73000.0,78000.0,103000.0,82333.33333333333,89000.0,100166.66666666669,12096.831541082702,0.822,54,0,Modere
ST0055,A0001,2021-07,91000,7,2021-07-01,2021,7,3,-0.4999999999999997,-0.8660254037844388,0,0,2,75000.0,96000.0,127000.0,81333.33333333333,81333.33333333333,97833.33333333331,12741.009902410928,0.8313,54,0,Modere
ST0055,A0001,2021-08,101000,9,2021-08-01,2021,8,3,-0.8660254037844385,-0.5000000000000004,0,0,3,91000.0,73000.0,104000.0,79666.66666666667,81500.0,94833.33333333331,9865.76572463249,0.8401,54,0,Modere
ST0055,A0001,2021-09,69000,8,2021-09-01,2021,9,3,-1.0,-1.8369701987210294e-16,0,0,3,101000.0,75000.0,117000.0,89000.0,85666.66666666667,94583.33333333331,13114.877048603998,0.941,54,0,Modere
ST0055,A0001,2021-10,41000,6,2021-10-01,2021,10,4,-0.8660254037844386,0.5000000000000001,0,1,3,69000.0,91000.0,118000.0,87000.0,84166.66666666667,90583.33333333331,16370.705543744896,0.9604,54,0,Modere
ST0055,A0001,2021-11,86000,9,2021-11-01,2021,11,4,-0.5000000000000004,0.8660254037844384,0,1,3,41000.0,101000.0,99000.0,70333.33333333333,75000.0,84166.66666666667,30022.213997860537,0.8356,54,0,Modere
ST0055,A0001,2021-12,67000,7,2021-12-01,2021,12,4,-2.4492935982947064e-16,1.0,0,1,0,86000.0,69000.0,121000.0,65333.333333333336,77166.66666666667,83083.33333333333,22722.96928953901,0.7863,54,0,Modere
ST0055,A0001,2022-01,58000,7,2022-01-01,2022,1,1,0.4999999999999999,0.8660254037844387,1,0,0,67000.0,41000.0,90000.0,64666.66666666666,75833.33333333333,78583.33333333333,22590.558499809893,0.8229,54,0,Modere
ST0055,A0001,2022-02,76000,7,2022-02-01,2022,2,1,0.8660254037844386,0.5000000000000001,1,0,0,58000.0,86000.0,76000.0,70333.33333333333,70333.33333333333,75916.66666666667,14294.5210949277,0.9264,54,0,Modere
ST0055,A0001,2022-03,73000,12,2022-03-01,2022,3,1,1.0,6.123233995736766e-17,1,0,1,76000.0,67000.0,78000.0,67000.0,66166.66666666667,75916.66666666667,8999.999999999976,0.8825,54,0,Modere
ST0055,A0001,2022-04,54000,6,2022-04-01,2022,4,2,0.8660254037844387,-0.4999999999999998,0,0,1,73000.0,58000.0,96000.0,69000.0,66833.33333333333,75500.0,9643.650760992934,0.9139,54,0,Modere
ST0055,A0001,2022-05,63000,8,2022-05-01,2022,5,2,0.4999999999999999,-0.8660254037844387,0,0,2,54000.0,76000.0,73000.0,67666.66666666667,69000.0,72000.0,11930.353445448838,0.9398,54,0,Modere
ST0055,A0001,2022-06,64000,8,2022-06-01,2022,6,2,1.2246467991473532e-16,-1.0,0,0,2,63000.0,73000.0,75000.0,63333.333333333336,65166.66666666666,71166.66666666667,9504.384952922152,0.8899,54,0,Modere
ST0055,A0001,2022-07,56000,6,2022-07-01,2022,7,3,-0.4999999999999997,-0.8660254037844388,0,0,2,64000.0,54000.0,91000.0,60333.333333333336,64666.66666666666,70250.0,5507.570547286073,0.8588,54,0,Modere
ST0055,A0001,2022-08,60000,8,2022-08-01,2022,8,3,-0.8660254037844385,-0.5000000000000004,0,0,3,56000.0,63000.0,101000.0,61000.0,64333.333333333336,67333.33333333333,4358.898943540636,0.9059,54,0,Modere
ST0055,A0001,2022-09,53000,8,2022-09-01,2022,9,3,-1.0,-1.8369701987210294e-16,0,0,3,60000.0,64000.0,69000.0,60000.0,61666.66666666666,63916.66666666666,3999.999999999959,0.9387,54,0,Modere
ST0055,A0001,2022-10,38000,6,2022-10-01,2022,10,4,-0.8660254037844386,0.5000000000000001,0,1,3,53000.0,56000.0,41000.0,56333.333333333336,58333.333333333336,62583.333333333336,3511.8845842842006,0.9001,54,0,Modere
ST0055,A0001,2022-11,48000,8,2022-11-01,2022,11,4,-0.5000000000000004,0.8660254037844384,0,1,3,38000.0,60000.0,86000.0,50333.333333333336,55666.66666666666,62333.333333333336,11239.81020005823,0.8075,54,0,Modere
ST0055,A0001,2022-12,56000,8,2022-12-01,2022,12,4,-2.4492935982947064e-16,1.0,0,1,0,48000.0,53000.0,67000.0,46333.333333333336,53166.66666666666,59166.66666666666,7637.626158259714,0.7831,54,0,Modere
ST0055,A0001,2023-01,28000,5,2023-01-01,2023,1,1,0.4999999999999999,0.8660254037844387,1,0,0,56000.0,38000.0,58000.0,47333.333333333336,51833.333333333336,58250.0,9018.499505645772,0.8126,54,0,Modere
ST0055,A0001,2023-02,44000,8,2023-02-01,2023,2,1,0.8660254037844386,0.5000000000000001,1,0,0,28000.0,48000.0,76000.0,44000.0,47166.66666666666,55750.0,14422.205101855949,0.7892,54,0,Modere
ST0055,A0001,2023-03,45000,9,2023-03-01,2023,3,1,1.0,6.123233995736766e-17,1,0,1,44000.0,56000.0,73000.0,42666.66666666666,44500.0,53083.333333333336,14047.538337136975,0.8038,54,0,Modere
ST0055,A0001,2023-04,32000,7,2023-04-01,2023,4,2,0.8660254037844387,-0.4999999999999998,0,0,1,45000.0,28000.0,54000.0,39000.0,43166.66666666666,50750.0,9539.39201416944,0.7685,54,0,Modere
ST0055,A0001,2023-05,38000,3,2023-05-01,2023,5,2,0.4999999999999999,-0.8660254037844387,0,0,2,32000.0,44000.0,63000.0,40333.333333333336,42166.66666666666,48916.66666666666,7234.178138070215,0.8245,54,0,Modere
ST0055,A0001,2023-06,61000,4,2023-06-01,2023,6,2,1.2246467991473532e-16,-1.0,0,0,2,38000.0,45000.0,64000.0,38333.333333333336,40500.0,46833.333333333336,6506.40709864769,0.8185,54,0,Modere
ST0055,A0001,2023-07,113000,5,2023-07-01,2023,7,3,-0.4999999999999997,-0.8660254037844388,0,0,2,61000.0,32000.0,56000.0,43666.66666666666,41333.333333333336,46583.333333333336,15307.95000427337,0.9374,54,0,Modere
ST0055,A0001,2023-08,106000,5,2023-08-01,2023,8,3,-0.8660254037844385,-0.5000000000000004,0,0,3,113000.0,38000.0,60000.0,70666.66666666667,55500.0,51333.333333333336,38423.08333974946,1.3766,54,0,Modere
ST0055,A0001,2023-09,68000,4,2023-09-01,2023,9,3,-1.0,-1.8369701987210294e-16,0,0,3,106000.0,61000.0,53000.0,93333.33333333331,65833.33333333333,55166.66666666666,28219.37868439581,1.6918,54,0,Modere
ST0055,A0001,2023-10,75000,5,2023-10-01,2023,10,4,-0.8660254037844386,0.5000000000000001,0,1,3,68000.0,113000.0,38000.0,95666.66666666669,69666.66666666667,56416.66666666666,24214.320831552,1.6957,54,0,Modere
ST0055,A0001,2023-11,60000,6,2023-11-01,2023,11,4,-0.5000000000000004,0.8660254037844384,0,1,3,75000.0,106000.0,48000.0,83000.0,76833.33333333333,59500.0,20223.748416156683,1.3949,54,0,Modere
ST0055,A0001,2023-12,52000,4,2023-12-01,2023,12,4,-2.4492935982947064e-16,1.0,0,1,0,60000.0,68000.0,56000.0,67666.66666666667,80500.0,60500.0,7505.553499465129,1.1184,54,0,Modere
ST0055,A0001,2024-01,60000,5,2024-01-01,2024,1,1,0.4999999999999999,0.8660254037844387,1,0,0,52000.0,75000.0,28000.0,62333.333333333336,79000.0,60166.66666666666,11676.186592091326,1.036,54,0,Modere
ST0055,A0001,2024-02,45000,3,2024-02-01,2024,2,1,0.8660254037844386,0.5000000000000001,1,0,0,60000.0,60000.0,44000.0,57333.333333333336,70166.66666666667,62833.333333333336,4618.802153516999,0.9125,54,0,Modere
ST0055,A0001,2024-03,15000,1,2024-03-01,2024,3,1,1.0,6.123233995736766e-17,1,0,1,45000.0,52000.0,45000.0,52333.333333333336,60000.0,62916.66666666666,7505.553499465132,0.8318,54,0,Modere
ST0055,A0001,2024-04,45000,3,2024-04-01,2024,4,2,0.8660254037844387,-0.4999999999999998,0,0,1,15000.0,60000.0,32000.0,40000.0,51166.66666666666,60416.66666666666,22912.8784747792,0.6621,54,0,Modere
ST0055,A0001,2024-05,45000,3,2024-05-01,2024,5,2,0.4999999999999999,-0.8660254037844387,0,0,2,45000.0,45000.0,38000.0,35000.0,46166.66666666666,61500.0,17320.508075688773,0.5691,54,0,Modere
ST0055,A0001,2024-06,30000,2,2024-06-01,2024,6,2,1.2246467991473532e-16,-1.0,0,0,2,45000.0,15000.0,61000.0,35000.0,43666.66666666666,62083.333333333336,17320.508075688773,0.5637,54,0,Modere
ST0055,A0001,2024-07,45000,3,2024-07-01,2024,7,3,-0.4999999999999997,-0.8660254037844388,0,0,2,30000.0,45000.0,113000.0,40000.0,40000.0,59500.0,8660.254037844383,0.6723,54,0,Modere
ST0055,A0001,2024-08,45000,4,2024-08-01,2024,8,3,-0.8660254037844385,-0.5000000000000004,0,0,3,45000.0,45000.0,106000.0,40000.0,37500.0,53833.333333333336,8660.254037844383,0.743,54,0,Modere
ST0055,A0001,2024-09,47000,3,2024-09-01,2024,9,3,-1.0,-1.8369701987210294e-16,0,0,3,45000.0,30000.0,68000.0,40000.0,37500.0,48750.0,8660.254037844383,0.8205,54,0,Modere
ST0055,A0001,2024-10,42000,5,2024-10-01,2024,10,4,-0.8660254037844386,0.5000000000000001,0,1,3,47000.0,45000.0,75000.0,45666.66666666666,42833.333333333336,47000.0,1154.7005383792268,0.9716,54,0,Modere
ST0055,A0001,2024-11,30000,4,2024-11-01,2024,11,4,-0.5000000000000004,0.8660254037844384,0,1,3,42000.0,45000.0,60000.0,44666.66666666666,42333.333333333336,44250.0,2516.611478423571,1.0094,54,0,Modere
ST0055,A0001,2024-12,40000,5,2024-12-01,2024,12,4,-2.4492935982947064e-16,1.0,0,1,0,30000.0,47000.0,52000.0,39666.66666666666,39833.333333333336,41750.0,8736.8949480541,0.9501,54,0,Modere
ST0055,A0001,2025-01,31000,4,2025-01-01,2025,1,1,0.4999999999999999,0.8660254037844387,1,0,0,40000.0,42000.0,60000.0,37333.333333333336,41500.0,40750.0,6429.10050732863,0.9161,54,0,Modere
ST0055,A0001,2025-02,20000,4,2025-02-01,2025,2,1,0.8660254037844386,0.5000000000000001,1,0,0,31000.0,30000.0,45000.0,33666.666666666664,39166.66666666666,38333.333333333336,5507.570547286094,0.8782,54,0,Modere
ST0055,A0001,2025-03,30000,5,2025-03-01,2025,3,1,1.0,6.123233995736766e-17,1,0,1,20000.0,40000.0,15000.0,30333.33333333333,35000.0,36250.0,10016.65280087781,0.8368,54,0,Modere
ST0055,A0001,2025-04,30000,3,2025-04-01,2025,4,2,0.8660254037844387,-0.4999999999999998,0,0,1,30000.0,31000.0,45000.0,27000.0,32166.666666666668,37500.0,6082.762530298212,0.72,54,0,Modere
ST0055,A0001,2025-05,30000,3,2025-05-01,2025,5,2,0.4999999999999999,-0.8660254037844387,0,0,2,30000.0,20000.0,45000.0,26666.666666666668,30166.666666666668,36250.0,5773.502691896249,0.7356,54,0,Modere
ST0055,A0001,2025-06,20000,3,2025-06-01,2025,6,2,1.2246467991473532e-16,-1.0,0,0,2,30000.0,30000.0,30000.0,30000.0,30166.666666666668,35000.0,0.0,0.8571,54,0,Modere
ST0055,A0001,2025-07,30000,6,2025-07-01,2025,7,3,-0.4999999999999997,-0.8660254037844388,0,0,2,20000.0,30000.0,45000.0,26666.666666666668,26833.33333333333,34166.666666666664,5773.502691896249,0.7805,54,0,Modere
ST0055,A0001,2025-08,30000,3,2025-08-01,2025,8,3,-0.8660254037844385,-0.5000000000000004,0,0,3,30000.0,30000.0,45000.0,26666.666666666668,26666.666666666668,32916.666666666664,5773.502691896249,0.8101,54,0,Modere
ST0055,A0001,2025-12,5000,2,2025-12-01,2025,12,4,-2.4492935982947064e-16,1.0,0,1,0,30000.0,20000.0,47000.0,26666.666666666668,28333.33333333333,31666.666666666668,5773.502691896249,0.8421,54,0,Modere
ST0057,A0002,2022-09,139000,5,2022-09-01,2022,9,3,-1.0,-1.8369701987210294e-16,0,0,3,154000.0,186000.0,15000.0,121000.0,118500.0,82583.33333333333,86365.50237218561,1.4652,56,1,Modere
ST0057,A0002,2022-10,127000,5,2022-10-01,2022,10,4,-0.8660254037844386,0.5000000000000001,0,1,3,139000.0,23000.0,15000.0,105333.33333333331,135333.33333333334,92916.66666666669,71696.11797952057,1.1336,56,1,Modere
ST0057,A0002,2022-11,35000,1,2022-11-01,2022,11,4,-0.5000000000000004,0.8660254037844384,0,1,3,127000.0,154000.0,55000.0,140000.0,138166.66666666666,102250.0,13527.749258468595,1.3692,56,1,Modere
ST0057,A0002,2022-12,65000,2,2022-12-01,2022,12,4,-2.4492935982947064e-16,1.0,0,1,0,35000.0,139000.0,65000.0,100333.33333333331,110666.66666666669,100583.33333333331,56897.56878227167,0.9975,56,1,Modere
ST0057,A0002,2023-01,63000,2,2023-01-01,2023,1,1,0.4999999999999999,0.8660254037844387,1,0,0,65000.0,127000.0,75000.0,75666.66666666667,90500.0,100583.33333333331,46918.36882643448,0.7523,56,1,Modere
ST0057,A0002,2023-02,91000,3,2023-02-01,2023,2,1,0.8660254037844386,0.5000000000000001,1,0,0,63000.0,35000.0,55000.0,54333.333333333336,97166.66666666669,99583.33333333331,16772.994167212393,0.5456,56,1,Modere
ST0057,A0002,2023-03,143000,6,2023-03-01,2023,3,1,1.0,6.123233995736766e-17,1,0,1,91000.0,65000.0,38000.0,73000.0,86666.66666666667,102583.33333333331,15620.499351813502,0.7116,56,1,Modere
ST0057,A0002,2023-04,35000,2,2023-04-01,2023,4,2,0.8660254037844387,-0.4999999999999998,0,0,1,143000.0,63000.0,110000.0,99000.0,87333.33333333333,111333.33333333331,40595.56626036893,0.8892,56,1,Modere
ST0057,A0002,2023-05,85000,3,2023-05-01,2023,5,2,0.4999999999999999,-0.8660254037844387,0,0,2,35000.0,91000.0,200000.0,89666.66666666667,72000.0,105083.33333333331,54012.34426807763,0.8533,56,1,Modere
ST0057,A0002,2023-06,45000,2,2023-06-01,2023,6,2,1.2246467991473532e-16,-1.0,0,0,2,85000.0,143000.0,186000.0,87666.66666666667,80333.33333333333,95500.0,54049.36015655818,0.918,56,1,Modere
ST0057,A0002,2023-07,101000,5,2023-07-01,2023,7,3,-0.4999999999999997,-0.8660254037844388,0,0,2,45000.0,35000.0,23000.0,55000.0,77000.0,83750.0,26457.51311064607,0.6567,56,1,Modere
ST0057,A0002,2023-08,45000,2,2023-08-01,2023,8,3,-0.8660254037844385,-0.5000000000000004,0,0,3,101000.0,85000.0,154000.0,77000.0,83333.33333333333,90250.0,28844.410203712017,0.8532,56,1,Modere
ST0057,A0002,2023-09,66000,2,2023-09-01,2023,9,3,-1.0,-1.8369701987210294e-16,0,0,3,45000.0,45000.0,139000.0,63666.66666666666,75666.66666666667,81166.66666666667,32331.61507461916,0.7844,56,1,Modere
ST0057,A0002,2023-10,122000,4,2023-10-01,2023,10,4,-0.8660254037844386,0.5000000000000001,0,1,3,66000.0,101000.0,127000.0,70666.66666666667,62833.333333333336,75083.33333333333,28290.16319029178,0.9412,56,1,Modere
ST0057,A0002,2023-11,123000,3,2023-11-01,2023,11,4,-0.5000000000000004,0.8660254037844384,0,1,3,122000.0,45000.0,35000.0,77666.66666666667,77333.33333333333,74666.66666666667,39803.68492154136,1.0402,56,1,Modere
ST0057,A0002,2023-12,101000,3,2023-12-01,2023,12,4,-2.4492935982947064e-16,1.0,0,1,0,123000.0,66000.0,65000.0,103666.66666666669,83666.66666666667,82000.0,32624.121954978906,1.2642,56,1,Modere
ST0057,A0002,2024-01,135000,3,2024-01-01,2024,1,1,0.4999999999999999,0.8660254037844387,1,0,0,101000.0,122000.0,63000.0,115333.33333333331,93000.0,85000.0,12423.09676905622,1.3568,56,1,Modere
ST0057,A0002,2024-02,135000,3,2024-02-01,2024,2,1,0.8660254037844386,0.5000000000000001,1,0,0,135000.0,123000.0,91000.0,119666.66666666669,98666.66666666669,91000.0,17243.356208503457,1.315,56,1,Modere
ST0057,A0002,2024-03,90000,2,2024-03-01,2024,3,1,1.0,6.123233995736766e-17,1,0,1,135000.0,101000.0,143000.0,123666.66666666669,113666.66666666669,94666.66666666669,19629.9091524473,1.3063,56,1,Modere
ST0057,A0002,2024-04,45000,1,2024-04-01,2024,4,2,0.8660254037844387,-0.4999999999999998,0,0,1,90000.0,135000.0,35000.0,120000.0,117666.66666666669,90250.0,25980.76211353319,1.3296,56,1,Modere
ST0057,A0002,2024-05,90000,2,2024-05-01,2024,5,2,0.4999999999999999,-0.8660254037844387,0,0,2,45000.0,135000.0,85000.0,90000.0,104833.33333333331,91083.33333333331,45000.00000000006,0.9881,56,1,Modere
ST0057,A0002,2024-06,90000,2,2024-06-01,2024,6,2,1.2246467991473532e-16,-1.0,0,0,2,90000.0,90000.0,45000.0,75000.0,99333.33333333331,91500.0,25980.762113533303,0.8197,56,1,Modere
ST0057,A0002,2024-07,90000,2,2024-07-01,2024,7,3,-0.4999999999999997,-0.8660254037844388,0,0,2,90000.0,45000.0,101000.0,75000.0,97500.0,95250.0,25980.762113533303,0.7874,56,1,Modere
ST0057,A0002,2024-08,90000,2,2024-08-01,2024,8,3,-0.8660254037844385,-0.5000000000000004,0,0,3,90000.0,90000.0,45000.0,90000.0,90000.0,94333.33333333331,0.0,0.9541,56,1,Modere
ST0057,A0002,2024-09,45000,1,2024-09-01,2024,9,3,-1.0,-1.8369701987210294e-16,0,0,3,90000.0,90000.0,66000.0,90000.0,82500.0,98083.33333333331,0.0,0.9176,56,1,Modere
ST0057,A0002,2024-10,45000,2,2024-10-01,2024,10,4,-0.8660254037844386,0.5000000000000001,0,1,3,45000.0,90000.0,122000.0,75000.0,75000.0,96333.33333333331,25980.762113533303,0.7785,56,1,Modere
ST0057,A0002,2024-11,45000,1,2024-11-01,2024,11,4,-0.5000000000000004,0.8660254037844384,0,1,3,45000.0,90000.0,123000.0,60000.0,75000.0,89916.66666666667,25980.762113533336,0.6673,56,1,Modere
ST0057,A0002,2024-12,20000,1,2024-12-01,2024,12,4,-2.4492935982947064e-16,1.0,0,1,0,45000.0,45000.0,101000.0,45000.0,67500.0,83416.66666666667,0.0,0.5395,56,1,Modere
ST0057,A0002,2025-01,90000,2,2025-01-01,2025,1,1,0.4999999999999999,0.8660254037844387,1,0,0,20000.0,45000.0,135000.0,36666.66666666666,55833.333333333336,76666.66666666667,14433.756729741055,0.4783,56,1,Modere
ST0057,A0002,2025-02,45000,1,2025-02-01,2025,2,1,0.8660254037844386,0.5000000000000001,1,0,0,90000.0,45000.0,135000.0,51666.66666666666,55833.333333333336,72916.66666666667,35472.99442298808,0.7086,56,1,Modere
ST0057,A0002,2025-03,67000,2,2025-03-01,2025,3,1,1.0,6.123233995736766e-17,1,0,1,45000.0,20000.0,90000.0,51666.66666666666,48333.333333333336,65416.66666666666,35472.99442298808,0.7898,56,1,Modere
ST0057,A0002,2025-04,45000,2,2025-04-01,2025,4,2,0.8660254037844387,-0.4999999999999998,0,0,1,67000.0,90000.0,45000.0,67333.33333333333,52000.0,63500.0,22501.85177565041,1.0604,56,1,Modere
ST0057,A0002,2025-05,50000,2,2025-05-01,2025,5,2,0.4999999999999999,-0.8660254037844387,0,0,2,45000.0,45000.0,90000.0,52333.333333333336,52000.0,63500.0,12701.70592217216,0.8241,56,1,Modere
ST0057,A0002,2025-06,25000,1,2025-06-01,2025,6,2,1.2246467991473532e-16,-1.0,0,0,2,50000.0,67000.0,90000.0,54000.0,52833.333333333336,60166.66666666666,11532.562594671224,0.8975,56,1,Modere
ST0057,A0002,2025-07,25000,1,2025-07-01,2025,7,3,-0.4999999999999997,-0.8660254037844388,0,0,2,25000.0,45000.0,90000.0,40000.0,53666.66666666666,54750.0,13228.756555323384,0.7306,56,1,Modere
ST0057,A0002,2025-08,25000,1,2025-08-01,2025,8,3,-0.8660254037844385,-0.5000000000000004,0,0,3,25000.0,50000.0,90000.0,33333.333333333336,42833.333333333336,49333.333333333336,14433.756729741066,0.6757,56,1,Modere
ST0057,A0002,2025-09,25000,1,2025-09-01,2025,9,3,-1.0,-1.8369701987210294e-16,0,0,3,25000.0,25000.0,45000.0,25000.0,39500.0,43916.66666666666,0.0,0.5692,56,1,Modere
ST0057,A0002,2025-10,25000,1,2025-10-01,2025,10,4,-0.8660254037844386,0.5000000000000001,0,1,3,25000.0,25000.0,45000.0,25000.0,32500.0,42250.0,0.0,0.5917,56,1,Modere
ST0057,A0002,2025-11,25000,1,2025-11-01,2025,11,4,-0.5000000000000004,0.8660254037844384,0,1,3,25000.0,25000.0,45000.0,25000.0,29166.666666666668,40583.333333333336,0.0,0.616,56,1,Modere
ST0057,A0002,2025-12,55000,2,2025-12-01,2025,12,4,-2.4492935982947064e-16,1.0,0,1,0,25000.0,25000.0,20000.0,25000.0,25000.0,38916.66666666666,0.0,0.6424,56,1,Modere
ST0058,A0002,2024-11,16000,2,2024-11-01,2024,11,4,-0.5000000000000004,0.8660254037844384,0,1,3,38000.0,45000.0,8000.0,33000.0,27000.0,18333.33333333333,15132.745950421564,1.7999,57,1,Modere
ST0058,A0002,2024-12,17000,2,2024-12-01,2024,12,4,-2.4492935982947064e-16,1.0,0,1,0,16000.0,16000.0,10000.0,23333.33333333333,28333.33333333333,19000.0,12701.705922171766,1.228,57,1,Modere
ST0058,A0002,2025-01,16000,2,2025-01-01,2025,1,1,0.4999999999999999,0.8660254037844387,1,0,0,17000.0,38000.0,16000.0,23666.666666666668,27000.0,19583.33333333333,12423.09676905615,1.2084,57,1,Modere
ST0058,A0002,2025-02,24000,4,2025-02-01,2025,2,1,0.8660254037844386,0.5000000000000001,1,0,0,16000.0,16000.0,8000.0,16333.333333333334,24666.666666666668,19583.33333333333,577.3502691894408,0.834,57,1,Modere
ST0058,A0002,2025-03,14000,2,2025-03-01,2025,3,1,1.0,6.123233995736766e-17,1,0,1,24000.0,17000.0,8000.0,19000.0,21166.666666666668,20916.666666666668,4358.898943540658,0.9083,57,1,Modere
ST0058,A0002,2025-04,15000,2,2025-04-01,2025,4,2,0.8660254037844387,-0.4999999999999998,0,0,1,14000.0,16000.0,8000.0,18000.0,20833.33333333333,21416.666666666668,5291.5026221291655,0.8404,57,1,Modere
ST0058,A0002,2025-05,9000,1,2025-05-01,2025,5,2,0.4999999999999999,-0.8660254037844387,0,0,2,15000.0,24000.0,8000.0,17666.666666666668,17000.0,22000.0,5507.570547286086,0.803,57,1,Modere
ST0058,A0002,2025-06,34000,6,2025-06-01,2025,6,2,1.2246467991473532e-16,-1.0,0,0,2,9000.0,14000.0,25000.0,12666.666666666666,15833.333333333334,22083.33333333333,3214.550253664269,0.5736,57,1,Modere
ST0058,A0002,2025-07,39000,6,2025-07-01,2025,7,3,-0.4999999999999997,-0.8660254037844388,0,0,2,34000.0,15000.0,30000.0,19333.33333333333,18666.666666666668,22833.33333333333,13051.181300301256,0.8467,57,1,Modere
ST0058,A0002,2025-08,26000,4,2025-08-01,2025,8,3,-0.8660254037844385,-0.5000000000000004,0,0,3,39000.0,9000.0,45000.0,27333.33333333333,22500.0,23583.33333333333,16072.751268321594,1.159,57,1,Modere
ST0058,A0002,2025-09,10000,2,2025-09-01,2025,9,3,-1.0,-1.8369701987210294e-16,0,0,3,26000.0,34000.0,16000.0,33000.0,22833.33333333333,22000.0,6557.438524302019,1.4999,57,1,Modere
ST0058,A0002,2025-10,15000,3,2025-10-01,2025,10,4,-0.8660254037844386,0.5000000000000001,0,1,3,10000.0,39000.0,38000.0,25000.0,22166.666666666668,21500.0,14525.839046333953,1.1627,57,1,Modere
ST0058,A0002,2025-11,12000,2,2025-11-01,2025,11,4,-0.5000000000000004,0.8660254037844384,0,1,3,15000.0,26000.0,16000.0,17000.0,22166.666666666668,19583.33333333333,8185.352771872445,0.868,57,1,Modere
ST0058,A0002,2025-12,11000,3,2025-12-01,2025,12,4,-2.4492935982947064e-16,1.0,0,1,0,12000.0,10000.0,17000.0,12333.333333333334,22666.666666666668,19250.0,2516.611478423547,0.6407,57,1,Modere
ST0059,A0001,2021-04,59000,7,2021-04-01,2021,4,2,0.8660254037844387,-0.4999999999999998,0,0,1,54000.0,70000.0,48000.0,60666.66666666666,70000.0,73250.0,8326.66399786452,0.8282,58,0,Modere
ST0059,A0001,2021-05,53000,8,2021-05-01,2021,5,2,0.4999999999999999,-0.8660254037844387,0,0,2,59000.0,58000.0,62000.0,57000.0,65833.33333333333,74166.66666666667,2645.7513110645496,0.7685,58,0,Modere
ST0059,A0001,2021-06,55000,11,2021-06-01,2021,6,2,1.2246467991473532e-16,-1.0,0,0,2,53000.0,54000.0,69000.0,55333.333333333336,62333.333333333336,73416.66666666667,3214.5502536642853,0.7537,58,0,Modere
ST0059,A0001,2021-07,67000,7,2021-07-01,2021,7,3,-0.4999999999999997,-0.8660254037844388,0,0,2,55000.0,59000.0,105000.0,55666.66666666666,58166.66666666666,72250.0,3055.050463303858,0.7705,58,0,Modere
ST0059,A0001,2021-08,92000,7,2021-08-01,2021,8,3,-0.8660254037844385,-0.5000000000000004,0,0,3,67000.0,53000.0,82000.0,58333.333333333336,57666.66666666666,69083.33333333333,7571.87779440035,0.8444,58,0,Modere
ST0059,A0001,2021-09,45000,5,2021-09-01,2021,9,3,-1.0,-1.8369701987210294e-16,0,0,3,92000.0,55000.0,93000.0,71333.33333333333,63333.333333333336,69916.66666666667,18876.793513023687,1.0202,58,0,Modere
ST0059,A0001,2021-10,35000,5,2021-10-01,2021,10,4,-0.8660254037844386,0.5000000000000001,0,1,3,45000.0,67000.0,84000.0,68000.0,61833.333333333336,65916.66666666667,23515.95203260969,1.0316,58,0,Modere
ST0059,A0001,2021-11,87000,9,2021-11-01,2021,11,4,-0.5000000000000004,0.8660254037844384,0,1,3,35000.0,92000.0,74000.0,57333.333333333336,57833.333333333336,61833.333333333336,30435.72462310259,0.9272,58,0,Modere
ST0059,A0001,2021-12,35000,6,2021-12-01,2021,12,4,-2.4492935982947064e-16,1.0,0,1,0,87000.0,45000.0,80000.0,55666.66666666666,63500.0,62916.66666666666,27592.269448766503,0.8848,58,0,Modere
ST0059,A0001,2022-01,46000,5,2022-01-01,2022,1,1,0.4999999999999999,0.8660254037844387,1,0,0,35000.0,35000.0,70000.0,52333.333333333336,60166.66666666666,59166.66666666666,30022.21399786054,0.8845,58,0,Modere
ST0059,A0001,2022-02,47000,8,2022-02-01,2022,2,1,0.8660254037844386,0.5000000000000001,1,0,0,46000.0,87000.0,58000.0,56000.0,56666.66666666666,57166.66666666666,27404.379212089443,0.9796,58,0,Modere
ST0059,A0001,2022-03,48000,8,2022-03-01,2022,3,1,1.0,6.123233995736766e-17,1,0,1,47000.0,35000.0,54000.0,42666.66666666666,49166.66666666666,56250.0,6658.328118479394,0.7585,58,0,Modere
ST0059,A0001,2022-04,39000,7,2022-04-01,2022,4,2,0.8660254037844387,-0.4999999999999998,0,0,1,48000.0,46000.0,59000.0,47000.0,49666.66666666666,55750.0,1000.0000000000113,0.843,58,0,Modere
ST0059,A0001,2022-05,31000,5,2022-05-01,2022,5,2,0.4999999999999999,-0.8660254037844387,0,0,2,39000.0,47000.0,53000.0,44666.66666666666,50333.333333333336,54083.333333333336,4932.882862316249,0.8259,58,0,Modere
ST0059,A0001,2022-06,46000,7,2022-06-01,2022,6,2,1.2246467991473532e-16,-1.0,0,0,2,31000.0,48000.0,55000.0,39333.333333333336,41000.0,52250.0,8504.900548115384,0.7528,58,0,Modere
ST0059,A0001,2022-07,50000,9,2022-07-01,2022,7,3,-0.4999999999999997,-0.8660254037844388,0,0,2,46000.0,39000.0,67000.0,38666.66666666666,42833.333333333336,51500.0,7505.553499465138,0.7508,58,0,Modere
ST0059,A0001,2022-08,24000,4,2022-08-01,2022,8,3,-0.8660254037844385,-0.5000000000000004,0,0,3,50000.0,31000.0,92000.0,42333.333333333336,43500.0,50083.333333333336,10016.652800877817,0.8452,58,0,Modere
ST0059,A0001,2022-09,19000,2,2022-09-01,2022,9,3,-1.0,-1.8369701987210294e-16,0,0,3,24000.0,46000.0,45000.0,40000.0,39666.66666666666,44416.66666666666,14000.0,0.9005,58,0,Modere
ST0059,A0001,2022-10,35000,6,2022-10-01,2022,10,4,-0.8660254037844386,0.5000000000000001,0,1,3,19000.0,50000.0,35000.0,31000.0,34833.333333333336,42250.0,16643.316977093236,0.7337,58,0,Modere
ST0059,A0001,2022-11,25000,4,2022-11-01,2022,11,4,-0.5000000000000004,0.8660254037844384,0,1,3,35000.0,24000.0,87000.0,26000.0,34166.666666666664,42250.0,8185.35277187245,0.6154,58,0,Modere
ST0059,A0001,2022-12,27000,3,2022-12-01,2022,12,4,-2.4492935982947064e-16,1.0,0,1,0,25000.0,19000.0,35000.0,26333.33333333333,33166.666666666664,37083.333333333336,8082.903768654761,0.7101,58,0,Modere
ST0059,A0001,2023-01,24000,4,2023-01-01,2023,1,1,0.4999999999999999,0.8660254037844387,1,0,0,27000.0,35000.0,46000.0,29000.0,30000.0,36416.66666666666,5291.502622129181,0.7963,58,0,Modere
ST0059,A0001,2023-02,17000,2,2023-02-01,2023,2,1,0.8660254037844386,0.5000000000000001,1,0,0,24000.0,25000.0,47000.0,25333.33333333333,25666.666666666668,34583.333333333336,1527.5252316519463,0.7325,58,0,Modere
ST0059,A0001,2023-03,15000,4,2023-03-01,2023,3,1,1.0,6.123233995736766e-17,1,0,1,17000.0,27000.0,48000.0,22666.666666666668,24500.0,32083.33333333333,5131.601439446885,0.7065,58,0,Modere
ST0059,A0001,2023-04,10000,2,2023-04-01,2023,4,2,0.8660254037844387,-0.4999999999999998,0,0,1,15000.0,24000.0,39000.0,18666.666666666668,23833.33333333333,29333.33333333333,4725.815626252609,0.6363,58,0,Modere
ST0059,A0001,2023-05,18000,2,2023-05-01,2023,5,2,0.4999999999999999,-0.8660254037844387,0,0,2,10000.0,17000.0,31000.0,14000.0,19666.666666666668,26916.666666666668,3605.551275463993,0.5201,58,0,Modere
ST0059,A0001,2023-06,55000,4,2023-06-01,2023,6,2,1.2246467991473532e-16,-1.0,0,0,2,18000.0,15000.0,46000.0,14333.333333333334,18500.0,25833.33333333333,4041.451884327384,0.5548,58,0,Modere
ST0059,A0001,2023-07,30000,3,2023-07-01,2023,7,3,-0.4999999999999997,-0.8660254037844388,0,0,2,55000.0,10000.0,50000.0,27666.666666666668,23166.666666666668,26583.33333333333,24006.94344004112,1.0407,58,0,Modere
ST0059,A0001,2023-08,30000,2,2023-08-01,2023,8,3,-0.8660254037844385,-0.5000000000000004,0,0,3,30000.0,18000.0,24000.0,34333.333333333336,24166.666666666668,24916.666666666668,18876.793513023687,1.3779,58,0,Modere
ST0059,A0001,2023-09,45000,4,2023-09-01,2023,9,3,-1.0,-1.8369701987210294e-16,0,0,3,30000.0,55000.0,19000.0,38333.333333333336,26333.33333333333,25416.666666666668,14433.756729740637,1.5081,58,0,Modere
ST0059,A0001,2023-10,15000,2,2023-10-01,2023,10,4,-0.8660254037844386,0.5000000000000001,0,1,3,45000.0,30000.0,35000.0,35000.0,31333.33333333333,27583.33333333333,8660.254037844375,1.2688,58,0,Modere
ST0059,A0001,2023-11,45000,4,2023-11-01,2023,11,4,-0.5000000000000004,0.8660254037844384,0,1,3,15000.0,30000.0,25000.0,30000.0,32166.666666666668,25916.666666666668,14999.999999999996,1.1575,58,0,Modere
ST0059,A0001,2023-12,30000,3,2023-12-01,2023,12,4,-2.4492935982947064e-16,1.0,0,1,0,45000.0,45000.0,27000.0,35000.0,36666.66666666666,27583.33333333333,17320.50807568877,1.2688,58,0,Modere
ST0059,A0001,2024-01,15000,1,2024-01-01,2024,1,1,0.4999999999999999,0.8660254037844387,1,0,0,30000.0,15000.0,24000.0,30000.0,32500.0,27833.33333333333,14999.999999999996,1.0778,58,0,Modere
ST0059,A0001,2024-02,23000,2,2024-02-01,2024,2,1,0.8660254037844386,0.5000000000000001,1,0,0,15000.0,45000.0,17000.0,30000.0,30000.0,27083.33333333333,14999.999999999996,1.1077,58,0,Modere
ST0059,A0001,2024-03,17000,2,2024-03-01,2024,3,1,1.0,6.123233995736766e-17,1,0,1,23000.0,30000.0,15000.0,22666.666666666668,28833.33333333333,27583.33333333333,7505.553499465123,0.8217,58,0,Modere
ST0059,A0001,2024-04,20000,2,2024-04-01,2024,4,2,0.8660254037844387,-0.4999999999999998,0,0,1,17000.0,15000.0,10000.0,18333.33333333333,24166.666666666668,27750.0,4163.3319989322445,0.6606,58,0,Modere
ST0059,A0001,2024-05,45000,4,2024-05-01,2024,5,2,0.4999999999999999,-0.8660254037844387,0,0,2,20000.0,23000.0,18000.0,20000.0,25000.0,28583.33333333333,2999.999999999972,0.6997,58,0,Modere
ST0059,A0001,2024-06,20000,2,2024-06-01,2024,6,2,1.2246467991473532e-16,-1.0,0,0,2,45000.0,17000.0,55000.0,27333.33333333333,25000.0,30833.33333333333,15373.136743466934,0.8865,58,0,Modere
ST0059,A0001,2024-07,31000,3,2024-07-01,2024,7,3,-0.4999999999999997,-0.8660254037844388,0,0,2,20000.0,20000.0,30000.0,28333.33333333333,23333.33333333333,27916.666666666668,14433.756729740637,1.0149,58,0,Modere
ST0059,A0001,2024-08,20000,2,2024-08-01,2024,8,3,-0.8660254037844385,-0.5000000000000004,0,0,3,31000.0,45000.0,30000.0,32000.0,26000.0,28000.0,12529.964086141656,1.1428,58,0,Modere
ST0059,A0001,2024-09,30000,5,2024-09-01,2024,9,3,-1.0,-1.8369701987210294e-16,0,0,3,20000.0,20000.0,45000.0,23666.666666666668,25500.0,27166.666666666668,6350.852961085874,0.8711,58,0,Modere
ST0059,A0001,2024-10,31000,7,2024-10-01,2024,10,4,-0.8660254037844386,0.5000000000000001,0,1,3,30000.0,31000.0,15000.0,27000.0,27666.666666666668,25916.666666666668,6082.762530298206,1.0418,58,0,Modere
ST0059,A0001,2024-11,30000,4,2024-11-01,2024,11,4,-0.5000000000000004,0.8660254037844384,0,1,3,31000.0,20000.0,45000.0,27000.0,29500.0,27250.0,6082.762530298206,0.9908,58,0,Modere
ST0059,A0001,2024-12,30000,4,2024-12-01,2024,12,4,-2.4492935982947064e-16,1.0,0,1,0,30000.0,30000.0,30000.0,30333.33333333333,27000.0,26000.0,577.350269189441,1.1666,58,0,Modere
ST0059,A0001,2025-01,13000,2,2025-01-01,2025,1,1,0.4999999999999999,0.8660254037844387,1,0,0,30000.0,31000.0,15000.0,30333.33333333333,28666.666666666668,26000.0,577.350269189441,1.1666,58,0,Modere
ST0059,A0001,2025-02,20000,3,2025-02-01,2025,2,1,0.8660254037844386,0.5000000000000001,1,0,0,13000.0,30000.0,23000.0,24333.33333333333,25666.666666666668,25833.33333333333,9814.954576223632,0.9419,58,0,Modere
ST0059,A0001,2025-03,20000,2,2025-03-01,2025,3,1,1.0,6.123233995736766e-17,1,0,1,20000.0,30000.0,17000.0,21000.0,25666.666666666668,25583.33333333333,8544.003745317528,0.8208,58,0,Modere
ST0059,A0001,2025-04,22000,4,2025-04-01,2025,4,2,0.8660254037844387,-0.4999999999999998,0,0,1,20000.0,13000.0,20000.0,17666.666666666668,24000.0,25833.33333333333,4041.451884327378,0.6838,58,0,Modere
ST0059,A0001,2025-05,20000,4,2025-05-01,2025,5,2,0.4999999999999999,-0.8660254037844387,0,0,2,22000.0,20000.0,45000.0,20666.666666666668,22500.0,26000.0,1154.7005383792257,0.7948,58,0,Modere
ST0059,A0001,2025-06,10000,2,2025-06-01,2025,6,2,1.2246467991473532e-16,-1.0,0,0,2,20000.0,20000.0,20000.0,20666.666666666668,20833.33333333333,23916.666666666668,1154.7005383792257,0.8641,58,0,Modere
ST0059,A0001,2025-07,10000,1,2025-07-01,2025,7,3,-0.4999999999999997,-0.8660254037844388,0,0,2,10000.0,22000.0,31000.0,17333.333333333332,17500.0,23083.33333333333,6429.100507328636,0.7509,58,0,Modere
ST0059,A0001,2025-08,10000,2,2025-08-01,2025,8,3,-0.8660254037844385,-0.5000000000000004,0,0,3,10000.0,20000.0,20000.0,13333.333333333334,17000.0,21333.33333333333,5773.502691896264,0.625,58,0,Modere
ST0059,A0001,2025-09,20000,4,2025-09-01,2025,9,3,-1.0,-1.8369701987210294e-16,0,0,3,10000.0,10000.0,30000.0,10000.0,15333.333333333334,20500.0,0.0,0.4878,58,0,Modere
ST0059,A0001,2025-10,10000,1,2025-10-01,2025,10,4,-0.8660254037844386,0.5000000000000001,0,1,3,20000.0,10000.0,31000.0,13333.333333333334,15333.333333333334,19666.666666666668,5773.502691896265,0.6779,58,0,Modere
ST0059,A0001,2025-11,10000,1,2025-11-01,2025,11,4,-0.5000000000000004,0.8660254037844384,0,1,3,10000.0,10000.0,30000.0,13333.333333333334,13333.333333333334,17916.666666666668,5773.502691896265,0.7441,58,0,Modere
ST0059,A0001,2025-12,20000,3,2025-12-01,2025,12,4,-2.4492935982947064e-16,1.0,0,1,0,10000.0,20000.0,30000.0,13333.333333333334,11666.666666666666,16250.0,5773.502691896265,0.8205,58,0,Modere
ST0059,A0002,2021-04,12000,3,2021-04-01,2021,4,2,0.8660254037844387,-0.4999999999999998,0,0,1,27000.0,29000.0,18000.0,27333.33333333333,26000.0,24083.33333333333,1527.5252316519563,1.1349,58,1,Modere
ST0059,A0002,2021-05,25000,5,2021-05-01,2021,5,2,0.4999999999999999,-0.8660254037844387,0,0,2,12000.0,26000.0,17000.0,21666.666666666668,23333.33333333333,23583.33333333333,8386.497083606086,0.9187,58,1,Modere
ST0059,A0002,2021-06,14000,4,2021-06-01,2021,6,2,1.2246467991473532e-16,-1.0,0,0,2,25000.0,27000.0,29000.0,21333.33333333333,22833.33333333333,24250.0,8144.52781524708,0.8797,58,1,Modere
ST0059,A0002,2021-07,4000,2,2021-07-01,2021,7,3,-0.4999999999999997,-0.8660254037844388,0,0,2,14000.0,12000.0,22000.0,17000.0,22166.666666666668,23000.0,7000.000000000004,0.7391,58,1,Modere
ST0059,A0002,2021-08,34000,2,2021-08-01,2021,8,3,-0.8660254037844385,-0.5000000000000004,0,0,3,4000.0,25000.0,18000.0,14333.333333333334,18000.0,21500.0,10503.967504392487,0.6666,58,1,Modere
ST0059,A0002,2021-09,25000,6,2021-09-01,2021,9,3,-1.0,-1.8369701987210294e-16,0,0,3,34000.0,14000.0,29000.0,17333.333333333332,19333.33333333333,22833.33333333333,15275.252316519469,0.7591,58,1,Modere
ST0059,A0002,2021-10,10000,2,2021-10-01,2021,10,4,-0.8660254037844386,0.5000000000000001,0,1,3,25000.0,4000.0,28000.0,21000.0,19000.0,22500.0,15394.804318340652,0.9333,58,1,Modere
ST0059,A0002,2021-11,22000,5,2021-11-01,2021,11,4,-0.5000000000000004,0.8660254037844384,0,1,3,10000.0,34000.0,28000.0,23000.0,18666.666666666668,21000.0,12124.355652982142,1.0952,58,1,Modere
ST0059,A0002,2021-12,26000,7,2021-12-01,2021,12,4,-2.4492935982947064e-16,1.0,0,1,0,22000.0,25000.0,18000.0,19000.0,18166.666666666668,20500.0,7937.253933193773,0.9268,58,1,Modere
ST0059,A0002,2022-01,22000,4,2022-01-01,2022,1,1,0.4999999999999999,0.8660254037844387,1,0,0,26000.0,10000.0,29000.0,19333.33333333333,20166.666666666668,21166.666666666668,8326.663997864533,0.9133,58,1,Modere
ST0059,A0002,2022-02,11000,3,2022-02-01,2022,2,1,0.8660254037844386,0.5000000000000001,1,0,0,22000.0,22000.0,26000.0,23333.33333333333,23166.666666666668,20583.33333333333,2309.4010767585123,1.1335,58,1,Modere
ST0059,A0002,2022-03,17000,5,2022-03-01,2022,3,1,1.0,6.123233995736766e-17,1,0,1,11000.0,26000.0,27000.0,19666.666666666668,19333.33333333333,19333.33333333333,7767.453465154032,1.0172,58,1,Modere
ST0059,A0002,2022-04,10000,1,2022-04-01,2022,4,2,0.8660254037844387,-0.4999999999999998,0,0,1,17000.0,22000.0,12000.0,16666.666666666668,18000.0,18500.0,5507.570547286107,0.9009,58,1,Modere
ST0059,A0002,2022-05,70000,7,2022-05-01,2022,5,2,0.4999999999999999,-0.8660254037844387,0,0,2,10000.0,11000.0,25000.0,12666.666666666666,18000.0,18333.33333333333,3785.938897200192,0.6909,58,1,Modere
ST0059,A0002,2022-06,29000,6,2022-06-01,2022,6,2,1.2246467991473532e-16,-1.0,0,0,2,70000.0,17000.0,14000.0,32333.33333333333,26000.0,22083.33333333333,32807.51946327752,1.4641,58,1,Modere
ST0059,A0002,2022-07,56000,6,2022-07-01,2022,7,3,-0.4999999999999997,-0.8660254037844388,0,0,2,29000.0,10000.0,4000.0,36333.333333333336,26500.0,23333.33333333333,30664.8550189518,1.5571,58,1,Modere
ST0059,A0002,2022-08,21000,4,2022-08-01,2022,8,3,-0.8660254037844385,-0.5000000000000004,0,0,3,56000.0,70000.0,34000.0,51666.66666666666,32166.666666666668,27666.666666666668,20840.66537645411,1.8674,58,1,Modere
ST0059,A0002,2022-09,13000,2,2022-09-01,2022,9,3,-1.0,-1.8369701987210294e-16,0,0,3,21000.0,29000.0,25000.0,35333.333333333336,33833.333333333336,26583.33333333333,18339.39293797189,1.3291,58,1,Modere
ST0059,A0002,2022-10,25000,3,2022-10-01,2022,10,4,-0.8660254037844386,0.5000000000000001,0,1,3,13000.0,56000.0,10000.0,30000.0,33166.666666666664,25583.33333333333,22869.19325205854,1.1726,58,1,Modere
ST0059,A0002,2022-11,28000,5,2022-11-01,2022,11,4,-0.5000000000000004,0.8660254037844384,0,1,3,25000.0,21000.0,22000.0,19666.666666666668,35666.666666666664,26833.33333333333,6110.100926607776,0.7329,58,1,Modere
ST0059,A0002,2022-12,14000,2,2022-12-01,2022,12,4,-2.4492935982947064e-16,1.0,0,1,0,28000.0,13000.0,26000.0,22000.0,28666.666666666668,27333.33333333333,7937.253933193764,0.8048,58,1,Modere
ST0059,A0002,2023-01,19000,4,2023-01-01,2023,1,1,0.4999999999999999,0.8660254037844387,1,0,0,14000.0,25000.0,22000.0,22333.33333333333,26166.666666666668,26333.33333333333,7371.114795831985,0.8481,58,1,Modere
ST0059,A0002,2023-02,9000,2,2023-02-01,2023,2,1,0.8660254037844386,0.5000000000000001,1,0,0,19000.0,28000.0,11000.0,20333.33333333333,20000.0,26083.33333333333,7094.598884597579,0.7795,58,1,Modere
ST0059,A0002,2023-03,22000,3,2023-03-01,2023,3,1,1.0,6.123233995736766e-17,1,0,1,9000.0,14000.0,17000.0,14000.0,18000.0,25916.666666666668,4999.999999999986,0.5402,58,1,Modere
ST0059,A0002,2023-04,20000,3,2023-04-01,2023,4,2,0.8660254037844387,-0.4999999999999998,0,0,1,22000.0,19000.0,10000.0,16666.666666666668,19500.0,26333.33333333333,6806.859285554036,0.6329,58,1,Modere
ST0059,A0002,2023-05,22000,2,2023-05-01,2023,5,2,0.4999999999999999,-0.8660254037844387,0,0,2,20000.0,9000.0,70000.0,17000.0,18666.666666666668,27166.666666666668,6999.99999999999,0.6257,58,1,Modere
ST0059,A0002,2023-06,15000,4,2023-06-01,2023,6,2,1.2246467991473532e-16,-1.0,0,0,2,22000.0,22000.0,29000.0,21333.33333333333,17666.666666666668,23166.666666666668,1154.7005383791936,0.9208,58,1,Modere
ST0059,A0002,2023-07,15000,1,2023-07-01,2023,7,3,-0.4999999999999997,-0.8660254037844388,0,0,2,15000.0,20000.0,56000.0,19000.0,17833.333333333332,22000.0,3605.551275463971,0.8636,58,1,Modere
ST0059,A0002,2023-08,30000,2,2023-08-01,2023,8,3,-0.8660254037844385,-0.5000000000000004,0,0,3,15000.0,22000.0,21000.0,17333.333333333332,17166.666666666668,18583.33333333333,4041.451884327364,0.9327,58,1,Modere
ST0059,A0002,2023-09,15000,1,2023-09-01,2023,9,3,-1.0,-1.8369701987210294e-16,0,0,3,30000.0,15000.0,13000.0,20000.0,20666.666666666668,19333.33333333333,8660.25403784438,1.0344,58,1,Modere
ST0059,A0002,2023-10,32000,2,2023-10-01,2023,10,4,-0.8660254037844386,0.5000000000000001,0,1,3,15000.0,15000.0,25000.0,20000.0,19500.0,19500.0,8660.25403784438,1.0256,58,1,Modere
ST0059,A0002,2023-11,15000,1,2023-11-01,2023,11,4,-0.5000000000000004,0.8660254037844384,0,1,3,32000.0,30000.0,28000.0,25666.666666666668,21500.0,20083.33333333333,9291.57324317756,1.2779,58,1,Modere
ST0059,A0002,2023-12,15000,2,2023-12-01,2023,12,4,-2.4492935982947064e-16,1.0,0,1,0,15000.0,15000.0,14000.0,20666.666666666668,20333.33333333333,19000.0,9814.954576223632,1.0877,58,1,Modere
ST0059,A0002,2024-01,30000,3,2024-01-01,2024,1,1,0.4999999999999999,0.8660254037844387,1,0,0,15000.0,32000.0,19000.0,20666.666666666668,20333.33333333333,19083.33333333333,9814.954576223632,1.0829,58,1,Modere
ST0059,A0002,2024-02,15000,2,2024-02-01,2024,2,1,0.8660254037844386,0.5000000000000001,1,0,0,30000.0,15000.0,9000.0,20000.0,22833.33333333333,20000.0,8660.25403784438,1.0,58,1,Modere
ST0059,A0002,2024-03,15000,2,2024-03-01,2024,3,1,1.0,6.123233995736766e-17,1,0,1,15000.0,15000.0,22000.0,20000.0,20333.33333333333,20500.0,8660.25403784438,0.9756,58,1,Modere
ST0059,A0002,2024-04,30000,3,2024-04-01,2024,4,2,0.8660254037844387,-0.4999999999999998,0,0,1,15000.0,30000.0,20000.0,20000.0,20333.33333333333,19916.666666666668,8660.25403784438,1.0041,58,1,Modere
ST0059,A0002,2024-05,20000,2,2024-05-01,2024,5,2,0.4999999999999999,-0.8660254037844387,0,0,2,30000.0,15000.0,22000.0,20000.0,20000.0,20750.0,8660.25403784438,0.9638,58,1,Modere
ST0059,A0002,2024-06,20000,2,2024-06-01,2024,6,2,1.2246467991473532e-16,-1.0,0,0,2,20000.0,15000.0,15000.0,21666.666666666668,20833.33333333333,20583.33333333333,7637.626158259724,1.0526,58,1,Modere
ST0059,A0002,2024-07,20000,3,2024-07-01,2024,7,3,-0.4999999999999997,-0.8660254037844388,0,0,2,20000.0,30000.0,15000.0,23333.33333333333,21666.666666666668,21000.0,5773.502691896246,1.1111,58,1,Modere
ST0059,A0002,2024-08,20000,2,2024-08-01,2024,8,3,-0.8660254037844385,-0.5000000000000004,0,0,3,20000.0,20000.0,30000.0,20000.0,20000.0,21416.666666666668,0.0,0.9338,58,1,Modere
ST0059,A0002,2024-09,10000,1,2024-09-01,2024,9,3,-1.0,-1.8369701987210294e-16,0,0,3,20000.0,20000.0,15000.0,20000.0,20833.33333333333,20583.33333333333,0.0,0.9716,58,1,Modere
ST0059,A0002,2024-10,30000,3,2024-10-01,2024,10,4,-0.8660254037844386,0.5000000000000001,0,1,3,10000.0,20000.0,32000.0,16666.666666666668,20000.0,20166.666666666668,5773.502691896246,0.8264,58,1,Modere
ST0059,A0002,2024-11,10000,1,2024-11-01,2024,11,4,-0.5000000000000004,0.8660254037844384,0,1,3,30000.0,20000.0,15000.0,20000.0,20000.0,20000.0,9999.999999999993,1.0,58,1,Modere
ST0059,A0002,2024-12,20000,2,2024-12-01,2024,12,4,-2.4492935982947064e-16,1.0,0,1,0,10000.0,10000.0,15000.0,16666.666666666668,18333.33333333333,19583.33333333333,11547.00538379251,0.851,58,1,Modere
ST0059,A0002,2025-01,10000,1,2025-01-01,2025,1,1,0.4999999999999999,0.8660254037844387,1,0,0,20000.0,30000.0,30000.0,20000.0,18333.33333333333,20000.0,9999.999999999993,1.0,58,1,Modere
ST0059,A0002,2025-02,20000,3,2025-02-01,2025,2,1,0.8660254037844386,0.5000000000000001,1,0,0,10000.0,10000.0,15000.0,13333.333333333334,16666.666666666668,18333.33333333333,5773.502691896245,0.7272,58,1,Modere
ST0059,A0002,2025-03,10000,1,2025-03-01,2025,3,1,1.0,6.123233995736766e-17,1,0,1,20000.0,20000.0,15000.0,16666.666666666668,16666.666666666668,18750.0,5773.502691896244,0.8888,58,1,Modere
ST0059,A0002,2025-04,20000,3,2025-04-01,2025,4,2,0.8660254037844387,-0.4999999999999998,0,0,1,10000.0,10000.0,30000.0,13333.333333333334,16666.666666666668,18333.33333333333,5773.502691896245,0.7272,58,1,Modere
ST0059,A0002,2025-05,10000,2,2025-05-01,2025,5,2,0.4999999999999999,-0.8660254037844387,0,0,2,20000.0,20000.0,20000.0,16666.666666666668,15000.0,17500.0,5773.502691896244,0.9523,58,1,Modere
ST0059,A0002,2025-06,10000,1,2025-06-01,2025,6,2,1.2246467991473532e-16,-1.0,0,0,2,10000.0,10000.0,20000.0,13333.333333333334,15000.0,16666.666666666668,5773.502691896245,0.8,58,1,Modere
ST0059,A0002,2025-07,10000,2,2025-07-01,2025,7,3,-0.4999999999999997,-0.8660254037844388,0,0,2,10000.0,20000.0,20000.0,13333.333333333334,13333.333333333334,15833.333333333334,5773.502691896245,0.8421,58,1,Modere
ST0059,A0002,2025-08,20000,2,2025-08-01,2025,8,3,-0.8660254037844385,-0.5000000000000004,0,0,3,10000.0,10000.0,20000.0,10000.0,13333.333333333334,15000.0,0.0,0.6666,58,1,Modere
ST0059,A0002,2025-09,10000,1,2025-09-01,2025,9,3,-1.0,-1.8369701987210294e-16,0,0,3,20000.0,10000.0,10000.0,13333.333333333334,13333.333333333334,15000.0,5773.502691896245,0.8888,58,1,Modere
ST0059,A0002,2025-10,10000,1,2025-10-01,2025,10,4,-0.8660254037844386,0.5000000000000001,0,1,3,10000.0,10000.0,30000.0,13333.333333333334,13333.333333333334,15000.0,5773.502691896245,0.8888,58,1,Modere
ST0059,A0002,2025-11,20000,2,2025-11-01,2025,11,4,-0.5000000000000004,0.8660254037844384,0,1,3,10000.0,20000.0,10000.0,13333.333333333334,11666.666666666666,13333.333333333334,5773.502691896245,0.9999,58,1,Modere
ST0059,A0002,2025-12,10000,1,2025-12-01,2025,12,4,-2.4492935982947064e-16,1.0,0,1,0,20000.0,10000.0,20000.0,13333.333333333334,13333.333333333334,14166.666666666666,5773.502691896245,0.9411,58,1,Modere
ST0060,A0002,2024-09,35000,1,2024-09-01,2024,9,3,-1.0,-1.8369701987210294e-16,0,0,3,37000.0,70000.0,40000.0,47333.333333333336,63333.333333333336,66083.33333333333,19655.36398374073,0.7163,59,1,Modere
ST0060,A0002,2024-10,30000,1,2024-10-01,2024,10,4,-0.8660254037844386,0.5000000000000001,0,1,3,35000.0,35000.0,40000.0,35666.666666666664,57666.66666666666,65666.66666666667,1154.700538378864,0.5431,59,1,Modere
ST0060,A0002,2024-11,35000,1,2024-11-01,2024,11,4,-0.5000000000000004,0.8660254037844384,0,1,3,30000.0,37000.0,65000.0,34000.0,51500.0,64833.333333333336,3605.551275463865,0.5244,59,1,Modere
ST0060,A0002,2024-12,70000,2,2024-12-01,2024,12,4,-2.4492935982947064e-16,1.0,0,1,0,35000.0,35000.0,110000.0,33333.333333333336,40333.333333333336,62333.333333333336,2886.7513459479733,0.5348,59,1,Modere
ST0060,A0002,2025-01,32000,1,2025-01-01,2025,1,1,0.4999999999999999,0.8660254037844387,1,0,0,70000.0,30000.0,120000.0,45000.0,40333.333333333336,59000.0,21794.494717703343,0.7627,59,1,Modere
ST0060,A0002,2025-02,32000,1,2025-02-01,2025,2,1,0.8660254037844386,0.5000000000000001,1,0,0,32000.0,35000.0,38000.0,45666.66666666666,39833.333333333336,51666.66666666666,21126.60250332108,0.8839,59,1,Modere
ST0060,A0002,2025-03,34000,1,2025-03-01,2025,3,1,1.0,6.123233995736766e-17,1,0,1,32000.0,70000.0,69000.0,44666.66666666666,39000.0,51166.66666666666,21939.31022920576,0.8729,59,1,Modere
ST0060,A0002,2025-04,10000,1,2025-04-01,2025,4,2,0.8660254037844387,-0.4999999999999998,0,0,1,34000.0,32000.0,67000.0,32666.666666666668,38833.333333333336,48250.0,1154.7005383788407,0.677,59,1,Modere
ST0060,A0002,2025-05,22000,1,2025-05-01,2025,5,2,0.4999999999999999,-0.8660254037844387,0,0,2,10000.0,32000.0,102000.0,25333.33333333333,35500.0,43500.0,13316.65623695875,0.5824,59,1,Modere
ST0060,A0002,2025-06,30000,1,2025-06-01,2025,6,2,1.2246467991473532e-16,-1.0,0,0,2,22000.0,34000.0,70000.0,22000.0,33333.333333333336,36833.333333333336,11999.999999999958,0.5973,59,1,Modere
ST0060,A0002,2025-07,30000,1,2025-07-01,2025,7,3,-0.4999999999999997,-0.8660254037844388,0,0,2,30000.0,10000.0,35000.0,20666.666666666668,26666.666666666668,33500.0,10066.445913694284,0.6169,59,1,Modere
ST0060,A0002,2025-09,30000,1,2025-09-01,2025,9,3,-1.0,-1.8369701987210294e-16,0,0,3,30000.0,22000.0,37000.0,27333.33333333333,26333.33333333333,33083.333333333336,4618.802153516898,0.8262,59,1,Modere
ST0060,A0002,2025-11,30000,1,2025-11-01,2025,11,4,-0.5000000000000004,0.8660254037844384,0,1,3,30000.0,30000.0,35000.0,30000.0,26000.0,32500.0,0.0,0.923,59,1,Modere
ST0062,A0001,2023-10,45000,3,2023-10-01,2023,10,4,-0.8660254037844386,0.5000000000000001,0,1,3,45000.0,65000.0,10000.0,56666.66666666666,42166.66666666666,27666.666666666668,10408.329997330662,2.0481,61,0,Modere
ST0062,A0001,2023-11,30000,2,2023-11-01,2023,11,4,-0.5000000000000004,0.8660254037844384,0,1,3,45000.0,60000.0,12000.0,50000.0,48000.0,30583.33333333333,8660.254037844385,1.6348,61,0,Modere
ST0062,A0001,2023-12,30000,3,2023-12-01,2023,12,4,-2.4492935982947064e-16,1.0,0,1,0,30000.0,45000.0,25000.0,40000.0,50000.0,32083.33333333333,8660.254037844385,1.2467,61,0,Modere
ST0062,A0001,2024-01,30000,2,2024-01-01,2024,1,1,0.4999999999999999,0.8660254037844387,1,0,0,30000.0,45000.0,7000.0,35000.0,45833.333333333336,32500.0,8660.254037844385,1.0769,61,0,Modere
ST0062,A0001,2024-02,15000,2,2024-02-01,2024,2,1,0.8660254037844386,0.5000000000000001,1,0,0,30000.0,30000.0,10000.0,30000.0,40000.0,34416.666666666664,0.0,0.8716,61,0,Modere
ST0062,A0001,2024-03,15000,1,2024-03-01,2024,3,1,1.0,6.123233995736766e-17,1,0,1,15000.0,30000.0,15000.0,25000.0,32500.0,34833.333333333336,8660.254037844385,0.7177,61,0,Modere
ST0062,A0001,2024-04,30000,2,2024-04-01,2024,4,2,0.8660254037844387,-0.4999999999999998,0,0,1,15000.0,30000.0,10000.0,20000.0,27500.0,34833.333333333336,8660.254037844385,0.5741,61,0,Modere
ST0062,A0001,2024-05,45000,4,2024-05-01,2024,5,2,0.4999999999999999,-0.8660254037844387,0,0,2,30000.0,15000.0,18000.0,20000.0,25000.0,36500.0,8660.254037844385,0.5479,61,0,Modere
ST0062,A0001,2024-06,30000,2,2024-06-01,2024,6,2,1.2246467991473532e-16,-1.0,0,0,2,45000.0,15000.0,55000.0,30000.0,27500.0,38750.0,14999.999999999998,0.7742,61,0,Modere
ST0062,A0001,2024-07,30000,2,2024-07-01,2024,7,3,-0.4999999999999997,-0.8660254037844388,0,0,2,30000.0,30000.0,65000.0,35000.0,27500.0,36666.66666666666,8660.254037844385,0.9545,61,0,Modere
ST0062,A0001,2024-08,15000,1,2024-08-01,2024,8,3,-0.8660254037844385,-0.5000000000000004,0,0,3,30000.0,45000.0,60000.0,35000.0,27500.0,33750.0,8660.254037844385,1.037,61,0,Modere
ST0062,A0001,2024-09,15000,1,2024-09-01,2024,9,3,-1.0,-1.8369701987210294e-16,0,0,3,15000.0,30000.0,45000.0,25000.0,27500.0,30000.0,8660.254037844385,0.8333,61,0,Modere
ST0062,A0001,2024-10,30000,2,2024-10-01,2024,10,4,-0.8660254037844386,0.5000000000000001,0,1,3,15000.0,30000.0,45000.0,20000.0,27500.0,27500.0,8660.254037844385,0.7272,61,0,Modere
ST0062,A0001,2024-11,15000,2,2024-11-01,2024,11,4,-0.5000000000000004,0.8660254037844384,0,1,3,30000.0,15000.0,30000.0,20000.0,27500.0,26250.0,8660.254037844385,0.7619,61,0,Modere
ST0062,A0001,2024-12,20000,3,2024-12-01,2024,12,4,-2.4492935982947064e-16,1.0,0,1,0,15000.0,15000.0,30000.0,20000.0,22500.0,25000.0,8660.254037844385,0.8,61,0,Modere
ST0062,A0001,2025-01,20000,5,2025-01-01,2025,1,1,0.4999999999999999,0.8660254037844387,1,0,0,20000.0,30000.0,30000.0,21666.666666666668,20833.33333333333,24166.666666666668,7637.626158259732,0.8965,61,0,Modere
ST0062,A0001,2025-02,14000,2,2025-02-01,2025,2,1,0.8660254037844386,0.5000000000000001,1,0,0,20000.0,15000.0,15000.0,18333.33333333333,19166.666666666668,23333.33333333333,2886.751345948125,0.7857,61,0,Modere
ST0062,A0001,2025-03,15000,2,2025-03-01,2025,3,1,1.0,6.123233995736766e-17,1,0,1,14000.0,20000.0,15000.0,18000.0,19000.0,23250.0,3464.101615137752,0.7742,61,0,Modere
ST0062,A0001,2025-04,10000,1,2025-04-01,2025,4,2,0.8660254037844387,-0.4999999999999998,0,0,1,15000.0,20000.0,30000.0,16333.333333333334,19000.0,23250.0,3214.550253664316,0.7025,61,0,Modere
ST0062,A0001,2025-05,10000,1,2025-05-01,2025,5,2,0.4999999999999999,-0.8660254037844387,0,0,2,10000.0,14000.0,45000.0,13000.0,15666.666666666666,21583.33333333333,2645.7513110645878,0.6023,61,0,Modere
ST0062,A0001,2025-06,10000,2,2025-06-01,2025,6,2,1.2246467991473532e-16,-1.0,0,0,2,10000.0,15000.0,30000.0,11666.666666666666,14833.333333333334,18666.666666666668,2886.7513459481256,0.625,61,0,Modere
ST0062,A0001,2025-07,10000,2,2025-07-01,2025,7,3,-0.4999999999999997,-0.8660254037844388,0,0,2,10000.0,10000.0,30000.0,10000.0,13166.666666666666,17000.0,0.0,0.5882,61,0,Modere
ST0062,A0001,2025-08,15000,3,2025-08-01,2025,8,3,-0.8660254037844385,-0.5000000000000004,0,0,3,10000.0,10000.0,15000.0,10000.0,11500.0,15333.333333333334,0.0,0.6521,61,0,Modere
ST0062,A0001,2025-09,14000,2,2025-09-01,2025,9,3,-1.0,-1.8369701987210294e-16,0,0,3,15000.0,10000.0,15000.0,11666.666666666666,11666.666666666666,15333.333333333334,2886.7513459481256,0.7608,61,0,Modere
ST0062,A0001,2025-10,15000,3,2025-10-01,2025,10,4,-0.8660254037844386,0.5000000000000001,0,1,3,14000.0,10000.0,30000.0,13000.0,11500.0,15250.0,2645.7513110645878,0.8524,61,0,Modere
ST0062,A0001,2025-11,10000,2,2025-11-01,2025,11,4,-0.5000000000000004,0.8660254037844384,0,1,3,15000.0,15000.0,15000.0,14666.666666666666,12333.333333333334,14000.0,577.3502691896114,1.0475,61,0,Modere
ST0062,A0001,2025-12,20000,4,2025-12-01,2025,12,4,-2.4492935982947064e-16,1.0,0,1,0,10000.0,14000.0,20000.0,13000.0,12333.333333333334,13583.333333333334,2645.7513110645878,0.957,61,0,Modere
ST0068,A0002,2022-02,35000,3,2022-02-01,2022,2,1,0.8660254037844386,0.5000000000000001,1,0,0,30000.0,20000.0,18000.0,26666.666666666668,23166.666666666668,18833.33333333333,5773.502691896261,1.4159,67,1,Modere
ST0068,A0002,2022-03,45000,5,2022-03-01,2022,3,1,1.0,6.123233995736766e-17,1,0,1,35000.0,30000.0,5000.0,31666.666666666668,22500.0,20250.0,2886.7513459481343,1.5637,67,1,Modere
ST0068,A0002,2022-04,40000,2,2022-04-01,2022,4,2,0.8660254037844387,-0.4999999999999998,0,0,1,45000.0,30000.0,20000.0,36666.66666666666,28333.33333333333,23583.33333333333,7637.626158259736,1.5547,67,1,Modere
ST0068,A0002,2022-05,90000,4,2022-05-01,2022,5,2,0.4999999999999999,-0.8660254037844387,0,0,2,40000.0,35000.0,15000.0,40000.0,33333.333333333336,25250.0,5000.000000000006,1.5841,67,1,Modere
ST0068,A0002,2022-06,10000,2,2022-06-01,2022,6,2,1.2246467991473532e-16,-1.0,0,0,2,90000.0,45000.0,17000.0,58333.333333333336,45000.0,31500.0,27537.85273643051,1.8518,67,1,Modere
ST0068,A0002,2022-07,41000,3,2022-07-01,2022,7,3,-0.4999999999999997,-0.8660254037844388,0,0,2,10000.0,40000.0,12000.0,46666.66666666666,41666.66666666666,30916.666666666668,40414.51884327381,1.5094,67,1,Modere
ST0068,A0002,2022-08,40000,3,2022-08-01,2022,8,3,-0.8660254037844385,-0.5000000000000004,0,0,3,41000.0,90000.0,39000.0,47000.0,43500.0,33333.333333333336,40336.088060197406,1.41,67,1,Modere
ST0068,A0002,2022-09,28000,2,2022-09-01,2022,9,3,-1.0,-1.8369701987210294e-16,0,0,3,40000.0,10000.0,10000.0,30333.33333333333,44333.333333333336,33416.666666666664,17616.280348965094,0.9077,67,1,Modere
ST0068,A0002,2022-10,30000,3,2022-10-01,2022,10,4,-0.8660254037844386,0.5000000000000001,0,1,3,28000.0,41000.0,10000.0,36333.333333333336,41500.0,34916.666666666664,7234.178138070255,1.0405,67,1,Modere
ST0068,A0002,2022-11,31000,3,2022-11-01,2022,11,4,-0.5000000000000004,0.8660254037844384,0,1,3,30000.0,40000.0,20000.0,32666.666666666668,39833.333333333336,36583.333333333336,6429.10050732866,0.8929,67,1,Modere
ST0068,A0002,2022-12,34000,5,2022-12-01,2022,12,4,-2.4492935982947064e-16,1.0,0,1,0,31000.0,28000.0,30000.0,29666.666666666668,30000.0,37500.0,1527.5252316520462,0.7911,67,1,Modere
ST0068,A0002,2023-01,25000,2,2023-01-01,2023,1,1,0.4999999999999999,0.8660254037844387,1,0,0,34000.0,30000.0,30000.0,31666.666666666668,34000.0,37833.333333333336,2081.665999466205,0.837,67,1,Modere
ST0068,A0002,2023-02,24000,3,2023-02-01,2023,2,1,0.8660254037844386,0.5000000000000001,1,0,0,25000.0,31000.0,35000.0,30000.0,31333.33333333333,37416.66666666666,4582.575694955873,0.8018,67,1,Modere
ST0068,A0002,2023-03,29000,3,2023-03-01,2023,3,1,1.0,6.123233995736766e-17,1,0,1,24000.0,34000.0,45000.0,27666.666666666668,28666.666666666668,36500.0,5507.570547286129,0.758,67,1,Modere
ST0068,A0002,2023-04,33000,3,2023-04-01,2023,4,2,0.8660254037844387,-0.4999999999999998,0,0,1,29000.0,25000.0,40000.0,26000.0,28833.33333333333,35166.666666666664,2645.751311064648,0.7393,67,1,Modere
ST0068,A0002,2023-05,27000,3,2023-05-01,2023,5,2,0.4999999999999999,-0.8660254037844387,0,0,2,33000.0,24000.0,90000.0,28666.666666666668,29333.33333333333,34583.333333333336,4509.249752822928,0.8289,67,1,Modere
ST0068,A0002,2023-06,37000,5,2023-06-01,2023,6,2,1.2246467991473532e-16,-1.0,0,0,2,27000.0,29000.0,10000.0,29666.666666666668,28666.666666666668,29333.33333333333,3055.0504633039423,1.0113,67,1,Modere
ST0068,A0002,2023-07,30000,2,2023-07-01,2023,7,3,-0.4999999999999997,-0.8660254037844388,0,0,2,37000.0,33000.0,41000.0,32333.33333333333,29166.666666666668,31583.33333333333,5033.222956847197,1.0237,67,1,Modere
ST0068,A0002,2023-08,30000,2,2023-08-01,2023,8,3,-0.8660254037844385,-0.5000000000000004,0,0,3,30000.0,27000.0,40000.0,31333.33333333333,30000.0,30666.666666666668,5131.601439446913,1.0217,67,1,Modere
ST0068,A0002,2023-09,30000,3,2023-09-01,2023,9,3,-1.0,-1.8369701987210294e-16,0,0,3,30000.0,37000.0,28000.0,32333.33333333333,31000.0,29833.33333333333,4041.451884327417,1.0838,67,1,Modere
ST0068,A0002,2023-10,45000,3,2023-10-01,2023,10,4,-0.8660254037844386,0.5000000000000001,0,1,3,30000.0,30000.0,30000.0,30000.0,31166.666666666668,30000.0,0.0,1.0,67,1,Modere
ST0068,A0002,2023-11,30000,3,2023-11-01,2023,11,4,-0.5000000000000004,0.8660254037844384,0,1,3,45000.0,30000.0,31000.0,35000.0,33166.666666666664,31250.0,8660.254037844403,1.12,67,1,Modere
ST0068,A0002,2023-12,30000,3,2023-12-01,2023,12,4,-2.4492935982947064e-16,1.0,0,1,0,30000.0,30000.0,34000.0,35000.0,33666.666666666664,31166.666666666668,8660.254037844403,1.123,67,1,Modere
ST0068,A0002,2024-01,15000,1,2024-01-01,2024,1,1,0.4999999999999999,0.8660254037844387,1,0,0,30000.0,45000.0,25000.0,35000.0,32500.0,30833.33333333333,8660.254037844403,1.1351,67,1,Modere
ST0068,A0002,2024-02,53000,4,2024-02-01,2024,2,1,0.8660254037844386,0.5000000000000001,1,0,0,15000.0,30000.0,24000.0,25000.0,30000.0,30000.0,8660.254037844403,0.8333,67,1,Modere
ST0068,A0002,2024-03,15000,1,2024-03-01,2024,3,1,1.0,6.123233995736766e-17,1,0,1,53000.0,30000.0,29000.0,32666.666666666668,33833.333333333336,32416.666666666668,19139.836293274133,1.0077,67,1,Modere
ST0068,A0002,2024-04,30000,2,2024-04-01,2024,4,2,0.8660254037844387,-0.4999999999999998,0,0,1,15000.0,15000.0,33000.0,27666.666666666668,31333.33333333333,31250.0,21939.31022920579,0.8853,67,1,Modere
ST0068,A0002,2024-05,15000,1,2024-05-01,2024,5,2,0.4999999999999999,-0.8660254037844387,0,0,2,30000.0,53000.0,27000.0,32666.666666666668,28833.33333333333,31000.0,19139.836293274133,1.0537,67,1,Modere
ST0068,A0002,2024-06,15000,1,2024-06-01,2024,6,2,1.2246467991473532e-16,-1.0,0,0,2,15000.0,15000.0,37000.0,20000.0,26333.33333333333,30000.0,8660.254037844406,0.6666,67,1,Modere
ST0068,A0002,2024-07,45000,4,2024-07-01,2024,7,3,-0.4999999999999997,-0.8660254037844388,0,0,2,15000.0,30000.0,30000.0,20000.0,23833.33333333333,28166.666666666668,8660.254037844406,0.71,67,1,Modere
ST0068,A0002,2024-08,30000,2,2024-08-01,2024,8,3,-0.8660254037844385,-0.5000000000000004,0,0,3,45000.0,15000.0,30000.0,25000.0,28833.33333333333,29416.666666666668,17320.508075688784,0.8498,67,1,Modere
ST0068,A0002,2024-09,33000,2,2024-09-01,2024,9,3,-1.0,-1.8369701987210294e-16,0,0,3,30000.0,15000.0,30000.0,30000.0,25000.0,29416.666666666668,15000.000000000013,1.0198,67,1,Modere
ST0068,A0002,2024-10,15000,2,2024-10-01,2024,10,4,-0.8660254037844386,0.5000000000000001,0,1,3,33000.0,45000.0,45000.0,36000.0,28000.0,29666.666666666668,7937.253933193794,1.2134,67,1,Modere
ST0068,A0002,2024-11,15000,1,2024-11-01,2024,11,4,-0.5000000000000004,0.8660254037844384,0,1,3,15000.0,30000.0,30000.0,26000.0,25500.0,27166.666666666668,9643.650760992974,0.957,67,1,Modere
ST0068,A0002,2024-12,30000,3,2024-12-01,2024,12,4,-2.4492935982947064e-16,1.0,0,1,0,15000.0,33000.0,30000.0,21000.0,25500.0,25916.666666666668,10392.30484541328,0.8103,67,1,Modere
ST0068,A0002,2025-01,15000,1,2025-01-01,2025,1,1,0.4999999999999999,0.8660254037844387,1,0,0,30000.0,15000.0,15000.0,20000.0,28000.0,25916.666666666668,8660.254037844406,0.7717,67,1,Modere
ST0068,A0002,2025-02,15000,1,2025-02-01,2025,2,1,0.8660254037844386,0.5000000000000001,1,0,0,15000.0,15000.0,53000.0,20000.0,23000.0,25916.666666666668,8660.254037844406,0.7717,67,1,Modere
ST0068,A0002,2025-03,30000,3,2025-03-01,2025,3,1,1.0,6.123233995736766e-17,1,0,1,15000.0,30000.0,15000.0,20000.0,20500.0,22750.0,8660.254037844406,0.8791,67,1,Modere
ST0068,A0002,2025-04,48000,3,2025-04-01,2025,4,2,0.8660254037844387,-0.4999999999999998,0,0,1,30000.0,15000.0,30000.0,20000.0,20000.0,24000.0,8660.254037844406,0.8333,67,1,Modere
ST0068,A0002,2025-05,48000,4,2025-05-01,2025,5,2,0.4999999999999999,-0.8660254037844387,0,0,2,48000.0,15000.0,15000.0,31000.0,25500.0,25500.0,16522.711641858317,1.2156,67,1,Modere
ST0068,A0002,2025-06,18000,2,2025-06-01,2025,6,2,1.2246467991473532e-16,-1.0,0,0,2,48000.0,30000.0,15000.0,42000.0,31000.0,28250.0,10392.30484541328,1.4867,67,1,Modere
ST0068,A0002,2025-07,48000,3,2025-07-01,2025,7,3,-0.4999999999999997,-0.8660254037844388,0,0,2,18000.0,48000.0,45000.0,38000.0,29000.0,28500.0,17320.508075688784,1.3333,67,1,Modere
ST0068,A0002,2025-08,18000,1,2025-08-01,2025,8,3,-0.8660254037844385,-0.5000000000000004,0,0,3,48000.0,48000.0,30000.0,38000.0,34500.0,28750.0,17320.508075688784,1.3217,67,1,Modere
ST0068,A0002,2025-09,33000,4,2025-09-01,2025,9,3,-1.0,-1.8369701987210294e-16,0,0,3,18000.0,18000.0,33000.0,28000.0,35000.0,27750.0,17320.508075688784,1.009,67,1,Modere
ST0068,A0002,2025-10,42000,4,2025-10-01,2025,10,4,-0.8660254037844386,0.5000000000000001,0,1,3,33000.0,48000.0,15000.0,33000.0,35500.0,27750.0,15000.000000000013,1.1891,67,1,Modere
ST0068,A0002,2025-11,18000,2,2025-11-01,2025,11,4,-0.5000000000000004,0.8660254037844384,0,1,3,42000.0,18000.0,15000.0,31000.0,34500.0,30000.0,12124.355652982156,1.0333,67,1,Modere
ST0068,A0002,2025-12,30000,2,2025-12-01,2025,12,4,-2.4492935982947064e-16,1.0,0,1,0,18000.0,33000.0,30000.0,31000.0,29500.0,30250.0,12124.355652982156,1.0248,67,1,Modere
ST0069,A0002,2024-08,24000,4,2024-08-01,2024,8,3,-0.8660254037844385,-0.5000000000000004,0,0,3,24000.0,32000.0,24000.0,24000.0,22666.666666666668,28666.666666666668,7999.999999999994,0.8372,68,1,Modere
ST0069,A0002,2024-09,24000,3,2024-09-01,2024,9,3,-1.0,-1.8369701987210294e-16,0,0,3,24000.0,16000.0,40000.0,21333.33333333333,24000.0,28666.666666666668,4618.802153516996,0.7442,68,1,Modere
ST0069,A0002,2024-10,32000,4,2024-10-01,2024,10,4,-0.8660254037844386,0.5000000000000001,0,1,3,24000.0,24000.0,56000.0,24000.0,25333.33333333333,27333.33333333333,0.0,0.878,68,1,Modere
ST0069,A0002,2024-11,16000,2,2024-11-01,2024,11,4,-0.5000000000000004,0.8660254037844384,0,1,3,32000.0,24000.0,48000.0,26666.666666666668,25333.33333333333,25333.33333333333,4618.802153516996,1.0526,68,1,Modere
ST0069,A0002,2024-12,24000,3,2024-12-01,2024,12,4,-2.4492935982947064e-16,1.0,0,1,0,16000.0,24000.0,16000.0,24000.0,22666.666666666668,22666.666666666668,7999.999999999994,1.0588,68,1,Modere
ST0069,A0002,2025-01,16000,2,2025-01-01,2025,1,1,0.4999999999999999,0.8660254037844387,1,0,0,24000.0,32000.0,24000.0,24000.0,24000.0,23333.33333333333,7999.999999999994,1.0285,68,1,Modere
ST0069,A0002,2025-02,16000,4,2025-02-01,2025,2,1,0.8660254037844386,0.5000000000000001,1,0,0,16000.0,16000.0,16000.0,18666.666666666668,22666.666666666668,22666.666666666668,4618.802153516996,0.8235,68,1,Modere
ST0069,A0002,2025-03,8000,1,2025-03-01,2025,3,1,1.0,6.123233995736766e-17,1,0,1,16000.0,24000.0,16000.0,18666.666666666668,21333.33333333333,22666.666666666668,4618.802153516996,0.8235,68,1,Modere
ST0069,A0002,2025-04,13000,3,2025-04-01,2025,4,2,0.8660254037844387,-0.4999999999999998,0,0,1,8000.0,16000.0,32000.0,13333.333333333334,18666.666666666668,22000.0,4618.802153516998,0.606,68,1,Modere
ST0069,A0002,2025-05,10000,2,2025-05-01,2025,5,2,0.4999999999999999,-0.8660254037844387,0,0,2,13000.0,16000.0,32000.0,12333.333333333334,15500.0,20416.666666666668,4041.4518843273713,0.6041,68,1,Modere
ST0069,A0002,2025-06,10000,2,2025-06-01,2025,6,2,1.2246467991473532e-16,-1.0,0,0,2,10000.0,8000.0,16000.0,10333.333333333334,14500.0,18583.33333333333,2516.611478423569,0.556,68,1,Modere
ST0069,A0002,2025-07,10000,2,2025-07-01,2025,7,3,-0.4999999999999997,-0.8660254037844388,0,0,2,10000.0,13000.0,24000.0,11000.0,12166.666666666666,18083.33333333333,1732.0508075688567,0.6083,68,1,Modere
ST0069,A0002,2025-08,15000,3,2025-08-01,2025,8,3,-0.8660254037844385,-0.5000000000000004,0,0,3,10000.0,10000.0,24000.0,10000.0,11166.666666666666,16916.666666666668,0.0,0.5911,68,1,Modere
ST0069,A0002,2025-09,5000,1,2025-09-01,2025,9,3,-1.0,-1.8369701987210294e-16,0,0,3,15000.0,10000.0,24000.0,11666.666666666666,11000.0,16166.666666666666,2886.7513459481165,0.7216,68,1,Modere
ST0069,A0002,2025-10,20000,4,2025-10-01,2025,10,4,-0.8660254037844386,0.5000000000000001,0,1,3,5000.0,10000.0,32000.0,10000.0,10500.0,14583.333333333334,4999.999999999994,0.6857,68,1,Modere
ST0069,A0002,2025-11,9000,2,2025-11-01,2025,11,4,-0.5000000000000004,0.8660254037844384,0,1,3,20000.0,15000.0,16000.0,13333.333333333334,11666.666666666666,13583.333333333334,7637.626158259729,0.9815,68,1,Modere
ST0069,A0002,2025-12,16000,5,2025-12-01,2025,12,4,-2.4492935982947064e-16,1.0,0,1,0,9000.0,5000.0,24000.0,11333.333333333334,11500.0,13000.0,7767.453465154025,0.8717,68,1,Modere
ST0073,A0002,2022-06,44000,7,2022-06-01,2022,6,2,1.2246467991473532e-16,-1.0,0,0,2,37000.0,21000.0,15000.0,22666.666666666668,27500.0,29666.666666666668,13576.941236277526,0.764,72,1,Modere
ST0073,A0002,2022-07,32000,6,2022-07-01,2022,7,3,-0.4999999999999997,-0.8660254037844388,0,0,2,44000.0,10000.0,15000.0,30333.33333333333,30000.0,32083.33333333333,17953.6440126603,0.9454,72,1,Modere
ST0073,A0002,2022-08,11000,2,2022-08-01,2022,8,3,-0.8660254037844385,-0.5000000000000004,0,0,3,32000.0,37000.0,60000.0,37666.66666666666,29833.33333333333,33500.0,6027.713773341693,1.1243,72,1,Modere
ST0073,A0002,2022-12,29000,3,2022-12-01,2022,12,4,-2.4492935982947064e-16,1.0,0,1,0,11000.0,44000.0,37000.0,29000.0,25833.33333333333,29416.666666666668,16703.29308849006,0.9858,72,1,Modere
ST0073,A0002,2023-05,17000,2,2023-05-01,2023,5,2,0.4999999999999999,-0.8660254037844387,0,0,2,29000.0,32000.0,44000.0,24000.0,27166.666666666668,28750.0,11357.81669160054,0.8348,72,1,Modere
ST0073,A0002,2023-06,14000,3,2023-06-01,2023,6,2,1.2246467991473532e-16,-1.0,0,0,2,17000.0,11000.0,20000.0,19000.0,28333.33333333333,26500.0,9165.15138991167,0.717,72,1,Modere
ST0073,A0002,2023-07,15000,1,2023-07-01,2023,7,3,-0.4999999999999997,-0.8660254037844388,0,0,2,14000.0,29000.0,29000.0,20000.0,24500.0,26000.0,7937.25393319376,0.7692,72,1,Modere
ST0073,A0002,2023-08,30000,2,2023-08-01,2023,8,3,-0.8660254037844385,-0.5000000000000004,0,0,3,15000.0,17000.0,33000.0,15333.333333333334,19666.666666666668,24833.33333333333,1527.525231651888,0.6174,72,1,Modere
ST0073,A0002,2023-09,15000,1,2023-09-01,2023,9,3,-1.0,-1.8369701987210294e-16,0,0,3,30000.0,14000.0,35000.0,19666.666666666668,19333.33333333333,24583.33333333333,8962.886439832491,0.8,72,1,Modere
ST0073,A0002,2023-10,15000,1,2023-10-01,2023,10,4,-0.8660254037844386,0.5000000000000001,0,1,3,15000.0,15000.0,21000.0,20000.0,20000.0,22916.666666666668,8660.254037844375,0.8727,72,1,Modere
ST0073,A0002,2023-11,30000,2,2023-11-01,2023,11,4,-0.5000000000000004,0.8660254037844384,0,1,3,15000.0,30000.0,10000.0,20000.0,17666.666666666668,22416.666666666668,8660.254037844375,0.8922,72,1,Modere
ST0073,A0002,2023-12,15000,1,2023-12-01,2023,12,4,-2.4492935982947064e-16,1.0,0,1,0,30000.0,15000.0,37000.0,20000.0,19833.33333333333,24083.33333333333,8660.254037844375,0.8304,72,1,Modere
ST0073,A0002,2024-01,15000,1,2024-01-01,2024,1,1,0.4999999999999999,0.8660254037844387,1,0,0,15000.0,15000.0,44000.0,20000.0,20000.0,22250.0,8660.254037844375,0.8988,72,1,Modere
ST0073,A0002,2024-02,30000,2,2024-02-01,2024,2,1,0.8660254037844386,0.5000000000000001,1,0,0,15000.0,30000.0,32000.0,20000.0,20000.0,19833.33333333333,8660.254037844375,1.0084,72,1,Modere
ST0073,A0002,2024-03,30000,2,2024-03-01,2024,3,1,1.0,6.123233995736766e-17,1,0,1,30000.0,15000.0,11000.0,20000.0,20000.0,19666.666666666668,8660.254037844375,1.0169,72,1,Modere
ST0073,A0002,2024-04,30000,2,2024-04-01,2024,4,2,0.8660254037844387,-0.4999999999999998,0,0,1,30000.0,15000.0,29000.0,25000.0,22500.0,21250.0,8660.254037844375,1.1764,72,1,Modere
ST0073,A0002,2024-05,15000,1,2024-05-01,2024,5,2,0.4999999999999999,-0.8660254037844387,0,0,2,30000.0,30000.0,17000.0,30000.0,25000.0,21333.33333333333,0.0,1.4062,72,1,Modere
ST0073,A0002,2024-06,45000,3,2024-06-01,2024,6,2,1.2246467991473532e-16,-1.0,0,0,2,15000.0,30000.0,14000.0,25000.0,22500.0,21166.666666666668,8660.254037844375,1.181,72,1,Modere
ST0073,A0002,2024-07,30000,2,2024-07-01,2024,7,3,-0.4999999999999997,-0.8660254037844388,0,0,2,45000.0,30000.0,15000.0,30000.0,27500.0,23750.0,14999.999999999996,1.2631,72,1,Modere
ST0073,A0002,2024-08,45000,3,2024-08-01,2024,8,3,-0.8660254037844385,-0.5000000000000004,0,0,3,30000.0,15000.0,30000.0,30000.0,30000.0,25000.0,14999.999999999996,1.2,72,1,Modere
ST0073,A0002,2024-09,45000,3,2024-09-01,2024,9,3,-1.0,-1.8369701987210294e-16,0,0,3,45000.0,45000.0,15000.0,40000.0,32500.0,26250.0,8660.254037844375,1.5238,72,1,Modere
ST0073,A0002,2024-10,60000,5,2024-10-01,2024,10,4,-0.8660254037844386,0.5000000000000001,0,1,3,45000.0,30000.0,15000.0,40000.0,35000.0,28750.0,8660.254037844375,1.3913,72,1,Modere
ST0073,A0002,2024-11,45000,4,2024-11-01,2024,11,4,-0.5000000000000004,0.8660254037844384,0,1,3,60000.0,45000.0,30000.0,50000.0,40000.0,32500.0,8660.254037844375,1.5384,72,1,Modere
ST0073,A0002,2024-12,30000,3,2024-12-01,2024,12,4,-2.4492935982947064e-16,1.0,0,1,0,45000.0,45000.0,15000.0,50000.0,45000.0,33750.0,8660.254037844375,1.4814,72,1,Modere
ST0073,A0002,2025-01,30000,4,2025-01-01,2025,1,1,0.4999999999999999,0.8660254037844387,1,0,0,30000.0,60000.0,15000.0,45000.0,42500.0,35000.0,14999.999999999996,1.2857,72,1,Modere
ST0073,A0002,2025-02,45000,5,2025-02-01,2025,2,1,0.8660254037844386,0.5000000000000001,1,0,0,30000.0,45000.0,30000.0,35000.0,42500.0,36250.0,8660.254037844375,0.9655,72,1,Modere
ST0073,A0002,2025-03,45000,6,2025-03-01,2025,3,1,1.0,6.123233995736766e-17,1,0,1,45000.0,30000.0,30000.0,35000.0,42500.0,37500.0,8660.254037844375,0.9333,72,1,Modere
ST0073,A0002,2025-04,30000,3,2025-04-01,2025,4,2,0.8660254037844387,-0.4999999999999998,0,0,1,45000.0,30000.0,30000.0,40000.0,42500.0,38750.0,8660.254037844375,1.0322,72,1,Modere
ST0073,A0002,2025-05,15000,1,2025-05-01,2025,5,2,0.4999999999999999,-0.8660254037844387,0,0,2,30000.0,45000.0,15000.0,40000.0,37500.0,38750.0,8660.254037844375,1.0322,72,1,Modere
ST0073,A0002,2025-06,30000,2,2025-06-01,2025,6,2,1.2246467991473532e-16,-1.0,0,0,2,15000.0,45000.0,45000.0,30000.0,32500.0,38750.0,14999.999999999996,0.7742,72,1,Modere
ST0073,A0002,2025-07,30000,4,2025-07-01,2025,7,3,-0.4999999999999997,-0.8660254037844388,0,0,2,30000.0,30000.0,30000.0,25000.0,32500.0,37500.0,8660.254037844375,0.6666,72,1,Modere
ST0073,A0002,2025-08,30000,3,2025-08-01,2025,8,3,-0.8660254037844385,-0.5000000000000004,0,0,3,30000.0,15000.0,45000.0,25000.0,32500.0,37500.0,8660.254037844375,0.6666,72,1,Modere
ST0073,A0002,2025-09,40000,5,2025-09-01,2025,9,3,-1.0,-1.8369701987210294e-16,0,0,3,30000.0,30000.0,45000.0,30000.0,30000.0,36250.0,0.0,0.8276,72,1,Modere
ST0073,A0002,2025-10,30000,3,2025-10-01,2025,10,4,-0.8660254037844386,0.5000000000000001,0,1,3,40000.0,30000.0,60000.0,33333.333333333336,29166.666666666668,35833.333333333336,5773.502691896241,0.9302,72,1,Modere
ST0073,A0002,2025-11,30000,3,2025-11-01,2025,11,4,-0.5000000000000004,0.8660254037844384,0,1,3,30000.0,30000.0,45000.0,33333.333333333336,29166.666666666668,33333.333333333336,5773.502691896241,1.0,72,1,Modere
ST0073,A0002,2025-12,20000,3,2025-12-01,2025,12,4,-2.4492935982947064e-16,1.0,0,1,0,30000.0,40000.0,30000.0,33333.333333333336,31666.666666666668,32083.33333333333,5773.502691896241,1.0389,72,1,Modere
ST0075,A0001,2023-12,16000,2,2023-12-01,2023,12,4,-2.4492935982947064e-16,1.0,0,1,0,42000.0,47000.0,5000.0,32333.33333333333,40000.0,23583.33333333333,21221.058723196005,1.371,74,0,Modere
ST0075,A0001,2024-01,8000,1,2024-01-01,2024,1,1,0.4999999999999999,0.8660254037844387,1,0,0,16000.0,8000.0,5000.0,22000.0,34333.333333333336,24500.0,17776.388834631176,0.8979,74,0,Modere
ST0075,A0001,2024-02,18000,2,2024-02-01,2024,2,1,0.8660254037844386,0.5000000000000001,1,0,0,8000.0,42000.0,4000.0,22000.0,27500.0,24750.0,17776.388834631176,0.8889,74,0,Modere
ST0075,A0001,2024-03,8000,1,2024-03-01,2024,3,1,1.0,6.123233995736766e-17,1,0,1,18000.0,16000.0,10000.0,14000.0,23166.666666666668,25916.666666666668,5291.50262212917,0.5402,74,0,Modere
ST0075,A0001,2024-04,26000,4,2024-04-01,2024,4,2,0.8660254037844387,-0.4999999999999998,0,0,1,8000.0,8000.0,9000.0,11333.333333333334,16666.666666666668,25750.0,5773.502691896248,0.4401,74,0,Modere
ST0075,A0001,2024-05,28000,3,2024-05-01,2024,5,2,0.4999999999999999,-0.8660254037844387,0,0,2,26000.0,18000.0,10000.0,17333.333333333332,19666.666666666668,27166.666666666668,9018.499505645785,0.638,74,0,Modere
ST0075,A0001,2024-06,28000,3,2024-06-01,2024,6,2,1.2246467991473532e-16,-1.0,0,0,2,28000.0,8000.0,50000.0,20666.666666666668,17333.333333333332,28666.666666666668,11015.141094572198,0.7209,74,0,Modere
ST0075,A0001,2024-07,10000,1,2024-07-01,2024,7,3,-0.4999999999999997,-0.8660254037844388,0,0,2,28000.0,26000.0,49000.0,27333.33333333333,19333.33333333333,26833.33333333333,1154.7005383792002,1.0186,74,0,Modere
ST0075,A0001,2024-08,10000,1,2024-08-01,2024,8,3,-0.8660254037844385,-0.5000000000000004,0,0,3,10000.0,28000.0,44000.0,22000.0,19666.666666666668,23583.33333333333,10392.30484541326,0.9328,74,0,Modere
ST0075,A0001,2024-09,18000,2,2024-09-01,2024,9,3,-1.0,-1.8369701987210294e-16,0,0,3,10000.0,28000.0,47000.0,16000.0,18333.33333333333,20750.0,10392.30484541326,0.771,74,0,Modere
ST0075,A0001,2024-10,25000,5,2024-10-01,2024,10,4,-0.8660254037844386,0.5000000000000001,0,1,3,18000.0,10000.0,8000.0,12666.666666666666,20000.0,18333.33333333333,4618.802153516994,0.6909,74,0,Modere
ST0075,A0001,2024-11,5000,1,2024-11-01,2024,11,4,-0.5000000000000004,0.8660254037844384,0,1,3,25000.0,10000.0,42000.0,17666.666666666668,19833.33333333333,19750.0,7505.553499465127,0.8945,74,0,Modere
ST0075,A0001,2024-12,15000,3,2024-12-01,2024,12,4,-2.4492935982947064e-16,1.0,0,1,0,5000.0,18000.0,16000.0,16000.0,16000.0,16666.666666666668,10148.891565092214,0.9599,74,0,Modere
ST0075,A0001,2025-01,25000,4,2025-01-01,2025,1,1,0.4999999999999999,0.8660254037844387,1,0,0,15000.0,25000.0,8000.0,15000.0,13833.333333333334,16583.333333333332,9999.999999999993,0.9045,74,0,Modere
ST0075,A0001,2025-02,10000,2,2025-02-01,2025,2,1,0.8660254037844386,0.5000000000000001,1,0,0,25000.0,5000.0,18000.0,15000.0,16333.333333333334,18000.0,9999.999999999993,0.8333,74,0,Modere
ST0075,A0001,2025-03,15000,3,2025-03-01,2025,3,1,1.0,6.123233995736766e-17,1,0,1,10000.0,15000.0,8000.0,16666.666666666668,16333.333333333334,17333.333333333332,7637.626158259725,0.9615,74,0,Modere
ST0075,A0001,2025-04,10000,2,2025-04-01,2025,4,2,0.8660254037844387,-0.4999999999999998,0,0,1,15000.0,25000.0,26000.0,16666.666666666668,15833.333333333334,17916.666666666668,7637.626158259725,0.9302,74,0,Modere
ST0075,A0001,2025-05,5000,1,2025-05-01,2025,5,2,0.4999999999999999,-0.8660254037844387,0,0,2,10000.0,10000.0,28000.0,11666.666666666666,13333.333333333334,16583.333333333332,2886.7513459481097,0.7035,74,0,Modere
ST0075,A0001,2025-06,11000,2,2025-06-01,2025,6,2,1.2246467991473532e-16,-1.0,0,0,2,5000.0,15000.0,28000.0,10000.0,13333.333333333334,14666.666666666666,4999.99999999999,0.6818,74,0,Modere
ST0075,A0001,2025-07,16000,3,2025-07-01,2025,7,3,-0.4999999999999997,-0.8660254037844388,0,0,2,11000.0,10000.0,10000.0,8666.666666666666,12666.666666666666,13250.0,3214.5502536643044,0.654,74,0,Modere
ST0075,A0001,2025-09,10000,2,2025-09-01,2025,9,3,-1.0,-1.8369701987210294e-16,0,0,3,16000.0,5000.0,10000.0,10666.666666666666,11166.666666666666,13750.0,5507.570547286094,0.7757,74,0,Modere
ST0075,A0001,2025-10,10000,2,2025-10-01,2025,10,4,-0.8660254037844386,0.5000000000000001,0,1,3,10000.0,11000.0,18000.0,12333.333333333334,11166.666666666666,13750.0,3214.5502536643025,0.8969,74,0,Modere
ST0075,A0001,2025-11,10000,2,2025-11-01,2025,11,4,-0.5000000000000004,0.8660254037844384,0,1,3,10000.0,16000.0,25000.0,12000.0,10333.333333333334,13083.333333333334,3464.10161513774,0.9171,74,0,Modere
ST0075,A0001,2025-12,13000,3,2025-12-01,2025,12,4,-2.4492935982947064e-16,1.0,0,1,0,10000.0,10000.0,5000.0,10000.0,10333.333333333334,11833.333333333334,0.0,0.845,74,0,Modere
ST0075,A0002,2024-02,9000,2,2024-02-01,2024,2,1,0.8660254037844386,0.5000000000000001,1,0,0,7000.0,10000.0,5000.0,13666.666666666666,11000.0,12333.333333333334,9073.771725877466,1.108,74,1,Modere
ST0075,A0002,2024-03,8000,1,2024-03-01,2024,3,1,1.0,6.123233995736766e-17,1,0,1,9000.0,24000.0,10000.0,13333.333333333334,11666.666666666666,12666.666666666666,9291.57324317757,1.0525,74,1,Modere
ST0075,A0002,2024-04,16000,1,2024-04-01,2024,4,2,0.8660254037844387,-0.4999999999999998,0,0,1,8000.0,7000.0,11000.0,8000.0,11333.333333333334,12500.0,1000.0000000000076,0.6399,74,1,Modere
ST0075,A0002,2024-07,28000,4,2024-07-01,2024,7,3,-0.4999999999999997,-0.8660254037844388,0,0,2,16000.0,9000.0,10000.0,11000.0,12333.333333333334,12916.666666666666,4358.898943540674,0.8515,74,1,Modere
ST0075,A0002,2024-08,8000,2,2024-08-01,2024,8,3,-0.8660254037844385,-0.5000000000000004,0,0,3,28000.0,8000.0,16000.0,17333.333333333332,15333.333333333334,14416.666666666666,10066.445913694331,1.2022,74,1,Modere
ST0075,A0002,2024-09,8000,1,2024-09-01,2024,9,3,-1.0,-1.8369701987210294e-16,0,0,3,8000.0,16000.0,30000.0,17333.333333333332,12666.666666666666,13750.0,10066.445913694331,1.2605,74,1,Modere
ST0075,A0002,2024-10,5000,1,2024-10-01,2024,10,4,-0.8660254037844386,0.5000000000000001,0,1,3,8000.0,28000.0,5000.0,14666.666666666666,12833.333333333334,11916.666666666666,11547.005383792515,1.2307,74,1,Modere
ST0075,A0002,2024-11,15000,2,2024-11-01,2024,11,4,-0.5000000000000004,0.8660254037844384,0,1,3,5000.0,8000.0,10000.0,7000.0,12166.666666666666,11916.666666666666,1732.0508075688886,0.5874,74,1,Modere
ST0075,A0002,2024-12,10000,3,2024-12-01,2024,12,4,-2.4492935982947064e-16,1.0,0,1,0,15000.0,8000.0,10000.0,9333.333333333334,13333.333333333334,12333.333333333334,5131.601439446887,0.7567,74,1,Modere
ST0075,A0002,2025-01,5000,2,2025-01-01,2025,1,1,0.4999999999999999,0.8660254037844387,1,0,0,10000.0,5000.0,10000.0,10000.0,12333.333333333334,12333.333333333334,5000.000000000002,0.8107,74,1,Modere
ST0075,A0002,2025-02,5000,1,2025-02-01,2025,2,1,0.8660254037844386,0.5000000000000001,1,0,0,5000.0,15000.0,24000.0,10000.0,8500.0,11916.666666666666,5000.000000000002,0.8391,74,1,Modere
ST0075,A0002,2025-03,5000,1,2025-03-01,2025,3,1,1.0,6.123233995736766e-17,1,0,1,5000.0,10000.0,7000.0,6666.666666666667,8000.0,10333.333333333334,2886.7513459481347,0.6451,74,1,Modere
ST0075,A0002,2025-04,20000,3,2025-04-01,2025,4,2,0.8660254037844387,-0.4999999999999998,0,0,1,5000.0,5000.0,9000.0,5000.0,7500.0,10166.666666666666,0.0,0.4918,74,1,Modere
ST0075,A0002,2025-05,10000,2,2025-05-01,2025,5,2,0.4999999999999999,-0.8660254037844387,0,0,2,20000.0,5000.0,8000.0,10000.0,10000.0,11083.333333333334,8660.254037844386,0.9022,74,1,Modere
ST0075,A0002,2025-06,7000,1,2025-06-01,2025,6,2,1.2246467991473532e-16,-1.0,0,0,2,10000.0,5000.0,16000.0,11666.666666666666,9166.666666666666,11250.0,7637.626158259732,1.0369,74,1,Modere
ST0075,A0002,2025-08,23000,3,2025-08-01,2025,8,3,-0.8660254037844385,-0.5000000000000004,0,0,3,7000.0,20000.0,28000.0,12333.333333333334,8666.666666666666,10500.0,6806.859285554044,1.1745,74,1,Modere
ST0075,A0002,2025-11,5000,1,2025-11-01,2025,11,4,-0.5000000000000004,0.8660254037844384,0,1,3,23000.0,10000.0,8000.0,13333.333333333334,11666.666666666666,10083.333333333334,8504.90054811538,1.3222,74,1,Modere
ST0075,A0002,2025-12,10000,2,2025-12-01,2025,12,4,-2.4492935982947064e-16,1.0,0,1,0,5000.0,7000.0,8000.0,11666.666666666666,11666.666666666666,9833.333333333334,9865.765724632494,1.1863,74,1,Modere
ST0076,A0002,2024-06,20000,2,2024-06-01,2024,6,2,1.2246467991473532e-16,-1.0,0,0,2,8000.0,8000.0,8000.0,13666.666666666666,12500.0,13250.0,9814.954576223638,1.0314,75,1,Modere
ST0076,A0002,2024-08,10000,1,2024-08-01,2024,8,3,-0.8660254037844385,-0.5000000000000004,0,0,3,20000.0,25000.0,16000.0,17666.666666666668,12833.333333333334,14250.0,8736.894948054103,1.2397,75,1,Modere
ST0076,A0002,2024-09,18000,3,2024-09-01,2024,9,3,-1.0,-1.8369701987210294e-16,0,0,3,10000.0,8000.0,15000.0,12666.666666666666,13166.666666666666,13750.0,6429.100507328636,0.9211,75,1,Modere
ST0076,A0002,2024-10,25000,4,2024-10-01,2024,10,4,-0.8660254037844386,0.5000000000000001,0,1,3,18000.0,20000.0,10000.0,16000.0,14833.333333333334,14000.0,5291.502622129179,1.1428,75,1,Modere
ST0076,A0002,2024-11,5000,1,2024-11-01,2024,11,4,-0.5000000000000004,0.8660254037844384,0,1,3,25000.0,10000.0,15000.0,17666.666666666668,17666.666666666668,15250.0,7505.553499465133,1.1584,75,1,Modere
ST0076,A0002,2024-12,10000,2,2024-12-01,2024,12,4,-2.4492935982947064e-16,1.0,0,1,0,5000.0,18000.0,20000.0,16000.0,14333.333333333334,14416.666666666666,10148.891565092215,1.1097,75,1,Modere
ST0076,A0002,2025-01,27000,4,2025-01-01,2025,1,1,0.4999999999999999,0.8660254037844387,1,0,0,10000.0,25000.0,18000.0,13333.333333333334,14666.666666666666,13583.333333333334,10408.329997330662,0.9815,75,1,Modere
ST0076,A0002,2025-02,10000,2,2025-02-01,2025,2,1,0.8660254037844386,0.5000000000000001,1,0,0,27000.0,5000.0,8000.0,14000.0,15833.333333333334,14333.333333333334,11532.562594670797,0.9767,75,1,Modere
ST0076,A0002,2025-03,15000,3,2025-03-01,2025,3,1,1.0,6.123233995736766e-17,1,0,1,10000.0,10000.0,8000.0,15666.666666666666,15833.333333333334,14500.0,9814.954576223636,1.0804,75,1,Modere
ST0076,A0002,2025-04,10000,2,2025-04-01,2025,4,2,0.8660254037844387,-0.4999999999999998,0,0,1,15000.0,27000.0,8000.0,17333.333333333332,15333.333333333334,15083.333333333334,8736.894948054103,1.1491,75,1,Modere
ST0076,A0002,2025-05,13000,2,2025-05-01,2025,5,2,0.4999999999999999,-0.8660254037844387,0,0,2,10000.0,10000.0,25000.0,11666.666666666666,12833.333333333334,15250.0,2886.7513459481183,0.765,75,1,Modere
ST0076,A0002,2025-06,14000,2,2025-06-01,2025,6,2,1.2246467991473532e-16,-1.0,0,0,2,13000.0,15000.0,8000.0,12666.666666666666,14166.666666666666,14250.0,2516.611478423571,0.8888,75,1,Modere
ST0076,A0002,2025-07,16000,2,2025-07-01,2025,7,3,-0.4999999999999997,-0.8660254037844388,0,0,2,14000.0,10000.0,20000.0,12333.333333333334,14833.333333333334,14750.0,2081.6659994661177,0.8361,75,1,Modere
ST0076,A0002,2025-08,5000,1,2025-08-01,2025,8,3,-0.8660254037844385,-0.5000000000000004,0,0,3,16000.0,13000.0,10000.0,14333.333333333334,13000.0,14416.666666666666,1527.5252316519254,0.9942,75,1,Modere
ST0076,A0002,2025-09,5000,1,2025-09-01,2025,9,3,-1.0,-1.8369701987210294e-16,0,0,3,5000.0,14000.0,18000.0,11666.666666666666,12166.666666666666,14000.0,5859.4652770823095,0.8333,75,1,Modere
ST0076,A0002,2025-10,10000,2,2025-10-01,2025,10,4,-0.8660254037844386,0.5000000000000001,0,1,3,5000.0,16000.0,25000.0,8666.666666666666,10500.0,12916.666666666666,6350.852961085879,0.6709,75,1,Modere
ST0076,A0002,2025-11,10000,2,2025-11-01,2025,11,4,-0.5000000000000004,0.8660254037844384,0,1,3,10000.0,5000.0,5000.0,6666.666666666667,10500.0,11666.666666666666,2886.751345948118,0.5714,75,1,Modere
ST0076,A0002,2025-12,8000,1,2025-12-01,2025,12,4,-2.4492935982947064e-16,1.0,0,1,0,10000.0,5000.0,10000.0,8333.333333333334,10000.0,12083.333333333334,2886.7513459481183,0.6896,75,1,Modere
ST0078,A0001,2021-01,25000,4,2021-01-01,2021,1,1,0.4999999999999999,0.8660254037844387,1,0,0,43000.0,30000.0,17000.0,34666.666666666664,33500.0,41250.0,7234.178138070238,0.8404,77,0,Modere
ST0078,A0001,2021-02,28000,5,2021-02-01,2021,2,1,0.8660254037844386,0.5000000000000001,1,0,0,25000.0,31000.0,46000.0,33000.0,31833.33333333333,41916.66666666666,9165.151389911682,0.7873,77,0,Modere
ST0078,A0001,2021-03,29000,4,2021-03-01,2021,3,1,1.0,6.123233995736766e-17,1,0,1,28000.0,43000.0,75000.0,32000.0,30000.0,40416.66666666666,9643.650760992958,0.7917,77,0,Modere
ST0078,A0001,2021-04,43000,5,2021-04-01,2021,4,2,0.8660254037844387,-0.4999999999999998,0,0,1,29000.0,25000.0,55000.0,27333.33333333333,31000.0,36583.333333333336,2081.665999466144,0.7471,77,0,Modere
ST0078,A0001,2021-05,31000,4,2021-05-01,2021,5,2,0.4999999999999999,-0.8660254037844387,0,0,2,43000.0,28000.0,50000.0,33333.333333333336,33166.666666666664,35583.333333333336,8386.497083606084,0.9367,77,0,Modere
ST0078,A0001,2021-06,31000,4,2021-06-01,2021,6,2,1.2246467991473532e-16,-1.0,0,0,2,31000.0,29000.0,51000.0,34333.333333333336,33166.666666666664,34000.0,7571.877794400367,1.0098,77,0,Modere
ST0078,A0001,2021-07,47000,6,2021-07-01,2021,7,3,-0.4999999999999997,-0.8660254037844388,0,0,2,31000.0,43000.0,35000.0,35000.0,31166.666666666668,32333.33333333333,6928.203230275511,1.0824,77,0,Modere
ST0078,A0001,2021-08,23000,3,2021-08-01,2021,8,3,-0.8660254037844385,-0.5000000000000004,0,0,3,47000.0,31000.0,39000.0,36333.333333333336,34833.333333333336,33333.333333333336,9237.604307034013,1.09,77,0,Modere
ST0078,A0001,2021-09,28000,4,2021-09-01,2021,9,3,-1.0,-1.8369701987210294e-16,0,0,3,23000.0,31000.0,23000.0,33666.666666666664,34000.0,32000.0,12220.201853215573,1.0521,77,0,Modere
ST0078,A0001,2021-10,7000,1,2021-10-01,2021,10,4,-0.8660254037844386,0.5000000000000001,0,1,3,28000.0,47000.0,30000.0,32666.666666666668,33833.333333333336,32416.666666666668,12662.279942148389,1.0077,77,0,Modere
ST0078,A0001,2021-11,31000,4,2021-11-01,2021,11,4,-0.5000000000000004,0.8660254037844384,0,1,3,7000.0,23000.0,31000.0,19333.33333333333,27833.33333333333,30500.0,10969.65511460289,0.6339,77,0,Modere
ST0078,A0001,2021-12,23000,4,2021-12-01,2021,12,4,-2.4492935982947064e-16,1.0,0,1,0,31000.0,28000.0,43000.0,22000.0,27833.33333333333,30500.0,13076.696830622022,0.7213,77,0,Modere
ST0078,A0001,2022-01,14000,4,2022-01-01,2022,1,1,0.4999999999999999,0.8660254037844387,1,0,0,23000.0,7000.0,25000.0,20333.33333333333,26500.0,28833.33333333333,12220.201853215574,0.7052,77,0,Modere
ST0078,A0001,2022-02,20000,3,2022-02-01,2022,2,1,0.8660254037844386,0.5000000000000001,1,0,0,14000.0,31000.0,28000.0,22666.666666666668,21000.0,27916.666666666668,8504.900548115385,0.8119,77,0,Modere
ST0078,A0001,2022-03,24000,2,2022-03-01,2022,3,1,1.0,6.123233995736766e-17,1,0,1,20000.0,23000.0,29000.0,19000.0,20500.0,27250.0,4582.575694955846,0.6972,77,0,Modere
ST0078,A0001,2022-04,20000,2,2022-04-01,2022,4,2,0.8660254037844387,-0.4999999999999998,0,0,1,24000.0,14000.0,43000.0,19333.33333333333,19833.33333333333,26833.33333333333,5033.222956847173,0.7205,77,0,Modere
ST0078,A0001,2022-05,17000,2,2022-05-01,2022,5,2,0.4999999999999999,-0.8660254037844387,0,0,2,20000.0,20000.0,31000.0,21333.33333333333,22000.0,24916.666666666668,2309.4010767585173,0.8562,77,0,Modere
ST0078,A0001,2022-06,15000,1,2022-06-01,2022,6,2,1.2246467991473532e-16,-1.0,0,0,2,17000.0,24000.0,31000.0,20333.33333333333,19666.666666666668,23750.0,3511.884584284255,0.8561,77,0,Modere
ST0078,A0001,2022-07,18000,1,2022-07-01,2022,7,3,-0.4999999999999997,-0.8660254037844388,0,0,2,15000.0,20000.0,47000.0,17333.333333333332,18333.33333333333,22416.666666666668,2516.611478423595,0.7732,77,0,Modere
ST0078,A0001,2022-08,15000,3,2022-08-01,2022,8,3,-0.8660254037844385,-0.5000000000000004,0,0,3,18000.0,17000.0,23000.0,16666.666666666668,19000.0,20000.0,1527.5252316519654,0.8333,77,0,Modere
ST0078,A0001,2022-10,5000,1,2022-10-01,2022,10,4,-0.8660254037844386,0.5000000000000001,0,1,3,15000.0,15000.0,28000.0,16000.0,18166.666666666668,19333.33333333333,1732.0508075688929,0.8275,77,0,Modere
ST0078,A0001,2022-11,10000,1,2022-11-01,2022,11,4,-0.5000000000000004,0.8660254037844384,0,1,3,5000.0,18000.0,7000.0,12666.666666666666,15000.0,17416.666666666668,6806.859285554048,0.7272,77,0,Modere
ST0078,A0001,2022-12,5000,1,2022-12-01,2022,12,4,-2.4492935982947064e-16,1.0,0,1,0,10000.0,15000.0,31000.0,10000.0,13333.333333333334,17666.666666666668,5000.000000000001,0.566,77,0,Modere
ST0078,A0001,2023-01,10000,1,2023-01-01,2023,1,1,0.4999999999999999,0.8660254037844387,1,0,0,5000.0,5000.0,23000.0,6666.666666666667,11333.333333333334,15500.0,2886.7513459481274,0.4301,77,0,Modere
ST0078,A0001,2023-02,5000,1,2023-02-01,2023,2,1,0.8660254037844386,0.5000000000000001,1,0,0,10000.0,10000.0,14000.0,8333.333333333334,10500.0,14416.666666666666,2886.751345948129,0.578,77,0,Modere
ST0078,A0001,2023-03,15000,2,2023-03-01,2023,3,1,1.0,6.123233995736766e-17,1,0,1,5000.0,5000.0,20000.0,6666.666666666667,8333.333333333334,13666.666666666666,2886.7513459481274,0.4878,77,0,Modere
ST0078,A0001,2023-04,5000,1,2023-04-01,2023,4,2,0.8660254037844387,-0.4999999999999998,0,0,1,15000.0,10000.0,24000.0,10000.0,8333.333333333334,13250.0,5000.000000000001,0.7547,77,0,Modere
ST0078,A0001,2023-05,10000,2,2023-05-01,2023,5,2,0.4999999999999999,-0.8660254037844387,0,0,2,5000.0,5000.0,20000.0,8333.333333333334,8333.333333333334,11666.666666666666,5773.502691896258,0.7142,77,0,Modere
ST0078,A0001,2023-06,17000,2,2023-06-01,2023,6,2,1.2246467991473532e-16,-1.0,0,0,2,10000.0,15000.0,17000.0,10000.0,8333.333333333334,10833.333333333334,5000.000000000001,0.923,77,0,Modere
ST0078,A0001,2023-07,20000,2,2023-07-01,2023,7,3,-0.4999999999999997,-0.8660254037844388,0,0,2,17000.0,5000.0,15000.0,10666.666666666666,10333.333333333334,10833.333333333334,6027.713773341709,0.9845,77,0,Modere
ST0078,A0001,2023-08,20000,2,2023-08-01,2023,8,3,-0.8660254037844385,-0.5000000000000004,0,0,3,20000.0,10000.0,18000.0,15666.666666666666,12000.0,11250.0,5131.601439446889,1.3925,77,0,Modere
ST0078,A0001,2023-09,10000,1,2023-09-01,2023,9,3,-1.0,-1.8369701987210294e-16,0,0,3,20000.0,17000.0,15000.0,19000.0,14500.0,11416.666666666666,1732.0508075689002,1.6641,77,0,Modere
ST0078,A0001,2023-10,10000,1,2023-10-01,2023,10,4,-0.8660254037844386,0.5000000000000001,0,1,3,10000.0,20000.0,5000.0,16666.666666666668,13666.666666666666,11000.0,5773.502691896261,1.515,77,0,Modere
ST0078,A0001,2023-11,10000,1,2023-11-01,2023,11,4,-0.5000000000000004,0.8660254037844384,0,1,3,10000.0,20000.0,10000.0,13333.333333333334,14500.0,11416.666666666666,5773.502691896256,1.1678,77,0,Modere
ST0078,A0001,2023-12,10000,1,2023-12-01,2023,12,4,-2.4492935982947064e-16,1.0,0,1,0,10000.0,10000.0,5000.0,10000.0,14500.0,11416.666666666666,0.0,0.8758,77,0,Modere
ST0078,A0001,2024-02,10000,1,2024-02-01,2024,2,1,0.8660254037844386,0.5000000000000001,1,0,0,10000.0,10000.0,10000.0,10000.0,13333.333333333334,11833.333333333334,0.0,0.845,77,0,Modere
ST0078,A0001,2024-04,10000,1,2024-04-01,2024,4,2,0.8660254037844387,-0.4999999999999998,0,0,1,10000.0,10000.0,5000.0,10000.0,11666.666666666666,11833.333333333334,0.0,0.845,77,0,Modere
ST0078,A0001,2024-05,25000,2,2024-05-01,2024,5,2,0.4999999999999999,-0.8660254037844387,0,0,2,10000.0,10000.0,15000.0,10000.0,10000.0,12250.0,0.0,0.8163,77,0,Modere
ST0078,A0001,2024-06,10000,1,2024-06-01,2024,6,2,1.2246467991473532e-16,-1.0,0,0,2,25000.0,10000.0,5000.0,15000.0,12500.0,13083.333333333334,8660.254037844388,1.1464,77,0,Modere
ST0078,A0001,2024-07,10000,1,2024-07-01,2024,7,3,-0.4999999999999997,-0.8660254037844388,0,0,2,10000.0,10000.0,10000.0,15000.0,12500.0,13500.0,8660.254037844388,1.111,77,0,Modere
ST0078,A0001,2024-08,10000,1,2024-08-01,2024,8,3,-0.8660254037844385,-0.5000000000000004,0,0,3,10000.0,25000.0,17000.0,15000.0,12500.0,13500.0,8660.254037844388,1.111,77,0,Modere
ST0078,A0001,2024-09,20000,2,2024-09-01,2024,9,3,-1.0,-1.8369701987210294e-16,0,0,3,10000.0,10000.0,20000.0,10000.0,12500.0,12916.666666666666,0.0,0.7741,77,0,Modere
ST0078,A0001,2024-10,20000,2,2024-10-01,2024,10,4,-0.8660254037844386,0.5000000000000001,0,1,3,20000.0,10000.0,20000.0,13333.333333333334,14166.666666666666,12916.666666666666,5773.502691896256,1.0322,77,0,Modere
ST0078,A0001,2024-12,20000,2,2024-12-01,2024,12,4,-2.4492935982947064e-16,1.0,0,1,0,20000.0,10000.0,10000.0,16666.666666666668,15833.333333333334,12916.666666666666,5773.502691896262,1.2902,77,0,Modere
ST0078,A0001,2025-01,10000,1,2025-01-01,2025,1,1,0.4999999999999999,0.8660254037844387,1,0,0,20000.0,20000.0,10000.0,20000.0,15000.0,13750.0,0.0,1.4544,77,0,Modere
ST0078,A0001,2025-02,5000,1,2025-02-01,2025,2,1,0.8660254037844386,0.5000000000000001,1,0,0,10000.0,20000.0,10000.0,16666.666666666668,15000.0,13750.0,5773.502691896262,1.212,77,0,Modere
ST0078,A0001,2025-03,5000,1,2025-03-01,2025,3,1,1.0,6.123233995736766e-17,1,0,1,5000.0,20000.0,10000.0,11666.666666666666,14166.666666666666,13333.333333333334,7637.62615825973,0.8749,77,0,Modere
ST0078,A0001,2025-04,10000,1,2025-04-01,2025,4,2,0.8660254037844387,-0.4999999999999998,0,0,1,5000.0,10000.0,10000.0,6666.666666666667,13333.333333333334,12916.666666666666,2886.751345948104,0.5161,77,0,Modere
ST0078,A0001,2025-05,10000,1,2025-05-01,2025,5,2,0.4999999999999999,-0.8660254037844387,0,0,2,10000.0,5000.0,10000.0,6666.666666666667,11666.666666666666,12916.666666666666,2886.751345948104,0.5161,77,0,Modere
ST0078,A0001,2025-06,10000,1,2025-06-01,2025,6,2,1.2246467991473532e-16,-1.0,0,0,2,10000.0,5000.0,25000.0,8333.333333333334,10000.0,12916.666666666666,2886.7513459481097,0.6451,77,0,Modere
ST0078,A0001,2025-07,10000,1,2025-07-01,2025,7,3,-0.4999999999999997,-0.8660254037844388,0,0,2,10000.0,10000.0,10000.0,10000.0,8333.333333333334,11666.666666666666,0.0,0.8571,77,0,Modere
ST0078,A0001,2025-08,10000,1,2025-08-01,2025,8,3,-0.8660254037844385,-0.5000000000000004,0,0,3,10000.0,10000.0,10000.0,10000.0,8333.333333333334,11666.666666666666,0.0,0.8571,77,0,Modere
ST0078,A0001,2025-09,10000,1,2025-09-01,2025,9,3,-1.0,-1.8369701987210294e-16,0,0,3,10000.0,10000.0,10000.0,10000.0,9166.666666666666,11666.666666666666,0.0,0.8571,77,0,Modere
ST0078,A0001,2025-10,10000,1,2025-10-01,2025,10,4,-0.8660254037844386,0.5000000000000001,0,1,3,10000.0,10000.0,20000.0,10000.0,10000.0,11666.666666666666,0.0,0.8571,77,0,Modere
ST0078,A0001,2025-11,10000,1,2025-11-01,2025,11,4,-0.5000000000000004,0.8660254037844384,0,1,3,10000.0,10000.0,20000.0,10000.0,10000.0,10833.333333333334,0.0,0.923,77,0,Modere
ST0078,A0001,2025-12,10000,1,2025-12-01,2025,12,4,-2.4492935982947064e-16,1.0,0,1,0,10000.0,10000.0,20000.0,10000.0,10000.0,10000.0,0.0,0.9999,77,0,Modere
ST0078,A0002,2021-01,32000,4,2021-01-01,2021,1,1,0.4999999999999999,0.8660254037844387,1,0,0,54000.0,24000.0,48000.0,35666.666666666664,37500.0,48833.333333333336,16072.751268321595,0.7304,77,1,Modere
ST0078,A0002,2021-02,30000,4,2021-02-01,2021,2,1,0.8660254037844386,0.5000000000000001,1,0,0,32000.0,29000.0,67000.0,38333.333333333336,34333.333333333336,47500.0,13650.396819628852,0.807,77,1,Modere
ST0078,A0002,2021-03,40000,4,2021-03-01,2021,3,1,1.0,6.123233995736766e-17,1,0,1,30000.0,54000.0,68000.0,38666.66666666666,31666.666666666668,44416.66666666666,13316.65623695879,0.8705,77,1,Modere
ST0078,A0002,2021-04,53000,5,2021-04-01,2021,4,2,0.8660254037844387,-0.4999999999999998,0,0,1,40000.0,32000.0,70000.0,34000.0,34833.333333333336,42083.333333333336,5291.502622129188,0.8079,77,1,Modere
ST0078,A0002,2021-05,35000,4,2021-05-01,2021,5,2,0.4999999999999999,-0.8660254037844387,0,0,2,53000.0,30000.0,52000.0,41000.0,39666.66666666666,40666.66666666666,11532.5625946708,1.0082,77,1,Modere
ST0078,A0002,2021-06,37000,4,2021-06-01,2021,6,2,1.2246467991473532e-16,-1.0,0,0,2,35000.0,40000.0,56000.0,42666.66666666666,40666.66666666666,39250.0,9291.573243177572,1.087,77,1,Modere
ST0078,A0002,2021-07,33000,5,2021-07-01,2021,7,3,-0.4999999999999997,-0.8660254037844388,0,0,2,37000.0,53000.0,51000.0,41666.66666666666,37833.333333333336,37666.66666666666,9865.765724632498,1.1062,77,1,Modere
ST0078,A0002,2021-08,28000,3,2021-08-01,2021,8,3,-0.8660254037844385,-0.5000000000000004,0,0,3,33000.0,35000.0,46000.0,35000.0,38000.0,36166.66666666666,2000.0000000000111,0.9677,77,1,Modere
ST0078,A0002,2021-09,26000,4,2021-09-01,2021,9,3,-1.0,-1.8369701987210294e-16,0,0,3,28000.0,37000.0,21000.0,32666.666666666668,37666.66666666666,34666.666666666664,4509.2497528229,0.9423,77,1,Modere
ST0078,A0002,2021-10,8000,1,2021-10-01,2021,10,4,-0.8660254037844386,0.5000000000000001,0,1,3,26000.0,33000.0,24000.0,29000.0,35333.333333333336,35083.333333333336,3605.551275463996,0.8266,77,1,Modere
ST0078,A0002,2021-11,42000,4,2021-11-01,2021,11,4,-0.5000000000000004,0.8660254037844384,0,1,3,8000.0,28000.0,29000.0,20666.666666666668,27833.33333333333,33750.0,11015.141094572207,0.6123,77,1,Modere
ST0078,A0002,2021-12,53000,4,2021-12-01,2021,12,4,-2.4492935982947064e-16,1.0,0,1,0,42000.0,26000.0,54000.0,25333.33333333333,29000.0,34833.333333333336,17009.801096230767,0.7273,77,1,Modere
ST0078,A0002,2022-01,45000,4,2022-01-01,2022,1,1,0.4999999999999999,0.8660254037844387,1,0,0,53000.0,8000.0,32000.0,34333.333333333336,31666.666666666668,34750.0,23459.18441321721,0.988,77,1,Modere
ST0078,A0002,2022-02,35000,3,2022-02-01,2022,2,1,0.8660254037844386,0.5000000000000001,1,0,0,45000.0,42000.0,30000.0,46666.66666666666,33666.666666666664,35833.333333333336,5686.240703077316,1.3023,77,1,Modere
ST0078,A0002,2022-03,37000,3,2022-03-01,2022,3,1,1.0,6.123233995736766e-17,1,0,1,35000.0,53000.0,40000.0,44333.333333333336,34833.333333333336,36250.0,9018.499505645785,1.223,77,1,Modere
ST0078,A0002,2022-04,16000,2,2022-04-01,2022,4,2,0.8660254037844387,-0.4999999999999998,0,0,1,37000.0,45000.0,53000.0,39000.0,36666.66666666666,36000.0,5291.502622129174,1.0833,77,1,Modere
ST0078,A0002,2022-05,124000,4,2022-05-01,2022,5,2,0.4999999999999999,-0.8660254037844387,0,0,2,16000.0,35000.0,35000.0,29333.33333333333,38000.0,32916.666666666664,11590.22576714247,0.8911,77,1,Modere
ST0078,A0002,2022-06,60000,3,2022-06-01,2022,6,2,1.2246467991473532e-16,-1.0,0,0,2,124000.0,37000.0,37000.0,59000.0,51666.66666666666,40333.333333333336,57262.55320888163,1.4628,77,1,Modere
ST0078,A0002,2022-07,51000,3,2022-07-01,2022,7,3,-0.4999999999999997,-0.8660254037844388,0,0,2,60000.0,16000.0,33000.0,66666.66666666667,52833.333333333336,42250.0,54307.76494511014,1.5779,77,1,Modere
ST0078,A0002,2022-08,41000,4,2022-08-01,2022,8,3,-0.8660254037844385,-0.5000000000000004,0,0,3,51000.0,124000.0,28000.0,78333.33333333333,53833.333333333336,43750.0,39803.68492154129,1.7904,77,1,Modere
ST0078,A0002,2022-09,30000,2,2022-09-01,2022,9,3,-1.0,-1.8369701987210294e-16,0,0,3,41000.0,60000.0,26000.0,50666.66666666666,54833.333333333336,44833.333333333336,9504.384952922152,1.1301,77,1,Modere
ST0078,A0002,2022-10,30000,2,2022-10-01,2022,10,4,-0.8660254037844386,0.5000000000000001,0,1,3,30000.0,51000.0,8000.0,40666.66666666666,53666.66666666666,45166.66666666666,10503.967504392473,0.9003,77,1,Modere
ST0078,A0002,2022-11,27000,2,2022-11-01,2022,11,4,-0.5000000000000004,0.8660254037844384,0,1,3,30000.0,41000.0,42000.0,33666.666666666664,56000.0,47000.0,6350.852961085856,0.7163,77,1,Modere
ST0078,A0002,2022-12,11000,2,2022-12-01,2022,12,4,-2.4492935982947064e-16,1.0,0,1,0,27000.0,30000.0,53000.0,29000.0,39833.333333333336,45750.0,1732.0508075687671,0.6339,77,1,Modere
ST0078,A0002,2023-01,35000,3,2023-01-01,2023,1,1,0.4999999999999999,0.8660254037844387,1,0,0,11000.0,30000.0,45000.0,22666.666666666668,31666.666666666668,42250.0,10214.368964029683,0.5365,77,1,Modere
ST0078,A0002,2023-02,43000,4,2023-02-01,2023,2,1,0.8660254037844386,0.5000000000000001,1,0,0,35000.0,27000.0,35000.0,24333.33333333333,29000.0,41416.66666666666,12220.201853215554,0.5875,77,1,Modere
ST0078,A0002,2023-03,35000,4,2023-03-01,2023,3,1,1.0,6.123233995736766e-17,1,0,1,43000.0,11000.0,37000.0,29666.666666666668,29333.33333333333,42083.333333333336,16653.32799572905,0.7049,77,1,Modere
ST0078,A0002,2023-04,20000,2,2023-04-01,2023,4,2,0.8660254037844387,-0.4999999999999998,0,0,1,35000.0,35000.0,16000.0,37666.66666666666,30166.666666666668,41916.66666666666,4618.802153516979,0.8986,77,1,Modere
ST0078,A0002,2023-05,33000,2,2023-05-01,2023,5,2,0.4999999999999999,-0.8660254037844387,0,0,2,20000.0,43000.0,124000.0,32666.666666666668,28500.0,42250.0,11676.18659209132,0.7732,77,1,Modere
ST0078,A0002,2023-06,20000,2,2023-06-01,2023,6,2,1.2246467991473532e-16,-1.0,0,0,2,33000.0,35000.0,60000.0,29333.33333333333,29500.0,34666.666666666664,8144.527815247064,0.8461,77,1,Modere
ST0078,A0002,2023-07,30000,2,2023-07-01,2023,7,3,-0.4999999999999997,-0.8660254037844388,0,0,2,20000.0,20000.0,51000.0,24333.33333333333,31000.0,31333.33333333333,7505.55349946512,0.7766,77,1,Modere
ST0078,A0002,2023-08,30000,2,2023-08-01,2023,8,3,-0.8660254037844385,-0.5000000000000004,0,0,3,30000.0,33000.0,41000.0,27666.666666666668,30166.666666666668,29583.33333333333,6806.859285554029,0.9352,77,1,Modere
ST0078,A0002,2023-09,15000,1,2023-09-01,2023,9,3,-1.0,-1.8369701987210294e-16,0,0,3,30000.0,20000.0,30000.0,26666.666666666668,28000.0,28666.666666666668,5773.502691896238,0.9302,77,1,Modere
ST0078,A0002,2023-10,15000,1,2023-10-01,2023,10,4,-0.8660254037844386,0.5000000000000001,0,1,3,15000.0,30000.0,30000.0,25000.0,24666.666666666668,27416.666666666668,8660.254037844372,0.9118,77,1,Modere
ST0078,A0002,2023-11,15000,2,2023-11-01,2023,11,4,-0.5000000000000004,0.8660254037844384,0,1,3,15000.0,30000.0,27000.0,20000.0,23833.33333333333,26166.666666666668,8660.254037844372,0.7643,77,1,Modere
ST0078,A0002,2023-12,20000,3,2023-12-01,2023,12,4,-2.4492935982947064e-16,1.0,0,1,0,15000.0,15000.0,11000.0,15000.0,20833.33333333333,25166.666666666668,0.0,0.596,77,1,Modere
ST0078,A0002,2024-01,20000,2,2024-01-01,2024,1,1,0.4999999999999999,0.8660254037844387,1,0,0,20000.0,15000.0,35000.0,16666.666666666668,20833.33333333333,25916.666666666668,2886.751345948087,0.6431,77,1,Modere
ST0078,A0002,2024-02,18000,1,2024-02-01,2024,2,1,0.8660254037844386,0.5000000000000001,1,0,0,20000.0,15000.0,43000.0,18333.33333333333,19166.666666666668,24666.666666666668,2886.751345948087,0.7432,77,1,Modere
ST0078,A0002,2024-03,15000,1,2024-03-01,2024,3,1,1.0,6.123233995736766e-17,1,0,1,18000.0,20000.0,35000.0,19333.33333333333,17166.666666666668,22583.33333333333,1154.7005383791477,0.8561,77,1,Modere
ST0078,A0002,2024-04,15000,1,2024-04-01,2024,4,2,0.8660254037844387,-0.4999999999999998,0,0,1,15000.0,20000.0,20000.0,17666.666666666668,17166.666666666668,20916.666666666668,2516.611478423536,0.8446,77,1,Modere
ST0078,A0002,2024-05,30000,2,2024-05-01,2024,5,2,0.4999999999999999,-0.8660254037844387,0,0,2,15000.0,18000.0,33000.0,16000.0,17166.666666666668,20500.0,1732.0508075688092,0.7804,77,1,Modere
ST0078,A0002,2024-06,15000,1,2024-06-01,2024,6,2,1.2246467991473532e-16,-1.0,0,0,2,30000.0,15000.0,20000.0,20000.0,19666.666666666668,20250.0,8660.254037844372,0.9876,77,1,Modere
ST0078,A0002,2024-07,15000,1,2024-07-01,2024,7,3,-0.4999999999999997,-0.8660254037844388,0,0,2,15000.0,15000.0,30000.0,20000.0,18833.33333333333,19833.33333333333,8660.254037844372,1.0084,77,1,Modere
ST0078,A0002,2024-08,15000,1,2024-08-01,2024,8,3,-0.8660254037844385,-0.5000000000000004,0,0,3,15000.0,30000.0,30000.0,20000.0,18000.0,18583.33333333333,8660.254037844372,1.0762,77,1,Modere
ST0078,A0002,2024-09,15000,1,2024-09-01,2024,9,3,-1.0,-1.8369701987210294e-16,0,0,3,15000.0,15000.0,15000.0,15000.0,17500.0,17333.333333333332,0.0,0.8653,77,1,Modere
ST0078,A0002,2024-10,15000,1,2024-10-01,2024,10,4,-0.8660254037844386,0.5000000000000001,0,1,3,15000.0,15000.0,15000.0,15000.0,17500.0,17333.333333333332,0.0,0.8653,77,1,Modere
ST0078,A0002,2024-11,15000,1,2024-11-01,2024,11,4,-0.5000000000000004,0.8660254037844384,0,1,3,15000.0,15000.0,15000.0,15000.0,17500.0,17333.333333333332,0.0,0.8653,77,1,Modere
ST0078,A0002,2024-12,30000,3,2024-12-01,2024,12,4,-2.4492935982947064e-16,1.0,0,1,0,15000.0,15000.0,20000.0,15000.0,15000.0,17333.333333333332,0.0,0.8653,77,1,Modere
ST0078,A0002,2025-01,15000,1,2025-01-01,2025,1,1,0.4999999999999999,0.8660254037844387,1,0,0,30000.0,15000.0,20000.0,20000.0,17500.0,18166.666666666668,8660.254037844372,1.1009,77,1,Modere
ST0078,A0002,2025-03,15000,1,2025-03-01,2025,3,1,1.0,6.123233995736766e-17,1,0,1,15000.0,15000.0,18000.0,20000.0,17500.0,17750.0,8660.254037844372,1.1267,77,1,Modere
ST0078,A0002,2025-04,15000,1,2025-04-01,2025,4,2,0.8660254037844387,-0.4999999999999998,0,0,1,15000.0,30000.0,15000.0,20000.0,17500.0,17500.0,8660.254037844372,1.1428,77,1,Modere
ST0078,A0002,2025-05,15000,1,2025-05-01,2025,5,2,0.4999999999999999,-0.8660254037844387,0,0,2,15000.0,15000.0,15000.0,15000.0,17500.0,17500.0,0.0,0.8571,77,1,Modere
ST0078,A0002,2025-07,15000,1,2025-07-01,2025,7,3,-0.4999999999999997,-0.8660254037844388,0,0,2,15000.0,15000.0,30000.0,15000.0,17500.0,17500.0,0.0,0.8571,77,1,Modere
ST0078,A0002,2025-08,15000,1,2025-08-01,2025,8,3,-0.8660254037844385,-0.5000000000000004,0,0,3,15000.0,15000.0,15000.0,15000.0,17500.0,16250.0,0.0,0.923,77,1,Modere
ST0078,A0002,2025-10,15000,1,2025-10-01,2025,10,4,-0.8660254037844386,0.5000000000000001,0,1,3,15000.0,15000.0,15000.0,15000.0,15000.0,16250.0,0.0,0.923,77,1,Modere
ST0078,A0002,2025-11,15000,1,2025-11-01,2025,11,4,-0.5000000000000004,0.8660254037844384,0,1,3,15000.0,15000.0,15000.0,15000.0,15000.0,16250.0,0.0,0.923,77,1,Modere
ST0080,A0001,2021-11,15000,3,2021-11-01,2021,11,4,-0.5000000000000004,0.8660254037844384,0,1,3,21000.0,34000.0,10000.0,27666.666666666668,22166.666666666668,18666.666666666668,6506.407098647709,1.4821,79,0,Modere
ST0080,A0001,2021-12,25000,5,2021-12-01,2021,12,4,-2.4492935982947064e-16,1.0,0,1,0,15000.0,28000.0,19000.0,21333.33333333333,21333.33333333333,19083.33333333333,6506.407098647709,1.1178,79,0,Modere
ST0080,A0001,2022-01,15000,3,2022-01-01,2022,1,1,0.4999999999999999,0.8660254037844387,1,0,0,25000.0,21000.0,11000.0,20333.33333333333,23000.0,19583.33333333333,5033.222956847163,1.0382,79,0,Modere
ST0080,A0001,2022-02,25000,5,2022-02-01,2022,2,1,0.8660254037844386,0.5000000000000001,1,0,0,15000.0,15000.0,16000.0,18333.33333333333,23000.0,19916.666666666668,5773.502691896254,0.9205,79,0,Modere
ST0080,A0001,2022-03,15000,3,2022-03-01,2022,3,1,1.0,6.123233995736766e-17,1,0,1,25000.0,25000.0,20000.0,21666.666666666668,21500.0,20666.666666666668,5773.502691896254,1.0483,79,0,Modere
ST0080,A0001,2022-04,20000,4,2022-04-01,2022,4,2,0.8660254037844387,-0.4999999999999998,0,0,1,15000.0,15000.0,15000.0,18333.33333333333,19333.33333333333,20250.0,5773.502691896254,0.9053,79,0,Modere
ST0080,A0001,2022-05,10000,2,2022-05-01,2022,5,2,0.4999999999999999,-0.8660254037844387,0,0,2,20000.0,25000.0,20000.0,20000.0,19166.666666666668,20666.666666666668,4999.999999999996,0.9677,79,0,Modere
ST0080,A0001,2022-06,13000,4,2022-06-01,2022,6,2,1.2246467991473532e-16,-1.0,0,0,2,10000.0,15000.0,15000.0,15000.0,18333.33333333333,19833.33333333333,4999.999999999996,0.7563,79,0,Modere
ST0080,A0001,2022-07,15000,4,2022-07-01,2022,7,3,-0.4999999999999997,-0.8660254037844388,0,0,2,13000.0,20000.0,15000.0,14333.333333333334,16333.333333333334,19666.666666666668,5131.601439446881,0.7288,79,0,Modere
ST0080,A0001,2022-08,15000,4,2022-08-01,2022,8,3,-0.8660254037844385,-0.5000000000000004,0,0,3,15000.0,10000.0,34000.0,12666.666666666666,16333.333333333334,19666.666666666668,2516.6114784235765,0.644,79,0,Modere
ST0080,A0001,2022-09,15000,4,2022-09-01,2022,9,3,-1.0,-1.8369701987210294e-16,0,0,3,15000.0,13000.0,28000.0,14333.333333333334,14666.666666666666,18083.33333333333,1154.7005383792375,0.7926,79,0,Modere
ST0080,A0001,2022-10,10000,2,2022-10-01,2022,10,4,-0.8660254037844386,0.5000000000000001,0,1,3,15000.0,15000.0,21000.0,15000.0,14666.666666666666,17000.0,0.0,0.8823,79,0,Modere
ST0080,A0001,2022-11,15000,3,2022-11-01,2022,11,4,-0.5000000000000004,0.8660254037844384,0,1,3,10000.0,15000.0,15000.0,13333.333333333334,13000.0,16083.333333333334,2886.751345948124,0.829,79,0,Modere
ST0080,A0001,2022-12,18000,4,2022-12-01,2022,12,4,-2.4492935982947064e-16,1.0,0,1,0,15000.0,15000.0,25000.0,13333.333333333334,13833.333333333334,16083.333333333334,2886.751345948124,0.829,79,0,Modere
ST0080,A0001,2023-01,8000,2,2023-01-01,2023,1,1,0.4999999999999999,0.8660254037844387,1,0,0,18000.0,10000.0,15000.0,14333.333333333334,14666.666666666666,15500.0,4041.451884327376,0.9247,79,0,Modere
ST0080,A0001,2023-02,13000,3,2023-02-01,2023,2,1,0.8660254037844386,0.5000000000000001,1,0,0,8000.0,15000.0,25000.0,13666.666666666666,13500.0,14916.666666666666,5131.601439446881,0.9161,79,0,Modere
ST0080,A0001,2023-03,15000,3,2023-03-01,2023,3,1,1.0,6.123233995736766e-17,1,0,1,13000.0,18000.0,15000.0,13000.0,13166.666666666666,13916.666666666666,4999.999999999996,0.9341,79,0,Modere
ST0080,A0001,2023-04,9000,2,2023-04-01,2023,4,2,0.8660254037844387,-0.4999999999999998,0,0,1,15000.0,8000.0,20000.0,12000.0,13166.666666666666,13916.666666666666,3605.551275463984,0.8622,79,0,Modere
ST0080,A0001,2023-05,14000,4,2023-05-01,2023,5,2,0.4999999999999999,-0.8660254037844387,0,0,2,9000.0,13000.0,10000.0,12333.333333333334,13000.0,13000.0,3055.050463303888,0.9486,79,0,Modere
ST0080,A0001,2023-06,40000,8,2023-06-01,2023,6,2,1.2246467991473532e-16,-1.0,0,0,2,14000.0,15000.0,13000.0,12666.666666666666,12833.333333333334,13333.333333333334,3214.550253664313,0.9499,79,0,Modere
ST0080,A0001,2023-07,44000,10,2023-07-01,2023,7,3,-0.4999999999999997,-0.8660254037844388,0,0,2,40000.0,9000.0,15000.0,21000.0,16500.0,15583.333333333334,16643.316977093236,1.3475,79,0,Modere
ST0080,A0001,2023-08,32000,6,2023-08-01,2023,8,3,-0.8660254037844385,-0.5000000000000004,0,0,3,44000.0,14000.0,15000.0,32666.666666666668,22500.0,18000.0,16289.055630494153,1.8147,79,0,Modere
ST0080,A0001,2023-09,29000,5,2023-09-01,2023,9,3,-1.0,-1.8369701987210294e-16,0,0,3,32000.0,40000.0,15000.0,38666.66666666666,25666.666666666668,19416.666666666668,6110.100926607778,1.9913,79,0,Modere
ST0080,A0001,2023-10,30000,6,2023-10-01,2023,10,4,-0.8660254037844386,0.5000000000000001,0,1,3,29000.0,44000.0,10000.0,35000.0,28000.0,20583.33333333333,7937.253933193765,1.7003,79,0,Modere
ST0080,A0001,2023-11,30000,6,2023-11-01,2023,11,4,-0.5000000000000004,0.8660254037844384,0,1,3,30000.0,32000.0,15000.0,30333.33333333333,31500.0,22250.0,1527.5252316519125,1.3632,79,0,Modere
ST0080,A0001,2023-12,24000,4,2023-12-01,2023,12,4,-2.4492935982947064e-16,1.0,0,1,0,30000.0,29000.0,18000.0,29666.666666666668,34166.666666666664,23500.0,577.3502691895336,1.2624,79,0,Modere
ST0080,A0001,2024-01,18000,3,2024-01-01,2024,1,1,0.4999999999999999,0.8660254037844387,1,0,0,24000.0,30000.0,8000.0,28000.0,31500.0,24000.0,3464.101615137739,1.1666,79,0,Modere
ST0080,A0001,2024-02,18000,3,2024-02-01,2024,2,1,0.8660254037844386,0.5000000000000001,1,0,0,18000.0,30000.0,13000.0,24000.0,27166.666666666668,24833.33333333333,5999.999999999991,0.9664,79,0,Modere
ST0080,A0001,2024-03,20000,5,2024-03-01,2024,3,1,1.0,6.123233995736766e-17,1,0,1,18000.0,24000.0,15000.0,20000.0,24833.33333333333,25250.0,3464.10161513774,0.792,79,0,Modere
ST0080,A0001,2024-04,18000,4,2024-04-01,2024,4,2,0.8660254037844387,-0.4999999999999998,0,0,1,20000.0,18000.0,9000.0,18666.666666666668,23333.33333333333,25666.666666666668,1154.700538379206,0.7272,79,0,Modere
ST0080,A0001,2024-05,29000,6,2024-05-01,2024,5,2,0.4999999999999999,-0.8660254037844387,0,0,2,18000.0,18000.0,14000.0,18666.666666666668,21333.33333333333,26416.666666666668,1154.700538379206,0.7066,79,0,Modere
ST0080,A0001,2024-06,16000,4,2024-06-01,2024,6,2,1.2246467991473532e-16,-1.0,0,0,2,29000.0,20000.0,40000.0,22333.33333333333,21166.666666666668,27666.666666666668,5859.465277082307,0.8072,79,0,Modere
ST0080,A0001,2024-07,17000,3,2024-07-01,2024,7,3,-0.4999999999999997,-0.8660254037844388,0,0,2,16000.0,18000.0,44000.0,21000.0,19833.33333333333,25666.666666666668,6999.999999999993,0.8181,79,0,Modere
ST0080,A0001,2024-08,21000,6,2024-08-01,2024,8,3,-0.8660254037844385,-0.5000000000000004,0,0,3,17000.0,29000.0,32000.0,20666.666666666668,19666.666666666668,23416.666666666668,7234.178138070228,0.8825,79,0,Modere
ST0080,A0001,2024-09,18000,4,2024-09-01,2024,9,3,-1.0,-1.8369701987210294e-16,0,0,3,21000.0,16000.0,29000.0,18000.0,20166.666666666668,22500.0,2645.7513110645723,0.8,79,0,Modere
ST0080,A0001,2024-10,24000,5,2024-10-01,2024,10,4,-0.8660254037844386,0.5000000000000001,0,1,3,18000.0,17000.0,30000.0,18666.666666666668,19833.33333333333,21583.33333333333,2081.665999466109,0.8648,79,0,Modere
ST0080,A0001,2024-11,20000,4,2024-11-01,2024,11,4,-0.5000000000000004,0.8660254037844384,0,1,3,24000.0,21000.0,30000.0,21000.0,20833.33333333333,21083.33333333333,2999.999999999984,0.996,79,0,Modere
ST0080,A0001,2024-12,23000,5,2024-12-01,2024,12,4,-2.4492935982947064e-16,1.0,0,1,0,20000.0,18000.0,24000.0,20666.666666666668,19333.33333333333,20250.0,3055.0504633038777,1.0205,79,0,Modere
ST0080,A0001,2025-01,11000,2,2025-01-01,2025,1,1,0.4999999999999999,0.8660254037844387,1,0,0,23000.0,24000.0,18000.0,22333.33333333333,20500.0,20166.666666666668,2081.665999466109,1.1074,79,0,Modere
ST0080,A0001,2025-02,12000,3,2025-02-01,2025,2,1,0.8660254037844386,0.5000000000000001,1,0,0,11000.0,20000.0,18000.0,18000.0,19500.0,19583.33333333333,6244.99799839839,0.9191,79,0,Modere
ST0080,A0001,2025-03,16000,4,2025-03-01,2025,3,1,1.0,6.123233995736766e-17,1,0,1,12000.0,23000.0,20000.0,15333.333333333334,18000.0,19083.33333333333,6658.328118479386,0.8035,79,0,Modere
ST0080,A0001,2025-04,10000,2,2025-04-01,2025,4,2,0.8660254037844387,-0.4999999999999998,0,0,1,16000.0,11000.0,18000.0,13000.0,17666.666666666668,18750.0,2645.7513110645737,0.6933,79,0,Modere
ST0080,A0001,2025-05,21000,4,2025-05-01,2025,5,2,0.4999999999999999,-0.8660254037844387,0,0,2,10000.0,12000.0,29000.0,12666.666666666666,15333.333333333334,18083.33333333333,3055.0504633038786,0.7004,79,0,Modere
ST0080,A0001,2025-06,11000,3,2025-06-01,2025,6,2,1.2246467991473532e-16,-1.0,0,0,2,21000.0,16000.0,16000.0,15666.666666666666,15500.0,17416.666666666668,5507.570547286095,0.8995,79,0,Modere
ST0080,A0001,2025-07,20000,4,2025-07-01,2025,7,3,-0.4999999999999997,-0.8660254037844388,0,0,2,11000.0,10000.0,17000.0,14000.0,13500.0,17000.0,6082.762530298212,0.8235,79,0,Modere
ST0080,A0001,2025-08,11000,2,2025-08-01,2025,8,3,-0.8660254037844385,-0.5000000000000004,0,0,3,20000.0,21000.0,21000.0,17333.333333333332,15000.0,17250.0,5507.570547286095,1.0048,79,0,Modere
ST0080,A0001,2025-09,20000,4,2025-09-01,2025,9,3,-1.0,-1.8369701987210294e-16,0,0,3,11000.0,11000.0,18000.0,14000.0,14833.333333333334,16416.666666666668,5196.152422706622,0.8527,79,0,Modere
ST0080,A0001,2025-10,12000,2,2025-10-01,2025,10,4,-0.8660254037844386,0.5000000000000001,0,1,3,20000.0,20000.0,24000.0,17000.0,15500.0,16583.333333333332,5196.152422706625,1.0251,79,0,Modere
ST0080,A0001,2025-11,15000,4,2025-11-01,2025,11,4,-0.5000000000000004,0.8660254037844384,0,1,3,12000.0,11000.0,20000.0,14333.333333333334,15833.333333333334,15583.333333333334,4932.882862316237,0.9197,79,0,Modere
ST0080,A0001,2025-12,21000,6,2025-12-01,2025,12,4,-2.4492935982947064e-16,1.0,0,1,0,15000.0,20000.0,23000.0,15666.666666666666,14833.333333333334,15166.666666666666,4041.451884327369,1.0329,79,0,Modere
ST0080,A0002,2021-11,3000,1,2021-11-01,2021,11,4,-0.5000000000000004,0.8660254037844384,0,1,3,6000.0,13000.0,4000.0,8666.666666666666,8000.0,7416.666666666667,3785.938897200182,1.1684,79,1,Modere
ST0080,A0002,2021-12,10000,3,2021-12-01,2021,12,4,-2.4492935982947064e-16,1.0,0,1,0,3000.0,7000.0,7000.0,5333.333333333333,6666.666666666667,7333.333333333333,2081.66599946614,0.7272,79,1,Modere
ST0080,A0002,2022-01,9000,2,2022-01-01,2022,1,1,0.4999999999999999,0.8660254037844387,1,0,0,10000.0,6000.0,5000.0,6333.333333333333,7666.666666666667,7583.333333333333,3511.884584284249,0.8351,79,1,Modere
ST0080,A0002,2022-02,8000,2,2022-02-01,2022,2,1,0.8660254037844386,0.5000000000000001,1,0,0,9000.0,3000.0,10000.0,7333.333333333333,8000.0,7916.666666666667,3785.938897200184,0.9262,79,1,Modere
ST0080,A0002,2022-03,3000,1,2022-03-01,2022,3,1,1.0,6.123233995736766e-17,1,0,1,8000.0,10000.0,11000.0,9000.0,7166.666666666667,7750.0,999.9999999999952,1.1611,79,1,Modere
ST0080,A0002,2022-04,15000,2,2022-04-01,2022,4,2,0.8660254037844387,-0.4999999999999998,0,0,1,3000.0,9000.0,4000.0,6666.666666666667,6500.0,7083.333333333333,3214.550253664321,0.941,79,1,Modere
ST0080,A0002,2022-05,10000,2,2022-05-01,2022,5,2,0.4999999999999999,-0.8660254037844387,0,0,2,15000.0,8000.0,11000.0,8666.666666666666,8000.0,8000.0,6027.7137733417085,1.0832,79,1,Modere
ST0080,A0002,2022-06,36000,5,2022-06-01,2022,6,2,1.2246467991473532e-16,-1.0,0,0,2,10000.0,3000.0,4000.0,9333.333333333334,9166.666666666666,7916.666666666667,6027.713773341708,1.1788,79,1,Modere
ST0080,A0002,2022-07,18000,5,2022-07-01,2022,7,3,-0.4999999999999997,-0.8660254037844388,0,0,2,36000.0,15000.0,7000.0,20333.33333333333,13500.0,10583.333333333334,13796.134724383248,1.9211,79,1,Modere
ST0080,A0002,2022-08,13000,3,2022-08-01,2022,8,3,-0.8660254037844385,-0.5000000000000004,0,0,3,18000.0,10000.0,13000.0,21333.33333333333,15000.0,11500.0,13316.656236958785,1.8549,79,1,Modere
ST0080,A0002,2022-09,9000,3,2022-09-01,2022,9,3,-1.0,-1.8369701987210294e-16,0,0,3,13000.0,36000.0,7000.0,22333.33333333333,15833.333333333334,11500.0,12096.8315410827,1.9419,79,1,Modere
ST0080,A0002,2022-10,10000,3,2022-10-01,2022,10,4,-0.8660254037844386,0.5000000000000001,0,1,3,9000.0,18000.0,6000.0,13333.333333333334,16833.333333333332,11666.666666666666,4509.249752822893,1.1428,79,1,Modere
ST0080,A0002,2022-11,28000,5,2022-11-01,2022,11,4,-0.5000000000000004,0.8660254037844384,0,1,3,10000.0,13000.0,3000.0,10666.666666666666,16000.0,12000.0,2081.665999466134,0.8888,79,1,Modere
ST0080,A0002,2022-12,10000,3,2022-12-01,2022,12,4,-2.4492935982947064e-16,1.0,0,1,0,28000.0,9000.0,10000.0,15666.666666666666,19000.0,14083.333333333334,10692.676621563623,1.1123,79,1,Modere
ST0080,A0002,2023-01,10000,3,2023-01-01,2023,1,1,0.4999999999999999,0.8660254037844387,1,0,0,10000.0,10000.0,9000.0,16000.0,14666.666666666666,14083.333333333334,10392.304845413262,1.136,79,1,Modere
ST0080,A0002,2023-02,11000,3,2023-02-01,2023,2,1,0.8660254037844386,0.5000000000000001,1,0,0,10000.0,28000.0,8000.0,16000.0,13333.333333333334,14166.666666666666,10392.304845413262,1.1293,79,1,Modere
ST0080,A0002,2023-03,10000,3,2023-03-01,2023,3,1,1.0,6.123233995736766e-17,1,0,1,11000.0,10000.0,3000.0,10333.333333333334,13000.0,14416.666666666666,577.3502691895997,0.7167,79,1,Modere
ST0080,A0002,2023-04,10000,4,2023-04-01,2023,4,2,0.8660254037844387,-0.4999999999999998,0,0,1,10000.0,10000.0,15000.0,10333.333333333334,13166.666666666666,15000.0,577.3502691895997,0.6888,79,1,Modere
ST0080,A0002,2023-05,11000,3,2023-05-01,2023,5,2,0.4999999999999999,-0.8660254037844387,0,0,2,10000.0,11000.0,10000.0,10333.333333333334,13166.666666666666,14583.333333333334,577.3502691895997,0.7085,79,1,Modere
ST0080,A0002,2023-06,17000,4,2023-06-01,2023,6,2,1.2246467991473532e-16,-1.0,0,0,2,11000.0,10000.0,36000.0,10333.333333333334,10333.333333333334,14666.666666666666,577.3502691895997,0.7045,79,1,Modere
ST0080,A0002,2023-07,13000,3,2023-07-01,2023,7,3,-0.4999999999999997,-0.8660254037844388,0,0,2,17000.0,10000.0,18000.0,12666.666666666666,11500.0,13083.333333333334,3785.938897200179,0.9681,79,1,Modere
ST0080,A0002,2023-08,15000,3,2023-08-01,2023,8,3,-0.8660254037844385,-0.5000000000000004,0,0,3,13000.0,11000.0,13000.0,13666.666666666666,12000.0,12666.666666666666,3055.050463303889,1.0789,79,1,Modere
ST0080,A0002,2023-09,10000,2,2023-09-01,2023,9,3,-1.0,-1.8369701987210294e-16,0,0,3,15000.0,17000.0,9000.0,15000.0,12666.666666666666,12833.333333333334,1999.9999999999932,1.1687,79,1,Modere
ST0080,A0002,2023-10,10000,2,2023-10-01,2023,10,4,-0.8660254037844386,0.5000000000000001,0,1,3,10000.0,13000.0,10000.0,12666.666666666666,12666.666666666666,12916.666666666666,2516.611478423578,0.9806,79,1,Modere
ST0080,A0002,2023-11,15000,3,2023-11-01,2023,11,4,-0.5000000000000004,0.8660254037844384,0,1,3,10000.0,15000.0,28000.0,11666.666666666666,12666.666666666666,12916.666666666666,2886.751345948124,0.9032,79,1,Modere
ST0080,A0002,2023-12,23000,6,2023-12-01,2023,12,4,-2.4492935982947064e-16,1.0,0,1,0,15000.0,10000.0,10000.0,11666.666666666666,13333.333333333334,11833.333333333334,2886.751345948124,0.9858,79,1,Modere
ST0080,A0002,2024-01,10000,2,2024-01-01,2024,1,1,0.4999999999999999,0.8660254037844387,1,0,0,23000.0,10000.0,10000.0,16000.0,14333.333333333334,12916.666666666666,6557.438524301999,1.2386,79,1,Modere
ST0080,A0002,2024-02,10000,2,2024-02-01,2024,2,1,0.8660254037844386,0.5000000000000001,1,0,0,10000.0,15000.0,11000.0,16000.0,13833.333333333334,12916.666666666666,6557.438524301999,1.2386,79,1,Modere
ST0080,A0002,2024-03,10000,2,2024-03-01,2024,3,1,1.0,6.123233995736766e-17,1,0,1,10000.0,23000.0,10000.0,14333.333333333334,13000.0,12833.333333333334,7505.553499465133,1.1168,79,1,Modere
ST0080,A0002,2024-04,13000,3,2024-04-01,2024,4,2,0.8660254037844387,-0.4999999999999998,0,0,1,10000.0,10000.0,10000.0,10000.0,13000.0,12833.333333333334,0.0,0.7792,79,1,Modere
ST0080,A0002,2024-05,14000,4,2024-05-01,2024,5,2,0.4999999999999999,-0.8660254037844387,0,0,2,13000.0,10000.0,11000.0,11000.0,13500.0,13083.333333333334,1732.0508075688708,0.8407,79,1,Modere
ST0080,A0002,2024-06,8000,2,2024-06-01,2024,6,2,1.2246467991473532e-16,-1.0,0,0,2,14000.0,10000.0,17000.0,12333.333333333334,13333.333333333334,13333.333333333334,2081.6659994661272,0.9249,79,1,Modere
ST0080,A0002,2024-07,13000,4,2024-07-01,2024,7,3,-0.4999999999999997,-0.8660254037844388,0,0,2,8000.0,13000.0,13000.0,11666.666666666666,10833.333333333334,12583.333333333334,3214.5502536643144,0.9271,79,1,Modere
ST0080,A0002,2024-08,8000,2,2024-08-01,2024,8,3,-0.8660254037844385,-0.5000000000000004,0,0,3,13000.0,14000.0,15000.0,11666.666666666666,11333.333333333334,12583.333333333334,3214.5502536643144,0.9271,79,1,Modere
ST0080,A0002,2024-09,10000,2,2024-09-01,2024,9,3,-1.0,-1.8369701987210294e-16,0,0,3,8000.0,8000.0,10000.0,9666.666666666666,11000.0,12000.0,2886.7513459481243,0.8055,79,1,Modere
ST0080,A0002,2024-10,9000,2,2024-10-01,2024,10,4,-0.8660254037844386,0.5000000000000001,0,1,3,10000.0,13000.0,10000.0,10333.333333333334,11000.0,12000.0,2516.6114784235783,0.861,79,1,Modere
ST0080,A0002,2024-11,15000,3,2024-11-01,2024,11,4,-0.5000000000000004,0.8660254037844384,0,1,3,9000.0,8000.0,15000.0,9000.0,10333.333333333334,11916.666666666666,999.999999999988,0.7552,79,1,Modere
ST0080,A0002,2024-12,11000,3,2024-12-01,2024,12,4,-2.4492935982947064e-16,1.0,0,1,0,15000.0,10000.0,23000.0,11333.333333333334,10500.0,11916.666666666666,3214.5502536643144,0.951,79,1,Modere
ST0080,A0002,2025-01,12000,3,2025-01-01,2025,1,1,0.4999999999999999,0.8660254037844387,1,0,0,11000.0,9000.0,10000.0,11666.666666666666,11000.0,10916.666666666666,3055.050463303889,1.0686,79,1,Modere
ST0080,A0002,2025-02,6000,2,2025-02-01,2025,2,1,0.8660254037844386,0.5000000000000001,1,0,0,12000.0,15000.0,10000.0,12666.666666666666,10833.333333333334,11083.333333333334,2081.6659994661263,1.1428,79,1,Modere
ST0080,A0002,2025-03,13000,3,2025-03-01,2025,3,1,1.0,6.123233995736766e-17,1,0,1,6000.0,11000.0,10000.0,9666.666666666666,10500.0,10750.0,3214.550253664314,0.8991,79,1,Modere
ST0080,A0002,2025-04,14000,4,2025-04-01,2025,4,2,0.8660254037844387,-0.4999999999999998,0,0,1,13000.0,12000.0,13000.0,10333.333333333334,11000.0,11000.0,3785.9388972001775,0.9393,79,1,Modere
ST0080,A0002,2025-05,8000,2,2025-05-01,2025,5,2,0.4999999999999999,-0.8660254037844387,0,0,2,14000.0,6000.0,14000.0,11000.0,11833.333333333334,11083.333333333334,4358.89894354067,0.9924,79,1,Modere
ST0080,A0002,2025-06,10000,3,2025-06-01,2025,6,2,1.2246467991473532e-16,-1.0,0,0,2,8000.0,13000.0,8000.0,11666.666666666666,10666.666666666666,10583.333333333334,3214.550253664313,1.1023,79,1,Modere
ST0080,A0002,2025-07,9000,2,2025-07-01,2025,7,3,-0.4999999999999997,-0.8660254037844388,0,0,2,10000.0,14000.0,13000.0,10666.666666666666,10500.0,10750.0,3055.050463303888,0.9922,79,1,Modere
ST0080,A0002,2025-08,10000,2,2025-08-01,2025,8,3,-0.8660254037844385,-0.5000000000000004,0,0,3,9000.0,8000.0,8000.0,9000.0,10000.0,10416.666666666666,999.9999999999836,0.8639,79,1,Modere
ST0080,A0002,2025-09,13000,4,2025-09-01,2025,9,3,-1.0,-1.8369701987210294e-16,0,0,3,10000.0,10000.0,10000.0,9666.666666666666,10666.666666666666,10583.333333333334,577.3502691895977,0.9133,79,1,Modere
ST0080,A0002,2025-10,8000,2,2025-10-01,2025,10,4,-0.8660254037844386,0.5000000000000001,0,1,3,13000.0,9000.0,9000.0,10666.666666666666,10666.666666666666,10833.333333333334,2081.6659994661254,0.9845,79,1,Modere
ST0080,A0002,2025-11,9000,2,2025-11-01,2025,11,4,-0.5000000000000004,0.8660254037844384,0,1,3,8000.0,10000.0,15000.0,10333.333333333334,9666.666666666666,10750.0,2516.6114784235774,0.9612,79,1,Modere
ST0080,A0002,2025-12,17000,4,2025-12-01,2025,12,4,-2.4492935982947064e-16,1.0,0,1,0,9000.0,13000.0,11000.0,10000.0,9833.333333333334,10250.0,2645.751311064585,0.9755,79,1,Modere
ST0081,A0002,2022-09,58000,7,2022-09-01,2022,9,3,-1.0,-1.8369701987210294e-16,0,0,3,60000.0,90000.0,16000.0,75666.66666666667,62666.66666666666,43916.66666666666,15044.378795195662,1.7229,80,1,Modere
ST0081,A0002,2022-10,52000,5,2022-10-01,2022,10,4,-0.8660254037844386,0.5000000000000001,0,1,3,58000.0,77000.0,10000.0,65000.0,69000.0,47416.66666666666,10440.30650891053,1.3708,80,1,Modere
ST0081,A0002,2022-11,66000,6,2022-11-01,2022,11,4,-0.5000000000000004,0.8660254037844384,0,1,3,52000.0,60000.0,20000.0,56666.66666666666,71500.0,50916.66666666666,4163.331998932214,1.1129,80,1,Modere
ST0081,A0002,2022-12,45000,4,2022-12-01,2022,12,4,-2.4492935982947064e-16,1.0,0,1,0,66000.0,58000.0,40000.0,58666.66666666666,67166.66666666667,54750.0,7023.769168568462,1.0715,80,1,Modere
ST0081,A0002,2023-01,36000,4,2023-01-01,2023,1,1,0.4999999999999999,0.8660254037844387,1,0,0,45000.0,52000.0,30000.0,54333.333333333336,59666.66666666666,55166.66666666666,10692.676621563607,0.9849,80,1,Modere
ST0081,A0002,2023-02,32000,5,2023-02-01,2023,2,1,0.8660254037844386,0.5000000000000001,1,0,0,36000.0,66000.0,35000.0,49000.0,52833.333333333336,55666.66666666666,15394.80431834064,0.8802,80,1,Modere
ST0081,A0002,2023-03,27000,4,2023-03-01,2023,3,1,1.0,6.123233995736766e-17,1,0,1,32000.0,45000.0,20000.0,37666.66666666666,48166.66666666666,55416.66666666666,6658.328118479361,0.6797,80,1,Modere
ST0081,A0002,2023-04,26000,3,2023-04-01,2023,4,2,0.8660254037844387,-0.4999999999999998,0,0,1,27000.0,36000.0,37000.0,31666.666666666668,43000.0,56000.0,4509.249752822847,0.5655,80,1,Modere
ST0081,A0002,2023-05,28000,2,2023-05-01,2023,5,2,0.4999999999999999,-0.8660254037844387,0,0,2,26000.0,32000.0,92000.0,28333.33333333333,38666.66666666666,55083.333333333336,3214.550253664252,0.5144,80,1,Modere
ST0081,A0002,2023-06,13000,1,2023-06-01,2023,6,2,1.2246467991473532e-16,-1.0,0,0,2,28000.0,27000.0,90000.0,27000.0,32333.33333333333,49750.0,999.999999999784,0.5427,80,1,Modere
ST0081,A0002,2023-07,15000,1,2023-07-01,2023,7,3,-0.4999999999999997,-0.8660254037844388,0,0,2,13000.0,26000.0,77000.0,22333.33333333333,27000.0,43333.333333333336,8144.527815247051,0.5154,80,1,Modere
ST0081,A0002,2023-08,30000,2,2023-08-01,2023,8,3,-0.8660254037844385,-0.5000000000000004,0,0,3,15000.0,28000.0,60000.0,18666.666666666668,23500.0,38166.66666666666,8144.527815247051,0.4891,80,1,Modere
ST0081,A0002,2023-09,15000,1,2023-09-01,2023,9,3,-1.0,-1.8369701987210294e-16,0,0,3,30000.0,13000.0,58000.0,19333.33333333333,23166.666666666668,35666.666666666664,9291.573243177543,0.542,80,1,Modere
ST0081,A0002,2023-10,15000,1,2023-10-01,2023,10,4,-0.8660254037844386,0.5000000000000001,0,1,3,15000.0,15000.0,52000.0,20000.0,21166.666666666668,32083.33333333333,8660.254037844361,0.6234,80,1,Modere
ST0081,A0002,2023-11,15000,1,2023-11-01,2023,11,4,-0.5000000000000004,0.8660254037844384,0,1,3,15000.0,30000.0,66000.0,20000.0,19333.33333333333,29000.0,8660.254037844361,0.6896,80,1,Modere
ST0081,A0002,2023-12,15000,1,2023-12-01,2023,12,4,-2.4492935982947064e-16,1.0,0,1,0,15000.0,15000.0,45000.0,15000.0,17166.666666666668,24750.0,0.0,0.606,80,1,Modere
ST0081,A0002,2024-01,30000,2,2024-01-01,2024,1,1,0.4999999999999999,0.8660254037844387,1,0,0,15000.0,15000.0,36000.0,15000.0,17500.0,22250.0,0.0,0.6741,80,1,Modere
ST0081,A0002,2024-02,15000,1,2024-02-01,2024,2,1,0.8660254037844386,0.5000000000000001,1,0,0,30000.0,15000.0,32000.0,20000.0,20000.0,21750.0,8660.254037844361,0.9195,80,1,Modere
ST0081,A0002,2024-03,15000,2,2024-03-01,2024,3,1,1.0,6.123233995736766e-17,1,0,1,15000.0,15000.0,27000.0,20000.0,17500.0,20333.33333333333,8660.254037844361,0.9836,80,1,Modere
ST0081,A0002,2024-04,30000,2,2024-04-01,2024,4,2,0.8660254037844387,-0.4999999999999998,0,0,1,15000.0,30000.0,26000.0,20000.0,17500.0,19333.33333333333,8660.254037844361,1.0344,80,1,Modere
ST0081,A0002,2024-05,15000,1,2024-05-01,2024,5,2,0.4999999999999999,-0.8660254037844387,0,0,2,30000.0,15000.0,28000.0,20000.0,20000.0,19666.666666666668,8660.254037844361,1.0169,80,1,Modere
ST0081,A0002,2024-06,15000,2,2024-06-01,2024,6,2,1.2246467991473532e-16,-1.0,0,0,2,15000.0,15000.0,13000.0,20000.0,20000.0,18583.33333333333,8660.254037844361,1.0762,80,1,Modere
ST0081,A0002,2024-07,15000,1,2024-07-01,2024,7,3,-0.4999999999999997,-0.8660254037844388,0,0,2,15000.0,30000.0,15000.0,20000.0,20000.0,18750.0,8660.254037844361,1.0666,80,1,Modere
ST0081,A0002,2024-08,30000,3,2024-08-01,2024,8,3,-0.8660254037844385,-0.5000000000000004,0,0,3,15000.0,15000.0,30000.0,15000.0,17500.0,18750.0,0.0,0.8,80,1,Modere
ST0081,A0002,2024-09,15000,1,2024-09-01,2024,9,3,-1.0,-1.8369701987210294e-16,0,0,3,30000.0,15000.0,15000.0,20000.0,20000.0,18750.0,8660.254037844361,1.0666,80,1,Modere
ST0081,A0002,2024-10,30000,2,2024-10-01,2024,10,4,-0.8660254037844386,0.5000000000000001,0,1,3,15000.0,15000.0,15000.0,20000.0,20000.0,18750.0,8660.254037844361,1.0666,80,1,Modere
ST0081,A0002,2024-11,15000,2,2024-11-01,2024,11,4,-0.5000000000000004,0.8660254037844384,0,1,3,30000.0,30000.0,15000.0,25000.0,20000.0,20000.0,8660.254037844357,1.2499,80,1,Modere
ST0081,A0002,2024-12,30000,2,2024-12-01,2024,12,4,-2.4492935982947064e-16,1.0,0,1,0,15000.0,15000.0,15000.0,20000.0,20000.0,20000.0,8660.254037844361,1.0,80,1,Modere
ST0081,A0002,2025-01,15000,1,2025-01-01,2025,1,1,0.4999999999999999,0.8660254037844387,1,0,0,30000.0,30000.0,30000.0,25000.0,22500.0,21250.0,8660.254037844357,1.1764,80,1,Modere
ST0081,A0002,2025-02,15000,1,2025-02-01,2025,2,1,0.8660254037844386,0.5000000000000001,1,0,0,15000.0,15000.0,15000.0,20000.0,22500.0,20000.0,8660.254037844361,1.0,80,1,Modere
ST0081,A0002,2025-03,15000,1,2025-03-01,2025,3,1,1.0,6.123233995736766e-17,1,0,1,15000.0,30000.0,15000.0,20000.0,20000.0,20000.0,8660.254037844361,1.0,80,1,Modere
ST0081,A0002,2025-08,15000,1,2025-08-01,2025,8,3,-0.8660254037844385,-0.5000000000000004,0,0,3,15000.0,15000.0,30000.0,15000.0,20000.0,20000.0,0.0,0.75,80,1,Modere
ST0081,A0002,2025-09,20000,2,2025-09-01,2025,9,3,-1.0,-1.8369701987210294e-16,0,0,3,15000.0,15000.0,15000.0,15000.0,17500.0,18750.0,0.0,0.8,80,1,Modere
ST0081,A0002,2025-10,25000,3,2025-10-01,2025,10,4,-0.8660254037844386,0.5000000000000001,0,1,3,20000.0,15000.0,15000.0,16666.666666666668,18333.33333333333,19166.666666666668,2886.7513459480583,0.8695,80,1,Modere
ST0081,A0002,2025-11,25000,5,2025-11-01,2025,11,4,-0.5000000000000004,0.8660254037844384,0,1,3,25000.0,15000.0,15000.0,20000.0,17500.0,20000.0,4999.9999999999545,1.0,80,1,Modere
ST0081,A0002,2025-12,26000,4,2025-12-01,2025,12,4,-2.4492935982947064e-16,1.0,0,1,0,25000.0,20000.0,30000.0,23333.33333333333,19166.666666666668,20833.33333333333,2886.751345948042,1.1199,80,1,Modere
ST0083,A0001,2021-11,35000,6,2021-11-01,2021,11,4,-0.5000000000000004,0.8660254037844384,0,1,3,15000.0,17000.0,20000.0,20333.33333333333,18000.0,19333.33333333333,7571.877794400365,1.0517,82,0,Modere
ST0083,A0001,2021-12,30000,4,2021-12-01,2021,12,4,-2.4492935982947064e-16,1.0,0,1,0,35000.0,29000.0,11000.0,26333.33333333333,21833.33333333333,20583.33333333333,10263.20287889377,1.2793,82,0,Modere
ST0083,A0001,2022-01,22000,4,2022-01-01,2022,1,1,0.4999999999999999,0.8660254037844387,1,0,0,30000.0,15000.0,20000.0,26666.666666666668,25000.0,22166.666666666668,10408.329997330664,1.203,82,0,Modere
ST0083,A0001,2022-02,41000,6,2022-02-01,2022,2,1,0.8660254037844386,0.5000000000000001,1,0,0,22000.0,35000.0,19000.0,29000.0,24666.666666666668,22333.33333333333,6557.438524302,1.2984,82,0,Modere
ST0083,A0001,2022-03,18000,6,2022-03-01,2022,3,1,1.0,6.123233995736766e-17,1,0,1,41000.0,30000.0,24000.0,31000.0,28666.666666666668,24166.666666666668,9539.392014169456,1.2827,82,0,Modere
ST0083,A0001,2022-04,21000,3,2022-04-01,2022,4,2,0.8660254037844387,-0.4999999999999998,0,0,1,18000.0,22000.0,30000.0,27000.0,26833.33333333333,23666.666666666668,12288.205727444509,1.1408,82,0,Modere
ST0083,A0001,2022-05,14000,2,2022-05-01,2022,5,2,0.4999999999999999,-0.8660254037844387,0,0,2,21000.0,41000.0,12000.0,26666.666666666668,27833.33333333333,22916.666666666668,12503.332889007368,1.1636,82,0,Modere
ST0083,A0001,2022-06,18000,4,2022-06-01,2022,6,2,1.2246467991473532e-16,-1.0,0,0,2,14000.0,18000.0,11000.0,17666.666666666668,24333.33333333333,23083.33333333333,3511.884584284251,0.7653,82,0,Modere
ST0083,A0001,2022-07,13000,2,2022-07-01,2022,7,3,-0.4999999999999997,-0.8660254037844388,0,0,2,18000.0,21000.0,24000.0,17666.666666666668,22333.33333333333,23666.666666666668,3511.884584284251,0.7464,82,0,Modere
ST0083,A0001,2022-08,32000,4,2022-08-01,2022,8,3,-0.8660254037844385,-0.5000000000000004,0,0,3,13000.0,14000.0,17000.0,15000.0,20833.33333333333,22750.0,2645.7513110645987,0.6593,82,0,Modere
ST0083,A0001,2022-09,18000,3,2022-09-01,2022,9,3,-1.0,-1.8369701987210294e-16,0,0,3,32000.0,18000.0,29000.0,21000.0,19333.33333333333,24000.0,9848.857801796104,0.875,82,0,Modere
ST0083,A0001,2022-10,12000,2,2022-10-01,2022,10,4,-0.8660254037844386,0.5000000000000001,0,1,3,18000.0,13000.0,15000.0,21000.0,19333.33333333333,23083.33333333333,9848.857801796104,0.9097,82,0,Modere
ST0083,A0001,2022-11,21000,4,2022-11-01,2022,11,4,-0.5000000000000004,0.8660254037844384,0,1,3,12000.0,32000.0,35000.0,20666.666666666668,17833.333333333332,22833.33333333333,10263.20287889377,0.9051,82,0,Modere
ST0083,A0001,2022-12,20000,3,2022-12-01,2022,12,4,-2.4492935982947064e-16,1.0,0,1,0,21000.0,18000.0,30000.0,17000.0,19000.0,21666.666666666668,4582.575694955847,0.7846,82,0,Modere
ST0083,A0001,2023-01,15000,2,2023-01-01,2023,1,1,0.4999999999999999,0.8660254037844387,1,0,0,20000.0,12000.0,22000.0,17666.666666666668,19333.33333333333,20833.33333333333,4932.882862316253,0.848,82,0,Modere
ST0083,A0001,2023-02,15000,3,2023-02-01,2023,2,1,0.8660254037844386,0.5000000000000001,1,0,0,15000.0,21000.0,41000.0,18666.666666666668,19666.666666666668,20250.0,3214.550253664325,0.9218,82,0,Modere
ST0083,A0001,2023-03,17000,2,2023-03-01,2023,3,1,1.0,6.123233995736766e-17,1,0,1,15000.0,20000.0,18000.0,16666.666666666668,16833.333333333332,18083.33333333333,2886.751345948141,0.9216,82,0,Modere
ST0083,A0001,2023-04,14000,2,2023-04-01,2023,4,2,0.8660254037844387,-0.4999999999999998,0,0,1,17000.0,15000.0,21000.0,15666.666666666666,16666.666666666668,18000.0,1154.7005383792884,0.8703,82,0,Modere
ST0083,A0001,2023-05,20000,3,2023-05-01,2023,5,2,0.4999999999999999,-0.8660254037844387,0,0,2,14000.0,15000.0,14000.0,15333.333333333334,17000.0,17416.666666666668,1527.525231651976,0.8803,82,0,Modere
ST0083,A0001,2023-06,62000,5,2023-06-01,2023,6,2,1.2246467991473532e-16,-1.0,0,0,2,20000.0,17000.0,18000.0,17000.0,16833.333333333332,17916.666666666668,3000.000000000012,0.9488,82,0,Modere
ST0083,A0001,2023-07,90000,6,2023-07-01,2023,7,3,-0.4999999999999997,-0.8660254037844388,0,0,2,62000.0,14000.0,13000.0,32000.0,23833.33333333333,21583.33333333333,26153.39366124404,1.4826,82,0,Modere
ST0083,A0001,2023-08,75000,5,2023-08-01,2023,8,3,-0.8660254037844385,-0.5000000000000004,0,0,3,90000.0,20000.0,32000.0,57333.333333333336,36333.333333333336,28000.0,35232.56069793015,2.0475,82,0,Modere
ST0083,A0001,2023-09,60000,4,2023-09-01,2023,9,3,-1.0,-1.8369701987210294e-16,0,0,3,75000.0,62000.0,18000.0,75666.66666666667,46333.333333333336,31583.33333333333,14011.899704655754,2.3957,82,0,Modere
ST0083,A0001,2023-10,60000,4,2023-10-01,2023,10,4,-0.8660254037844386,0.5000000000000001,0,1,3,60000.0,90000.0,12000.0,75000.0,53500.0,35083.333333333336,14999.999999999956,2.1377,82,0,Modere
ST0083,A0001,2023-11,45000,3,2023-11-01,2023,11,4,-0.5000000000000004,0.8660254037844384,0,1,3,60000.0,75000.0,21000.0,65000.0,61166.66666666666,39083.333333333336,8660.254037844308,1.6631,82,0,Modere
ST0083,A0001,2023-12,30000,3,2023-12-01,2023,12,4,-2.4492935982947064e-16,1.0,0,1,0,45000.0,60000.0,20000.0,55000.0,65333.333333333336,41083.333333333336,8660.254037844308,1.3387,82,0,Modere
ST0083,A0001,2024-01,30000,2,2024-01-01,2024,1,1,0.4999999999999999,0.8660254037844387,1,0,0,30000.0,60000.0,15000.0,45000.0,60000.0,41916.66666666666,14999.999999999956,1.0735,82,0,Modere
ST0083,A0001,2024-02,30000,2,2024-02-01,2024,2,1,0.8660254037844386,0.5000000000000001,1,0,0,30000.0,45000.0,15000.0,35000.0,50000.0,43166.66666666666,8660.254037844308,0.8108,82,0,Modere
ST0083,A0001,2024-03,30000,2,2024-03-01,2024,3,1,1.0,6.123233995736766e-17,1,0,1,30000.0,30000.0,17000.0,30000.0,42500.0,44416.66666666666,0.0,0.6754,82,0,Modere
ST0083,A0001,2024-04,30000,2,2024-04-01,2024,4,2,0.8660254037844387,-0.4999999999999998,0,0,1,30000.0,30000.0,14000.0,30000.0,37500.0,45500.0,0.0,0.6593,82,0,Modere
ST0083,A0001,2024-05,35000,2,2024-05-01,2024,5,2,0.4999999999999999,-0.8660254037844387,0,0,2,30000.0,30000.0,20000.0,30000.0,32500.0,46833.333333333336,0.0,0.6406,82,0,Modere
ST0083,A0001,2024-06,31000,2,2024-06-01,2024,6,2,1.2246467991473532e-16,-1.0,0,0,2,35000.0,30000.0,62000.0,31666.666666666668,30833.33333333333,48083.333333333336,2886.751345947896,0.6586,82,0,Modere
ST0083,A0001,2024-07,43000,4,2024-07-01,2024,7,3,-0.4999999999999997,-0.8660254037844388,0,0,2,31000.0,30000.0,90000.0,32000.0,31000.0,45500.0,2645.7513110643363,0.7033,82,0,Modere
ST0083,A0001,2024-08,25000,3,2024-08-01,2024,8,3,-0.8660254037844385,-0.5000000000000004,0,0,3,43000.0,35000.0,75000.0,36333.333333333336,33166.666666666664,41583.333333333336,6110.100926607675,0.8737,82,0,Modere
ST0083,A0001,2024-09,40000,4,2024-09-01,2024,9,3,-1.0,-1.8369701987210294e-16,0,0,3,25000.0,31000.0,60000.0,33000.0,32333.33333333333,37416.66666666666,9165.151389911603,0.8819,82,0,Modere
ST0083,A0001,2024-10,28000,3,2024-10-01,2024,10,4,-0.8660254037844386,0.5000000000000001,0,1,3,40000.0,43000.0,60000.0,36000.0,34000.0,35750.0,9643.650760992885,1.007,82,0,Modere
ST0083,A0001,2024-11,17000,3,2024-11-01,2024,11,4,-0.5000000000000004,0.8660254037844384,0,1,3,28000.0,25000.0,45000.0,31000.0,33666.666666666664,33083.333333333336,7937.253933193685,0.937,82,0,Modere
ST0083,A0001,2024-12,35000,6,2024-12-01,2024,12,4,-2.4492935982947064e-16,1.0,0,1,0,17000.0,40000.0,30000.0,28333.33333333333,30666.666666666668,30750.0,11503.622617824873,0.9214,82,0,Modere
ST0083,A0001,2025-01,15000,4,2025-01-01,2025,1,1,0.4999999999999999,0.8660254037844387,1,0,0,35000.0,28000.0,30000.0,26666.666666666668,31333.33333333333,31166.666666666668,9073.77172587739,0.8556,82,0,Modere
ST0083,A0001,2025-02,18000,4,2025-02-01,2025,2,1,0.8660254037844386,0.5000000000000001,1,0,0,15000.0,17000.0,30000.0,22333.33333333333,26666.666666666668,29916.666666666668,11015.141094572142,0.7465,82,0,Modere
ST0083,A0001,2025-03,20000,3,2025-03-01,2025,3,1,1.0,6.123233995736766e-17,1,0,1,18000.0,35000.0,30000.0,22666.666666666668,25500.0,28916.666666666668,10785.793124908894,0.7838,82,0,Modere
ST0083,A0001,2025-04,23000,4,2025-04-01,2025,4,2,0.8660254037844387,-0.4999999999999998,0,0,1,20000.0,15000.0,30000.0,17666.666666666668,22166.666666666668,28083.33333333333,2516.6114784233105,0.6291,82,0,Modere
ST0083,A0001,2025-05,10000,2,2025-05-01,2025,5,2,0.4999999999999999,-0.8660254037844387,0,0,2,23000.0,18000.0,35000.0,20333.33333333333,21333.33333333333,27500.0,2516.6114784233105,0.7394,82,0,Modere
ST0083,A0001,2025-06,15000,3,2025-06-01,2025,6,2,1.2246467991473532e-16,-1.0,0,0,2,10000.0,20000.0,31000.0,17666.666666666668,20166.666666666668,25416.666666666668,6806.8592855539455,0.6951,82,0,Modere
ST0083,A0001,2025-07,20000,4,2025-07-01,2025,7,3,-0.4999999999999997,-0.8660254037844388,0,0,2,15000.0,23000.0,43000.0,16000.0,16833.333333333332,24083.33333333333,6557.438524301897,0.6643,82,0,Modere
ST0083,A0001,2025-08,15000,3,2025-08-01,2025,8,3,-0.8660254037844385,-0.5000000000000004,0,0,3,20000.0,10000.0,25000.0,15000.0,17666.666666666668,22166.666666666668,4999.9999999998645,0.6767,82,0,Modere
ST0083,A0001,2025-09,15000,3,2025-09-01,2025,9,3,-1.0,-1.8369701987210294e-16,0,0,3,15000.0,15000.0,40000.0,16666.666666666668,17166.666666666668,21333.33333333333,2886.751345947894,0.7812,82,0,Modere
ST0083,A0001,2025-10,15000,3,2025-10-01,2025,10,4,-0.8660254037844386,0.5000000000000001,0,1,3,15000.0,20000.0,28000.0,16666.666666666668,16333.333333333334,19250.0,2886.751345947894,0.8658,82,0,Modere
ST0083,A0001,2025-11,21000,4,2025-11-01,2025,11,4,-0.5000000000000004,0.8660254037844384,0,1,3,15000.0,15000.0,17000.0,15000.0,15000.0,18166.666666666668,0.0,0.8256,82,0,Modere
ST0083,A0001,2025-12,17000,3,2025-12-01,2025,12,4,-2.4492935982947064e-16,1.0,0,1,0,21000.0,15000.0,35000.0,17000.0,16833.333333333332,18500.0,3464.101615137557,0.9189,82,0,Modere
ST0085,A0001,2021-02,12000,4,2021-02-01,2021,2,1,0.8660254037844386,0.5000000000000001,1,0,0,7000.0,17000.0,5000.0,13333.333333333334,15000.0,13666.666666666666,5507.570547286105,0.9755,84,0,Modere
ST0085,A0001,2021-03,8000,2,2021-03-01,2021,3,1,1.0,6.123233995736766e-17,1,0,1,12000.0,16000.0,5000.0,11666.666666666666,14333.333333333334,14250.0,4509.249752822897,0.8187,84,0,Modere
ST0085,A0001,2021-04,12000,3,2021-04-01,2021,4,2,0.8660254037844387,-0.4999999999999998,0,0,1,8000.0,7000.0,9000.0,9000.0,12833.333333333334,14500.0,2645.751311064595,0.6206,84,0,Modere
ST0085,A0001,2021-05,11000,4,2021-05-01,2021,5,2,0.4999999999999999,-0.8660254037844387,0,0,2,12000.0,12000.0,11000.0,10666.666666666666,12000.0,14750.0,2309.401076758508,0.7231,84,0,Modere
ST0085,A0001,2021-06,9000,3,2021-06-01,2021,6,2,1.2246467991473532e-16,-1.0,0,0,2,11000.0,8000.0,15000.0,10333.333333333334,11000.0,14750.0,2081.665999466138,0.7005,84,0,Modere
ST0085,A0001,2021-07,19000,6,2021-07-01,2021,7,3,-0.4999999999999997,-0.8660254037844388,0,0,2,9000.0,12000.0,29000.0,10666.666666666666,9833.333333333334,14250.0,1527.5252316519532,0.7485,84,0,Modere
ST0085,A0001,2021-08,14000,3,2021-08-01,2021,8,3,-0.8660254037844385,-0.5000000000000004,0,0,3,19000.0,11000.0,16000.0,13000.0,11833.333333333334,13416.666666666666,5291.502622129183,0.9689,84,0,Modere
ST0085,A0001,2021-09,14000,4,2021-09-01,2021,9,3,-1.0,-1.8369701987210294e-16,0,0,3,14000.0,9000.0,17000.0,14000.0,12166.666666666666,13250.0,5000.000000000002,1.0565,84,0,Modere
ST0085,A0001,2021-10,7000,2,2021-10-01,2021,10,4,-0.8660254037844386,0.5000000000000001,0,1,3,14000.0,19000.0,17000.0,15666.666666666666,13166.666666666666,13000.0,2886.751345948132,1.205,84,0,Modere
ST0085,A0001,2021-11,18000,4,2021-11-01,2021,11,4,-0.5000000000000004,0.8660254037844384,0,1,3,7000.0,14000.0,17000.0,11666.666666666666,12333.333333333334,12166.666666666666,4041.4518843273822,0.9588,84,0,Modere
ST0085,A0001,2021-12,11000,3,2021-12-01,2021,12,4,-2.4492935982947064e-16,1.0,0,1,0,18000.0,14000.0,16000.0,13000.0,13500.0,12250.0,5567.764362830023,1.0611,84,0,Modere
ST0085,A0001,2022-01,12000,3,2022-01-01,2022,1,1,0.4999999999999999,0.8660254037844387,1,0,0,11000.0,7000.0,7000.0,12000.0,13833.333333333334,11833.333333333334,5567.764362830023,1.014,84,0,Modere
ST0085,A0001,2022-02,19000,4,2022-02-01,2022,2,1,0.8660254037844386,0.5000000000000001,1,0,0,12000.0,18000.0,12000.0,13666.666666666666,12666.666666666666,12250.0,3785.938897200184,1.1156,84,0,Modere
ST0085,A0001,2022-03,11000,4,2022-03-01,2022,3,1,1.0,6.123233995736766e-17,1,0,1,19000.0,11000.0,8000.0,14000.0,13500.0,12833.333333333334,4358.898943540675,1.0908,84,0,Modere
ST0085,A0001,2022-04,9000,2,2022-04-01,2022,4,2,0.8660254037844387,-0.4999999999999998,0,0,1,11000.0,12000.0,12000.0,14000.0,13000.0,13083.333333333334,4358.898943540675,1.07,84,0,Modere
ST0085,A0001,2022-05,7000,2,2022-05-01,2022,5,2,0.4999999999999999,-0.8660254037844387,0,0,2,9000.0,19000.0,11000.0,13000.0,13333.333333333334,12833.333333333334,5291.502622129182,1.0129,84,0,Modere
ST0085,A0001,2022-07,5000,1,2022-07-01,2022,7,3,-0.4999999999999997,-0.8660254037844388,0,0,2,7000.0,11000.0,9000.0,9000.0,11500.0,12500.0,2000.0000000000027,0.7199,84,0,Modere
ST0085,A0001,2022-08,5000,1,2022-08-01,2022,8,3,-0.8660254037844385,-0.5000000000000004,0,0,3,5000.0,9000.0,19000.0,7000.0,10500.0,12166.666666666666,2000.0000000000027,0.5753,84,0,Modere
ST0085,A0001,2022-09,5000,1,2022-09-01,2022,9,3,-1.0,-1.8369701987210294e-16,0,0,3,5000.0,7000.0,14000.0,5666.666666666667,9333.333333333334,11000.0,1154.7005383792564,0.5151,84,0,Modere
ST0085,A0001,2022-10,10000,2,2022-10-01,2022,10,4,-0.8660254037844386,0.5000000000000001,0,1,3,5000.0,5000.0,14000.0,5000.0,7000.0,10250.0,0.0,0.4878,84,0,Modere
ST0085,A0001,2022-12,10000,2,2022-12-01,2022,12,4,-2.4492935982947064e-16,1.0,0,1,0,10000.0,5000.0,7000.0,6666.666666666667,6833.333333333333,9916.666666666666,2886.751345948131,0.6722,84,0,Modere
ST0085,A0001,2023-01,5000,1,2023-01-01,2023,1,1,0.4999999999999999,0.8660254037844387,1,0,0,10000.0,5000.0,18000.0,8333.333333333334,7000.0,10166.666666666666,2886.7513459481306,0.8196,84,0,Modere
ST0085,A0001,2023-02,10000,2,2023-02-01,2023,2,1,0.8660254037844386,0.5000000000000001,1,0,0,5000.0,10000.0,11000.0,8333.333333333334,6666.666666666667,9083.333333333334,2886.7513459481306,0.9173,84,0,Modere
ST0085,A0001,2023-03,10000,2,2023-03-01,2023,3,1,1.0,6.123233995736766e-17,1,0,1,10000.0,10000.0,12000.0,8333.333333333334,7500.0,9000.0,2886.7513459481306,0.9258,84,0,Modere
ST0085,A0001,2023-04,10000,2,2023-04-01,2023,4,2,0.8660254037844387,-0.4999999999999998,0,0,1,10000.0,5000.0,19000.0,8333.333333333334,8333.333333333334,8833.333333333334,2886.7513459481306,0.9433,84,0,Modere
ST0085,A0001,2023-05,7000,2,2023-05-01,2023,5,2,0.4999999999999999,-0.8660254037844387,0,0,2,10000.0,10000.0,11000.0,10000.0,9166.666666666666,8083.333333333333,0.0,1.237,84,0,Modere
ST0085,A0001,2023-06,31000,4,2023-06-01,2023,6,2,1.2246467991473532e-16,-1.0,0,0,2,7000.0,10000.0,9000.0,9000.0,8666.666666666666,7750.0,1732.0508075688797,1.1611,84,0,Modere
ST0085,A0001,2023-07,52000,6,2023-07-01,2023,7,3,-0.4999999999999997,-0.8660254037844388,0,0,2,31000.0,10000.0,7000.0,16000.0,12166.666666666666,9583.333333333334,13076.69683062202,1.6694,84,0,Modere
ST0085,A0001,2023-08,38000,4,2023-08-01,2023,8,3,-0.8660254037844385,-0.5000000000000004,0,0,3,52000.0,7000.0,5000.0,30000.0,20000.0,13333.333333333334,22516.66049839541,2.2498,84,0,Modere
ST0085,A0001,2023-09,26000,3,2023-09-01,2023,9,3,-1.0,-1.8369701987210294e-16,0,0,3,38000.0,31000.0,5000.0,40333.333333333336,24666.666666666668,16083.333333333334,10692.676621563627,2.5076,84,0,Modere
ST0085,A0001,2023-10,16000,2,2023-10-01,2023,10,4,-0.8660254037844386,0.5000000000000001,0,1,3,26000.0,52000.0,5000.0,38666.66666666666,27333.33333333333,17833.333333333332,13012.814197295422,2.1681,84,0,Modere
ST0085,A0001,2023-11,20000,2,2023-11-01,2023,11,4,-0.5000000000000004,0.8660254037844384,0,1,3,16000.0,38000.0,10000.0,26666.666666666668,28333.33333333333,18750.0,11015.141094572198,1.4221,84,0,Modere
ST0085,A0001,2023-12,8000,1,2023-12-01,2023,12,4,-2.4492935982947064e-16,1.0,0,1,0,20000.0,26000.0,10000.0,20666.666666666668,30500.0,19583.33333333333,5033.222956847151,1.0553,84,0,Modere
ST0085,A0001,2024-01,10000,2,2024-01-01,2024,1,1,0.4999999999999999,0.8660254037844387,1,0,0,8000.0,16000.0,5000.0,14666.666666666666,26666.666666666668,19416.666666666668,6110.100926607771,0.7553,84,0,Modere
ST0085,A0001,2024-02,20000,4,2024-02-01,2024,2,1,0.8660254037844386,0.5000000000000001,1,0,0,10000.0,20000.0,10000.0,12666.666666666666,19666.666666666668,19833.33333333333,6429.10050732862,0.6386,84,0,Modere
ST0085,A0001,2024-03,5000,1,2024-03-01,2024,3,1,1.0,6.123233995736766e-17,1,0,1,20000.0,8000.0,10000.0,12666.666666666666,16666.666666666668,20666.666666666668,6429.10050732862,0.6129,84,0,Modere
ST0085,A0001,2024-04,23000,4,2024-04-01,2024,4,2,0.8660254037844387,-0.4999999999999998,0,0,1,5000.0,10000.0,10000.0,11666.666666666666,13166.666666666666,20250.0,7637.626158259719,0.5761,84,0,Modere
ST0085,A0001,2024-05,20000,3,2024-05-01,2024,5,2,0.4999999999999999,-0.8660254037844387,0,0,2,23000.0,20000.0,7000.0,16000.0,14333.333333333334,21333.33333333333,9643.650760992943,0.75,84,0,Modere
ST0085,A0001,2024-06,15000,3,2024-06-01,2024,6,2,1.2246467991473532e-16,-1.0,0,0,2,20000.0,5000.0,31000.0,16000.0,14333.333333333334,22416.666666666668,9643.650760992943,0.7137,84,0,Modere
ST0085,A0001,2024-07,20000,4,2024-07-01,2024,7,3,-0.4999999999999997,-0.8660254037844388,0,0,2,15000.0,23000.0,52000.0,19333.33333333333,15500.0,21083.33333333333,4041.451884327359,0.917,84,0,Modere
ST0085,A0001,2024-08,10000,3,2024-08-01,2024,8,3,-0.8660254037844385,-0.5000000000000004,0,0,3,20000.0,20000.0,38000.0,18333.33333333333,17166.666666666668,18416.666666666668,2886.7513459480983,0.9954,84,0,Modere
ST0085,A0001,2024-09,10000,2,2024-09-01,2024,9,3,-1.0,-1.8369701987210294e-16,0,0,3,10000.0,15000.0,26000.0,15000.0,15500.0,16083.333333333334,4999.999999999982,0.9326,84,0,Modere
ST0085,A0001,2024-10,18000,3,2024-10-01,2024,10,4,-0.8660254037844386,0.5000000000000001,0,1,3,10000.0,20000.0,16000.0,13333.333333333334,16333.333333333334,14750.0,5773.502691896242,0.9039,84,0,Modere
ST0085,A0001,2024-11,10000,2,2024-11-01,2024,11,4,-0.5000000000000004,0.8660254037844384,0,1,3,18000.0,10000.0,20000.0,12666.666666666666,15500.0,14916.666666666666,4618.802153516987,0.8491,84,0,Modere
ST0085,A0001,2024-12,10000,2,2024-12-01,2024,12,4,-2.4492935982947064e-16,1.0,0,1,0,10000.0,10000.0,8000.0,12666.666666666666,13833.333333333334,14083.333333333334,4618.802153516987,0.8993,84,0,Modere
ST0085,A0001,2025-01,10000,2,2025-01-01,2025,1,1,0.4999999999999999,0.8660254037844387,1,0,0,10000.0,18000.0,10000.0,12666.666666666666,13000.0,14250.0,4618.802153516987,0.8888,84,0,Modere
ST0085,A0001,2025-02,10000,2,2025-02-01,2025,2,1,0.8660254037844386,0.5000000000000001,1,0,0,10000.0,10000.0,20000.0,10000.0,11333.333333333334,14250.0,0.0,0.7017,84,0,Modere
ST0085,A0001,2025-03,10000,2,2025-03-01,2025,3,1,1.0,6.123233995736766e-17,1,0,1,10000.0,10000.0,5000.0,10000.0,11333.333333333334,13416.666666666666,0.0,0.7453,84,0,Modere
ST0085,A0001,2025-04,10000,2,2025-04-01,2025,4,2,0.8660254037844387,-0.4999999999999998,0,0,1,10000.0,10000.0,23000.0,10000.0,11333.333333333334,13833.333333333334,0.0,0.7228,84,0,Modere
ST0085,A0001,2025-05,5000,1,2025-05-01,2025,5,2,0.4999999999999999,-0.8660254037844387,0,0,2,10000.0,10000.0,20000.0,10000.0,10000.0,12750.0,0.0,0.7843,84,0,Modere
ST0085,A0001,2025-06,5000,1,2025-06-01,2025,6,2,1.2246467991473532e-16,-1.0,0,0,2,5000.0,10000.0,15000.0,8333.333333333334,9166.666666666666,11500.0,2886.751345948099,0.7246,84,0,Modere
ST0085,A0001,2025-07,10000,2,2025-07-01,2025,7,3,-0.4999999999999997,-0.8660254037844388,0,0,2,5000.0,10000.0,20000.0,6666.666666666667,8333.333333333334,10666.666666666666,2886.7513459480992,0.6249,84,0,Modere
ST0085,A0001,2025-08,10000,2,2025-08-01,2025,8,3,-0.8660254037844385,-0.5000000000000004,0,0,3,10000.0,5000.0,10000.0,6666.666666666667,8333.333333333334,9833.333333333334,2886.7513459480992,0.6779,84,0,Modere
ST0085,A0001,2025-09,15000,3,2025-09-01,2025,9,3,-1.0,-1.8369701987210294e-16,0,0,3,10000.0,5000.0,10000.0,8333.333333333334,8333.333333333334,9833.333333333334,2886.751345948099,0.8474,84,0,Modere
ST0085,A0001,2025-10,10000,2,2025-10-01,2025,10,4,-0.8660254037844386,0.5000000000000001,0,1,3,15000.0,10000.0,18000.0,11666.666666666666,9166.666666666666,10250.0,2886.751345948099,1.1381,84,0,Modere
ST0085,A0001,2025-11,10000,2,2025-11-01,2025,11,4,-0.5000000000000004,0.8660254037844384,0,1,3,10000.0,10000.0,10000.0,11666.666666666666,9166.666666666666,9583.333333333334,2886.751345948099,1.2173,84,0,Modere
ST0085,A0001,2025-12,15000,3,2025-12-01,2025,12,4,-2.4492935982947064e-16,1.0,0,1,0,10000.0,15000.0,10000.0,11666.666666666666,10000.0,9583.333333333334,2886.751345948099,1.2173,84,0,Modere
ST0087,A0001,2023-07,84000,11,2023-07-01,2023,7,3,-0.4999999999999997,-0.8660254037844388,0,0,2,81000.0,7000.0,18000.0,34000.0,25666.666666666668,23666.666666666668,40853.396431630994,1.4366,86,0,Modere
ST0087,A0001,2023-08,52000,7,2023-08-01,2023,8,3,-0.8660254037844385,-0.5000000000000004,0,0,3,84000.0,14000.0,25000.0,59666.66666666666,37333.333333333336,29166.666666666668,39576.92930652066,2.0456,86,0,Modere
ST0087,A0001,2023-09,56000,7,2023-09-01,2023,9,3,-1.0,-1.8369701987210294e-16,0,0,3,52000.0,81000.0,24000.0,72333.33333333333,42000.0,31416.666666666668,17672.954855748754,2.3023,86,0,Modere
ST0087,A0001,2023-10,56000,7,2023-10-01,2023,10,4,-0.8660254037844386,0.5000000000000001,0,1,3,56000.0,84000.0,27000.0,64000.0,49000.0,34083.333333333336,17435.5957741627,1.8777,86,0,Modere
ST0087,A0001,2023-11,40000,6,2023-11-01,2023,11,4,-0.5000000000000004,0.8660254037844384,0,1,3,56000.0,52000.0,15000.0,54666.66666666666,57166.66666666666,36500.0,2309.4010767585296,1.4977,86,0,Modere
ST0087,A0001,2023-12,24000,3,2023-12-01,2023,12,4,-2.4492935982947064e-16,1.0,0,1,0,40000.0,56000.0,21000.0,50666.66666666666,61500.0,38583.333333333336,9237.604307034018,1.3131,86,0,Modere
ST0087,A0001,2024-01,8000,2,2024-01-01,2024,1,1,0.4999999999999999,0.8660254037844387,1,0,0,24000.0,56000.0,14000.0,40000.0,52000.0,38833.333333333336,16000.000000000004,1.03,86,0,Modere
ST0087,A0001,2024-02,32000,5,2024-02-01,2024,2,1,0.8660254037844386,0.5000000000000001,1,0,0,8000.0,40000.0,24000.0,24000.0,39333.333333333336,38333.333333333336,16000.000000000004,0.6261,86,0,Modere
ST0087,A0001,2024-03,24000,3,2024-03-01,2024,3,1,1.0,6.123233995736766e-17,1,0,1,32000.0,24000.0,14000.0,21333.33333333333,36000.0,39000.0,12220.201853215578,0.547,86,0,Modere
ST0087,A0001,2024-04,16000,2,2024-04-01,2024,4,2,0.8660254037844387,-0.4999999999999998,0,0,1,24000.0,8000.0,7000.0,21333.33333333333,30666.666666666668,39833.333333333336,12220.201853215578,0.5356,86,0,Modere
ST0087,A0001,2024-05,17000,2,2024-05-01,2024,5,2,0.4999999999999999,-0.8660254037844387,0,0,2,16000.0,32000.0,14000.0,24000.0,24000.0,40583.333333333336,8000.000000000006,0.5914,86,0,Modere
ST0087,A0001,2024-06,8000,2,2024-06-01,2024,6,2,1.2246467991473532e-16,-1.0,0,0,2,17000.0,24000.0,81000.0,19000.0,20166.666666666668,40833.333333333336,4358.898943540686,0.4653,86,0,Modere
ST0087,A0001,2024-07,8000,1,2024-07-01,2024,7,3,-0.4999999999999997,-0.8660254037844388,0,0,2,8000.0,16000.0,84000.0,13666.666666666666,17500.0,34750.0,4932.882862316258,0.3933,86,0,Modere
ST0087,A0001,2024-08,16000,3,2024-08-01,2024,8,3,-0.8660254037844385,-0.5000000000000004,0,0,3,8000.0,17000.0,52000.0,11000.0,17500.0,28416.666666666668,5196.152422706641,0.3871,86,0,Modere
ST0087,A0001,2024-09,18000,4,2024-09-01,2024,9,3,-1.0,-1.8369701987210294e-16,0,0,3,16000.0,8000.0,56000.0,10666.666666666666,14833.333333333334,25416.666666666668,4618.802153517017,0.4197,86,0,Modere
ST0087,A0001,2024-10,10000,2,2024-10-01,2024,10,4,-0.8660254037844386,0.5000000000000001,0,1,3,18000.0,8000.0,56000.0,14000.0,13833.333333333334,22250.0,5291.502622129191,0.6292,86,0,Modere
ST0087,A0001,2024-12,10000,2,2024-12-01,2024,12,4,-2.4492935982947064e-16,1.0,0,1,0,10000.0,16000.0,40000.0,14666.666666666666,12833.333333333334,18416.666666666668,4163.331998932278,0.7963,86,0,Modere
ST0087,A0001,2025-02,23000,4,2025-02-01,2025,2,1,0.8660254037844386,0.5000000000000001,1,0,0,10000.0,18000.0,24000.0,12666.666666666666,11666.666666666666,15916.666666666666,4618.802153517016,0.7958,86,0,Modere
ST0087,A0001,2025-03,37000,7,2025-03-01,2025,3,1,1.0,6.123233995736766e-17,1,0,1,23000.0,10000.0,8000.0,14333.333333333334,14166.666666666666,15833.333333333334,7505.553499465142,0.9052,86,0,Modere
ST0087,A0001,2025-04,31000,5,2025-04-01,2025,4,2,0.8660254037844387,-0.4999999999999998,0,0,1,37000.0,10000.0,32000.0,23333.33333333333,19000.0,18250.0,13503.0860670194,1.2785,86,0,Modere
ST0087,A0001,2025-05,22000,4,2025-05-01,2025,5,2,0.4999999999999999,-0.8660254037844387,0,0,2,31000.0,23000.0,24000.0,30333.33333333333,21500.0,18166.666666666668,7023.769168568502,1.6696,86,0,Modere
ST0087,A0001,2025-06,28000,4,2025-06-01,2025,6,2,1.2246467991473532e-16,-1.0,0,0,2,22000.0,37000.0,16000.0,30000.0,22166.666666666668,18000.0,7549.834435270759,1.6666,86,0,Modere
ST0087,A0001,2025-07,32000,6,2025-07-01,2025,7,3,-0.4999999999999997,-0.8660254037844388,0,0,2,28000.0,31000.0,17000.0,27000.0,25166.666666666668,19000.0,4582.575694955855,1.421,86,0,Modere
ST0087,A0001,2025-08,24000,6,2025-08-01,2025,8,3,-0.8660254037844385,-0.5000000000000004,0,0,3,32000.0,22000.0,8000.0,27333.33333333333,28833.33333333333,20250.0,5033.222956847181,1.3497,86,0,Modere
ST0087,A0001,2025-09,27000,7,2025-09-01,2025,9,3,-1.0,-1.8369701987210294e-16,0,0,3,24000.0,28000.0,8000.0,28000.0,29000.0,21583.33333333333,4000.000000000018,1.2972,86,0,Modere
ST0087,A0001,2025-10,31000,8,2025-10-01,2025,10,4,-0.8660254037844386,0.5000000000000001,0,1,3,27000.0,32000.0,16000.0,27666.666666666668,27333.33333333333,23166.666666666668,4041.451884327399,1.1942,86,0,Modere
ST0087,A0001,2025-11,41000,7,2025-11-01,2025,11,4,-0.5000000000000004,0.8660254037844384,0,1,3,31000.0,24000.0,18000.0,27333.33333333333,27333.33333333333,24416.666666666668,3511.8845842842684,1.1194,86,0,Modere
ST0087,A0001,2025-12,40000,9,2025-12-01,2025,12,4,-2.4492935982947064e-16,1.0,0,1,0,41000.0,27000.0,10000.0,33000.0,30500.0,26333.33333333333,7211.10255092799,1.2531,86,0,Modere
ST0087,A0002,2023-07,8000,1,2023-07-01,2023,7,3,-0.4999999999999997,-0.8660254037844388,0,0,2,18000.0,7000.0,23000.0,13000.0,12666.666666666666,16000.0,5567.764362830022,0.8124,86,1,Modere
ST0087,A0002,2023-08,16000,3,2023-08-01,2023,8,3,-0.8660254037844385,-0.5000000000000004,0,0,3,8000.0,14000.0,27000.0,13333.333333333334,12166.666666666666,14750.0,5033.222956847167,0.9039,86,1,Modere
ST0087,A0002,2023-09,8000,1,2023-09-01,2023,9,3,-1.0,-1.8369701987210294e-16,0,0,3,16000.0,18000.0,22000.0,14000.0,12500.0,13833.333333333334,5291.502622129182,1.012,86,1,Modere
ST0087,A0002,2023-10,16000,2,2023-10-01,2023,10,4,-0.8660254037844386,0.5000000000000001,0,1,3,8000.0,8000.0,16000.0,10666.666666666666,11833.333333333334,12666.666666666666,4618.802153517006,0.842,86,1,Modere
ST0087,A0002,2023-11,8000,2,2023-11-01,2023,11,4,-0.5000000000000004,0.8660254037844384,0,1,3,16000.0,16000.0,19000.0,13333.333333333334,13333.333333333334,12666.666666666666,4618.802153517006,1.0525,86,1,Modere
ST0087,A0002,2024-01,8000,1,2024-01-01,2024,1,1,0.4999999999999999,0.8660254037844387,1,0,0,8000.0,8000.0,9000.0,10666.666666666666,12333.333333333334,11750.0,4618.802153517006,0.9077,86,1,Modere
ST0087,A0002,2024-03,16000,3,2024-03-01,2024,3,1,1.0,6.123233995736766e-17,1,0,1,8000.0,16000.0,11000.0,10666.666666666666,10666.666666666666,11666.666666666666,4618.802153517006,0.9142,86,1,Modere
ST0087,A0002,2024-04,4000,1,2024-04-01,2024,4,2,0.8660254037844387,-0.4999999999999998,0,0,1,16000.0,8000.0,14000.0,10666.666666666666,12000.0,12083.333333333334,4618.802153517006,0.8827,86,1,Modere
ST0087,A0002,2024-05,4000,1,2024-05-01,2024,5,2,0.4999999999999999,-0.8660254037844387,0,0,2,4000.0,8000.0,12000.0,9333.333333333334,10000.0,11250.0,6110.100926607787,0.8296,86,1,Modere
ST0087,A0002,2024-08,8000,1,2024-08-01,2024,8,3,-0.8660254037844385,-0.5000000000000004,0,0,3,4000.0,16000.0,7000.0,8000.0,9333.333333333334,10583.333333333334,6928.20323027551,0.7558,86,1,Modere
ST0087,A0002,2024-09,8000,2,2024-09-01,2024,9,3,-1.0,-1.8369701987210294e-16,0,0,3,8000.0,4000.0,14000.0,5333.333333333333,8000.0,10666.666666666666,2309.4010767585046,0.5,86,1,Modere
ST0087,A0002,2024-10,5000,1,2024-10-01,2024,10,4,-0.8660254037844386,0.5000000000000001,0,1,3,8000.0,4000.0,18000.0,6666.666666666667,8000.0,10166.666666666666,2309.4010767585046,0.6557,86,1,Modere
ST0087,A0002,2024-11,5000,1,2024-11-01,2024,11,4,-0.5000000000000004,0.8660254037844384,0,1,3,5000.0,8000.0,8000.0,7000.0,7500.0,9083.333333333334,1732.0508075688797,0.7706,86,1,Modere
ST0087,A0002,2025-02,15000,3,2025-02-01,2025,2,1,0.8660254037844386,0.5000000000000001,1,0,0,5000.0,8000.0,16000.0,6000.0,5666.666666666667,8833.333333333334,1732.0508075688797,0.6792,86,1,Modere
ST0087,A0002,2025-03,10000,2,2025-03-01,2025,3,1,1.0,6.123233995736766e-17,1,0,1,15000.0,5000.0,8000.0,8333.333333333334,7500.0,8750.0,5773.5026918962585,0.9523,86,1,Modere
ST0087,A0002,2025-04,27000,5,2025-04-01,2025,4,2,0.8660254037844387,-0.4999999999999998,0,0,1,10000.0,5000.0,16000.0,10000.0,8500.0,8916.666666666666,5000.0,1.1214,86,1,Modere
ST0087,A0002,2025-05,10000,2,2025-05-01,2025,5,2,0.4999999999999999,-0.8660254037844387,0,0,2,27000.0,15000.0,8000.0,17333.333333333332,11666.666666666666,9833.333333333334,8736.894948054105,1.7625,86,1,Modere
ST0087,A0002,2025-06,21000,4,2025-06-01,2025,6,2,1.2246467991473532e-16,-1.0,0,0,2,10000.0,10000.0,8000.0,15666.666666666666,12000.0,10000.0,9814.95457622364,1.5665,86,1,Modere
ST0087,A0002,2025-07,19000,5,2025-07-01,2025,7,3,-0.4999999999999997,-0.8660254037844388,0,0,2,21000.0,27000.0,16000.0,19333.33333333333,14666.666666666666,11083.333333333334,8621.678104251709,1.7442,86,1,Modere
ST0087,A0002,2025-08,10000,2,2025-08-01,2025,8,3,-0.8660254037844385,-0.5000000000000004,0,0,3,19000.0,10000.0,4000.0,16666.666666666668,17000.0,11333.333333333334,5859.465277082315,1.4705,86,1,Modere
ST0087,A0002,2025-09,17000,4,2025-09-01,2025,9,3,-1.0,-1.8369701987210294e-16,0,0,3,10000.0,21000.0,4000.0,16666.666666666668,16166.666666666666,11833.333333333334,5859.465277082315,1.4083,86,1,Modere
ST0087,A0002,2025-10,19000,4,2025-10-01,2025,10,4,-0.8660254037844386,0.5000000000000001,0,1,3,17000.0,19000.0,8000.0,15333.333333333334,17333.333333333332,12916.666666666666,4725.815626252606,1.187,86,1,Modere
ST0087,A0002,2025-11,20000,4,2025-11-01,2025,11,4,-0.5000000000000004,0.8660254037844384,0,1,3,19000.0,10000.0,8000.0,15333.333333333334,16000.0,13833.333333333334,4725.815626252606,1.1084,86,1,Modere
ST0087,A0002,2025-12,33000,8,2025-12-01,2025,12,4,-2.4492935982947064e-16,1.0,0,1,0,20000.0,17000.0,5000.0,18666.666666666668,17666.666666666668,14833.333333333334,1527.525231651951,1.2583,86,1,Modere
ST0091,A0002,2021-04,25000,2,2021-04-01,2021,4,2,0.8660254037844387,-0.4999999999999998,0,0,1,31000.0,24000.0,22000.0,27000.0,26166.666666666668,24250.0,3605.5512754639935,1.1134,89,1,Modere
ST0091,A0002,2021-05,20000,2,2021-05-01,2021,5,2,0.4999999999999999,-0.8660254037844387,0,0,2,25000.0,26000.0,20000.0,27333.33333333333,26166.666666666668,24500.0,3214.550253664324,1.1156,89,1,Modere
ST0091,A0002,2021-06,12000,1,2021-06-01,2021,6,2,1.2246467991473532e-16,-1.0,0,0,2,20000.0,31000.0,22000.0,25333.33333333333,27000.0,24500.0,5507.570547286105,1.034,89,1,Modere
ST0091,A0002,2021-07,18000,2,2021-07-01,2021,7,3,-0.4999999999999997,-0.8660254037844388,0,0,2,12000.0,25000.0,22000.0,19000.0,23000.0,23666.666666666668,6557.438524302003,0.8028,89,1,Modere
ST0091,A0002,2021-08,24000,2,2021-08-01,2021,8,3,-0.8660254037844385,-0.5000000000000004,0,0,3,18000.0,20000.0,26000.0,16666.666666666668,22000.0,23333.33333333333,4163.331998932269,0.7143,89,1,Modere
ST0091,A0002,2021-09,30000,2,2021-09-01,2021,9,3,-1.0,-1.8369701987210294e-16,0,0,3,24000.0,12000.0,22000.0,18000.0,21666.666666666668,23166.666666666668,6000.000000000003,0.7769,89,1,Modere
ST0091,A0002,2021-10,26000,2,2021-10-01,2021,10,4,-0.8660254037844386,0.5000000000000001,0,1,3,30000.0,18000.0,25000.0,24000.0,21500.0,23833.33333333333,6000.000000000003,1.007,89,1,Modere
ST0091,A0002,2021-11,24000,2,2021-11-01,2021,11,4,-0.5000000000000004,0.8660254037844384,0,1,3,26000.0,24000.0,15000.0,26666.666666666668,21666.666666666668,23916.666666666668,3055.050463303898,1.1149,89,1,Modere
ST0091,A0002,2021-12,34000,3,2021-12-01,2021,12,4,-2.4492935982947064e-16,1.0,0,1,0,24000.0,30000.0,36000.0,26666.666666666668,22333.33333333333,24666.666666666668,3055.050463303898,1.081,89,1,Modere
ST0091,A0002,2022-01,22000,3,2022-01-01,2022,1,1,0.4999999999999999,0.8660254037844387,1,0,0,34000.0,26000.0,24000.0,28000.0,26000.0,24500.0,5291.502622129185,1.1428,89,1,Modere
ST0091,A0002,2022-02,26000,2,2022-02-01,2022,2,1,0.8660254037844386,0.5000000000000001,1,0,0,22000.0,24000.0,26000.0,26666.666666666668,26666.666666666668,24333.33333333333,6429.10050732864,1.0958,89,1,Modere
ST0091,A0002,2022-03,10000,1,2022-03-01,2022,3,1,1.0,6.123233995736766e-17,1,0,1,26000.0,34000.0,31000.0,27333.33333333333,27000.0,24333.33333333333,6110.10092660779,1.1232,89,1,Modere
ST0091,A0002,2022-04,39000,2,2022-04-01,2022,4,2,0.8660254037844387,-0.4999999999999998,0,0,1,10000.0,22000.0,25000.0,19333.33333333333,23666.666666666668,22583.33333333333,8326.663997864533,0.8561,89,1,Modere
ST0091,A0002,2022-06,40000,3,2022-06-01,2022,6,2,1.2246467991473532e-16,-1.0,0,0,2,39000.0,26000.0,20000.0,25000.0,25833.33333333333,23750.0,14525.839046333953,1.0526,89,1,Modere
ST0091,A0002,2022-07,14000,1,2022-07-01,2022,7,3,-0.4999999999999997,-0.8660254037844388,0,0,2,40000.0,10000.0,12000.0,29666.666666666668,28500.0,25416.666666666668,17039.170558842743,1.1672,89,1,Modere
ST0091,A0002,2022-10,25000,1,2022-10-01,2022,10,4,-0.8660254037844386,0.5000000000000001,0,1,3,14000.0,39000.0,18000.0,31000.0,25166.666666666668,25583.33333333333,14730.919862656236,1.2117,89,1,Modere
ST0091,A0002,2022-11,34000,2,2022-11-01,2022,11,4,-0.5000000000000004,0.8660254037844384,0,1,3,25000.0,40000.0,24000.0,26333.33333333333,25666.666666666668,26166.666666666668,13051.181300301265,1.0063,89,1,Modere
ST0091,A0002,2023-03,10000,1,2023-03-01,2023,3,1,1.0,6.123233995736766e-17,1,0,1,34000.0,14000.0,30000.0,24333.33333333333,27000.0,27000.0,10016.652800877811,0.9012,89,1,Modere
ST0091,A0002,2023-04,20000,1,2023-04-01,2023,4,2,0.8660254037844387,-0.4999999999999998,0,0,1,10000.0,25000.0,26000.0,23000.0,27000.0,25333.33333333333,12124.355652982142,0.9079,89,1,Modere
ST0091,A0002,2023-06,20000,4,2023-06-01,2023,6,2,1.2246467991473532e-16,-1.0,0,0,2,20000.0,34000.0,24000.0,21333.33333333333,23833.33333333333,24833.33333333333,12055.427546683415,0.859,89,1,Modere
ST0091,A0002,2023-07,15000,1,2023-07-01,2023,7,3,-0.4999999999999997,-0.8660254037844388,0,0,2,20000.0,10000.0,34000.0,16666.666666666668,20500.0,24500.0,5773.5026918962585,0.6802,89,1,Modere
ST0091,A0002,2023-12,40000,2,2023-12-01,2023,12,4,-2.4492935982947064e-16,1.0,0,1,0,15000.0,20000.0,22000.0,18333.33333333333,20666.666666666668,22916.666666666668,2886.7513459481333,0.8,89,1,Modere
ST0091,A0002,2024-02,30000,2,2024-02-01,2024,2,1,0.8660254037844386,0.5000000000000001,1,0,0,40000.0,20000.0,26000.0,25000.0,23166.666666666668,24416.666666666668,13228.756555322954,1.0238,89,1,Modere
ST0091,A0002,2024-05,15000,1,2024-05-01,2024,5,2,0.4999999999999999,-0.8660254037844387,0,0,2,30000.0,15000.0,10000.0,28333.33333333333,22500.0,24750.0,12583.057392117918,1.1447,89,1,Modere
ST0091,A0002,2024-09,10000,1,2024-09-01,2024,9,3,-1.0,-1.8369701987210294e-16,0,0,3,15000.0,40000.0,39000.0,28333.33333333333,23333.33333333333,25166.666666666668,12583.057392117918,1.1258,89,1,Modere
ST0091,A0002,2024-12,25000,1,2024-12-01,2024,12,4,-2.4492935982947064e-16,1.0,0,1,0,10000.0,30000.0,40000.0,18333.33333333333,21666.666666666668,22750.0,10408.329997330666,0.8058,89,1,Modere
ST0091,A0002,2025-01,10000,1,2025-01-01,2025,1,1,0.4999999999999999,0.8660254037844387,1,0,0,25000.0,15000.0,14000.0,16666.666666666668,22500.0,21500.0,7637.626158259736,0.7752,89,1,Modere
ST0091,A0002,2025-04,10000,1,2025-04-01,2025,4,2,0.8660254037844387,-0.4999999999999998,0,0,1,10000.0,10000.0,25000.0,15000.0,21666.666666666668,21166.666666666668,8660.254037844388,0.7086,89,1,Modere
ST0091,A0002,2025-09,10000,1,2025-09-01,2025,9,3,-1.0,-1.8369701987210294e-16,0,0,3,10000.0,25000.0,34000.0,15000.0,16666.666666666668,19916.666666666668,8660.254037844388,0.7531,89,1,Modere
ST0093,A0001,2021-03,82000,6,2021-03-01,2021,3,1,1.0,6.123233995736766e-17,1,0,1,65000.0,93000.0,25000.0,76000.0,81333.33333333333,76583.33333333333,14933.18452306808,0.9924,91,0,Modere
ST0093,A0001,2021-04,68000,8,2021-04-01,2021,4,2,0.8660254037844387,-0.4999999999999998,0,0,1,82000.0,70000.0,55000.0,72333.33333333333,79000.0,81333.33333333333,8736.894948054107,0.8893,91,0,Modere
ST0093,A0001,2021-05,72000,5,2021-05-01,2021,5,2,0.4999999999999999,-0.8660254037844387,0,0,2,68000.0,65000.0,85000.0,71666.66666666667,75833.33333333333,82416.66666666667,9073.77172587747,0.8696,91,0,Modere
ST0093,A0001,2021-06,70000,5,2021-06-01,2021,6,2,1.2246467991473532e-16,-1.0,0,0,2,72000.0,82000.0,81000.0,74000.0,75000.0,81333.33333333333,7211.102550927981,0.9098,91,0,Modere
ST0093,A0001,2021-07,118000,8,2021-07-01,2021,7,3,-0.4999999999999997,-0.8660254037844388,0,0,2,70000.0,68000.0,102000.0,70000.0,71166.66666666667,80416.66666666667,2000.0000000000075,0.8705,91,0,Modere
ST0093,A0001,2021-08,98000,5,2021-08-01,2021,8,3,-0.8660254037844385,-0.5000000000000004,0,0,3,118000.0,72000.0,83000.0,86666.66666666667,79166.66666666667,81750.0,27153.882472555066,1.0601,91,0,Modere
ST0093,A0001,2021-09,105000,8,2021-09-01,2021,9,3,-1.0,-1.8369701987210294e-16,0,0,3,98000.0,70000.0,96000.0,95333.33333333331,84666.66666666667,83000.0,24110.85509336683,1.1486,91,0,Modere
ST0093,A0001,2021-10,82000,4,2021-10-01,2021,10,4,-0.8660254037844386,0.5000000000000001,0,1,3,105000.0,118000.0,87000.0,107000.0,88500.0,83750.0,10148.89156509222,1.2776,91,0,Modere
ST0093,A0001,2021-11,96000,7,2021-11-01,2021,11,4,-0.5000000000000004,0.8660254037844384,0,1,3,82000.0,98000.0,77000.0,95000.0,90833.33333333331,83333.33333333333,11789.826122551596,1.14,91,0,Modere
ST0093,A0001,2021-12,75000,6,2021-12-01,2021,12,4,-2.4492935982947064e-16,1.0,0,1,0,96000.0,105000.0,93000.0,94333.33333333331,94833.33333333331,84916.66666666667,11590.225767142474,1.1109,91,0,Modere
ST0093,A0001,2022-01,67000,5,2022-01-01,2022,1,1,0.4999999999999999,0.8660254037844387,1,0,0,75000.0,82000.0,70000.0,84333.33333333333,95666.66666666669,83416.66666666667,10692.676621563623,1.011,91,0,Modere
ST0093,A0001,2022-02,85000,7,2022-02-01,2022,2,1,0.8660254037844386,0.5000000000000001,1,0,0,67000.0,96000.0,65000.0,79333.33333333333,87166.66666666667,83166.66666666667,14977.761292440644,0.9539,91,0,Modere
ST0093,A0001,2022-03,69000,4,2022-03-01,2022,3,1,1.0,6.123233995736766e-17,1,0,1,85000.0,75000.0,82000.0,75666.66666666667,85000.0,84833.33333333333,9018.499505645776,0.8919,91,0,Modere
ST0093,A0001,2022-04,84000,7,2022-04-01,2022,4,2,0.8660254037844387,-0.4999999999999998,0,0,1,69000.0,67000.0,68000.0,73666.66666666667,79000.0,83750.0,9865.765724632483,0.8796,91,0,Modere
ST0093,A0001,2022-05,75000,5,2022-05-01,2022,5,2,0.4999999999999999,-0.8660254037844387,0,0,2,84000.0,85000.0,72000.0,79333.33333333333,79333.33333333333,85083.33333333333,8962.886439832491,0.9324,91,0,Modere
ST0093,A0001,2022-06,63000,8,2022-06-01,2022,6,2,1.2246467991473532e-16,-1.0,0,0,2,75000.0,69000.0,70000.0,76000.0,75833.33333333333,85333.33333333333,7549.8344352707345,0.8906,91,0,Modere
ST0093,A0001,2022-07,53000,7,2022-07-01,2022,7,3,-0.4999999999999997,-0.8660254037844388,0,0,2,63000.0,84000.0,118000.0,74000.0,73833.33333333333,84750.0,10535.653752852728,0.8731,91,0,Modere
ST0093,A0001,2022-08,67000,7,2022-08-01,2022,8,3,-0.8660254037844385,-0.5000000000000004,0,0,3,53000.0,75000.0,98000.0,63666.66666666666,71500.0,79333.33333333333,11015.141094572193,0.8025,91,0,Modere
ST0093,A0001,2022-09,48000,4,2022-09-01,2022,9,3,-1.0,-1.8369701987210294e-16,0,0,3,67000.0,63000.0,105000.0,61000.0,68500.0,76750.0,7211.10255092796,0.7948,91,0,Modere
ST0093,A0001,2022-10,46000,6,2022-10-01,2022,10,4,-0.8660254037844386,0.5000000000000001,0,1,3,48000.0,53000.0,82000.0,56000.0,65000.0,72000.0,9848.857801796092,0.7778,91,0,Modere
ST0093,A0001,2022-11,52000,7,2022-11-01,2022,11,4,-0.5000000000000004,0.8660254037844384,0,1,3,46000.0,67000.0,96000.0,53666.66666666666,58666.66666666666,69000.0,11590.22576714246,0.7778,91,0,Modere
ST0093,A0001,2022-12,59000,5,2022-12-01,2022,12,4,-2.4492935982947064e-16,1.0,0,1,0,52000.0,48000.0,75000.0,48666.66666666666,54833.333333333336,65333.333333333336,3055.050463303843,0.7449,91,0,Modere
ST0093,A0001,2023-01,31000,3,2023-01-01,2023,1,1,0.4999999999999999,0.8660254037844387,1,0,0,59000.0,46000.0,67000.0,52333.333333333336,54166.66666666666,64000.0,6506.407098647687,0.8177,91,0,Modere
ST0093,A0001,2023-02,49000,7,2023-02-01,2023,2,1,0.8660254037844386,0.5000000000000001,1,0,0,31000.0,52000.0,85000.0,47333.333333333336,50500.0,61000.0,14571.66199626292,0.7759,91,0,Modere
ST0093,A0001,2023-03,44000,4,2023-03-01,2023,3,1,1.0,6.123233995736766e-17,1,0,1,49000.0,59000.0,69000.0,46333.333333333336,47500.0,58000.0,14189.197769195163,0.7988,91,0,Modere
ST0093,A0001,2023-04,35000,4,2023-04-01,2023,4,2,0.8660254037844387,-0.4999999999999998,0,0,1,44000.0,31000.0,84000.0,41333.333333333336,46833.333333333336,55916.66666666666,9291.573243177556,0.7392,91,0,Modere
ST0093,A0001,2023-05,39000,5,2023-05-01,2023,5,2,0.4999999999999999,-0.8660254037844387,0,0,2,35000.0,49000.0,75000.0,42666.66666666666,45000.0,51833.333333333336,7094.598884597568,0.8231,91,0,Modere
ST0093,A0001,2023-06,66000,6,2023-06-01,2023,6,2,1.2246467991473532e-16,-1.0,0,0,2,39000.0,44000.0,63000.0,39333.333333333336,42833.333333333336,48833.333333333336,4509.249752822862,0.8054,91,0,Modere
ST0093,A0001,2023-07,77000,5,2023-07-01,2023,7,3,-0.4999999999999997,-0.8660254037844388,0,0,2,66000.0,35000.0,53000.0,46666.66666666666,44000.0,49083.333333333336,16862.186493255645,0.9507,91,0,Modere
ST0093,A0001,2023-08,75000,7,2023-08-01,2023,8,3,-0.8660254037844385,-0.5000000000000004,0,0,3,77000.0,39000.0,67000.0,60666.66666666666,51666.66666666666,51083.333333333336,19553.345834749947,1.1876,91,0,Modere
ST0093,A0001,2023-09,83000,8,2023-09-01,2023,9,3,-1.0,-1.8369701987210294e-16,0,0,3,75000.0,66000.0,48000.0,72666.66666666667,56000.0,51750.0,5859.4652770823,1.4042,91,0,Modere
ST0093,A0001,2023-10,66000,4,2023-10-01,2023,10,4,-0.8660254037844386,0.5000000000000001,0,1,3,83000.0,77000.0,46000.0,78333.33333333333,62500.0,54666.66666666666,4163.331998932243,1.4329,91,0,Modere
ST0093,A0001,2023-11,47000,3,2023-11-01,2023,11,4,-0.5000000000000004,0.8660254037844384,0,1,3,66000.0,75000.0,52000.0,74666.66666666667,67666.66666666667,56333.333333333336,8504.900548115373,1.3254,91,0,Modere
ST0093,A0001,2023-12,30000,3,2023-12-01,2023,12,4,-2.4492935982947064e-16,1.0,0,1,0,47000.0,83000.0,59000.0,65333.333333333336,69000.0,55916.66666666666,18009.2568789868,1.1684,91,0,Modere
ST0093,A0001,2024-01,45000,3,2024-01-01,2024,1,1,0.4999999999999999,0.8660254037844387,1,0,0,30000.0,66000.0,31000.0,47666.66666666666,63000.0,53500.0,18009.2568789868,0.8909,91,0,Modere
ST0093,A0001,2024-02,15000,2,2024-02-01,2024,2,1,0.8660254037844386,0.5000000000000001,1,0,0,45000.0,47000.0,49000.0,40666.66666666666,57666.66666666666,54666.66666666666,9291.573243177563,0.7439,91,0,Modere
ST0093,A0001,2024-03,10000,2,2024-03-01,2024,3,1,1.0,6.123233995736766e-17,1,0,1,15000.0,30000.0,44000.0,30000.0,47666.66666666666,51833.333333333336,14999.999999999996,0.5788,91,0,Modere
ST0093,A0001,2024-04,10000,1,2024-04-01,2024,4,2,0.8660254037844387,-0.4999999999999998,0,0,1,10000.0,45000.0,35000.0,23333.33333333333,35500.0,49000.0,18929.69448600091,0.4762,91,0,Modere
ST0093,A0001,2024-05,10000,1,2024-05-01,2024,5,2,0.4999999999999999,-0.8660254037844387,0,0,2,10000.0,15000.0,39000.0,11666.666666666666,26166.666666666668,46916.66666666666,2886.7513459480974,0.2487,91,0,Modere
ST0093,A0001,2024-06,10000,1,2024-06-01,2024,6,2,1.2246467991473532e-16,-1.0,0,0,2,10000.0,10000.0,66000.0,10000.0,20000.0,44500.0,0.0,0.2247,91,0,Modere
ST0093,A0001,2024-07,10000,1,2024-07-01,2024,7,3,-0.4999999999999997,-0.8660254037844388,0,0,2,10000.0,10000.0,77000.0,10000.0,16666.666666666668,39833.333333333336,0.0,0.251,91,0,Modere
ST0093,A0001,2024-08,20000,2,2024-08-01,2024,8,3,-0.8660254037844385,-0.5000000000000004,0,0,3,10000.0,10000.0,75000.0,10000.0,10833.333333333334,34250.0,0.0,0.292,91,0,Modere
ST0093,A0001,2024-09,20000,2,2024-09-01,2024,9,3,-1.0,-1.8369701987210294e-16,0,0,3,20000.0,10000.0,83000.0,13333.333333333334,11666.666666666666,29666.666666666668,5773.502691896242,0.4494,91,0,Modere
ST0093,A0001,2024-10,20000,2,2024-10-01,2024,10,4,-0.8660254037844386,0.5000000000000001,0,1,3,20000.0,10000.0,66000.0,16666.666666666668,13333.333333333334,24416.666666666668,5773.502691896241,0.6826,91,0,Modere
ST0093,A0001,2024-11,30000,3,2024-11-01,2024,11,4,-0.5000000000000004,0.8660254037844384,0,1,3,20000.0,20000.0,47000.0,20000.0,15000.0,20583.33333333333,0.0,0.9716,91,0,Modere
ST0093,A0001,2024-12,20000,2,2024-12-01,2024,12,4,-2.4492935982947064e-16,1.0,0,1,0,30000.0,20000.0,30000.0,23333.33333333333,18333.33333333333,19166.666666666668,5773.502691896241,1.2173,91,0,Modere
ST0093,A0001,2025-01,20000,2,2025-01-01,2025,1,1,0.4999999999999999,0.8660254037844387,1,0,0,20000.0,20000.0,45000.0,23333.33333333333,20000.0,18333.33333333333,5773.502691896241,1.2727,91,0,Modere
ST0093,A0001,2025-02,20000,2,2025-02-01,2025,2,1,0.8660254037844386,0.5000000000000001,1,0,0,20000.0,30000.0,15000.0,23333.33333333333,21666.666666666668,16250.0,5773.502691896241,1.4358,91,0,Modere
ST0093,A0001,2025-03,10000,2,2025-03-01,2025,3,1,1.0,6.123233995736766e-17,1,0,1,20000.0,20000.0,10000.0,20000.0,21666.666666666668,16666.666666666668,0.0,1.1999,91,0,Modere
ST0093,A0001,2025-04,20000,3,2025-04-01,2025,4,2,0.8660254037844387,-0.4999999999999998,0,0,1,10000.0,20000.0,10000.0,16666.666666666668,20000.0,16666.666666666668,5773.502691896241,0.9999,91,0,Modere
ST0093,A0001,2025-05,10000,1,2025-05-01,2025,5,2,0.4999999999999999,-0.8660254037844387,0,0,2,20000.0,20000.0,10000.0,16666.666666666668,20000.0,17500.0,5773.502691896241,0.9523,91,0,Modere
ST0093,A0001,2025-06,20000,2,2025-06-01,2025,6,2,1.2246467991473532e-16,-1.0,0,0,2,10000.0,10000.0,10000.0,13333.333333333334,16666.666666666668,17500.0,5773.502691896242,0.7619,91,0,Modere
ST0093,A0001,2025-07,20000,3,2025-07-01,2025,7,3,-0.4999999999999997,-0.8660254037844388,0,0,2,20000.0,20000.0,10000.0,16666.666666666668,16666.666666666668,18333.33333333333,5773.502691896241,0.909,91,0,Modere
ST0093,A0001,2025-08,20000,3,2025-08-01,2025,8,3,-0.8660254037844385,-0.5000000000000004,0,0,3,20000.0,10000.0,20000.0,16666.666666666668,16666.666666666668,19166.666666666668,5773.502691896241,0.8695,91,0,Modere
ST0093,A0001,2025-09,10000,1,2025-09-01,2025,9,3,-1.0,-1.8369701987210294e-16,0,0,3,20000.0,20000.0,20000.0,20000.0,16666.666666666668,19166.666666666668,0.0,1.0434,91,0,Modere
ST0093,A0001,2025-10,20000,3,2025-10-01,2025,10,4,-0.8660254037844386,0.5000000000000001,0,1,3,10000.0,20000.0,20000.0,16666.666666666668,16666.666666666668,18333.33333333333,5773.502691896241,0.909,91,0,Modere
ST0093,A0001,2025-11,20000,2,2025-11-01,2025,11,4,-0.5000000000000004,0.8660254037844384,0,1,3,20000.0,20000.0,30000.0,16666.666666666668,16666.666666666668,18333.33333333333,5773.502691896241,0.909,91,0,Modere
ST0093,A0001,2025-12,20000,2,2025-12-01,2025,12,4,-2.4492935982947064e-16,1.0,0,1,0,20000.0,10000.0,20000.0,16666.666666666668,18333.33333333333,17500.0,5773.502691896241,0.9523,91,0,Modere
ST0093,A0002,2021-03,26000,6,2021-03-01,2021,3,1,1.0,6.123233995736766e-17,1,0,1,34000.0,34000.0,8000.0,29000.0,27666.666666666668,23833.33333333333,8660.254037844386,1.2167,91,1,Modere
ST0093,A0002,2021-04,26000,5,2021-04-01,2021,4,2,0.8660254037844387,-0.4999999999999998,0,0,1,26000.0,19000.0,16000.0,26333.33333333333,27333.33333333333,25333.33333333333,7505.553499465135,1.0394,91,1,Modere
ST0093,A0002,2021-05,28000,5,2021-05-01,2021,5,2,0.4999999999999999,-0.8660254037844387,0,0,2,26000.0,34000.0,23000.0,28666.666666666668,27833.33333333333,26166.666666666668,4618.802153517007,1.0955,91,1,Modere
ST0093,A0002,2021-06,24000,5,2021-06-01,2021,6,2,1.2246467991473532e-16,-1.0,0,0,2,28000.0,26000.0,26000.0,26666.666666666668,27833.33333333333,26583.33333333333,1154.7005383792575,1.0031,91,1,Modere
ST0093,A0002,2021-07,32000,4,2021-07-01,2021,7,3,-0.4999999999999997,-0.8660254037844388,0,0,2,24000.0,26000.0,27000.0,26000.0,26166.666666666668,26416.666666666668,2000.0000000000032,0.9842,91,1,Modere
ST0093,A0002,2021-08,16000,4,2021-08-01,2021,8,3,-0.8660254037844385,-0.5000000000000004,0,0,3,32000.0,28000.0,20000.0,28000.0,28333.33333333333,26833.33333333333,4000.000000000002,1.0434,91,1,Modere
ST0093,A0002,2021-09,28000,5,2021-09-01,2021,9,3,-1.0,-1.8369701987210294e-16,0,0,3,16000.0,24000.0,28000.0,24000.0,25333.33333333333,26500.0,8000.000000000001,0.9056,91,1,Modere
ST0093,A0002,2021-10,22000,4,2021-10-01,2021,10,4,-0.8660254037844386,0.5000000000000001,0,1,3,28000.0,32000.0,23000.0,25333.33333333333,25666.666666666668,26500.0,8326.66399786453,0.9559,91,1,Modere
ST0093,A0002,2021-11,38000,6,2021-11-01,2021,11,4,-0.5000000000000004,0.8660254037844384,0,1,3,22000.0,16000.0,28000.0,22000.0,25000.0,26416.666666666668,6000.0,0.8328,91,1,Modere
ST0093,A0002,2021-12,22000,4,2021-12-01,2021,12,4,-2.4492935982947064e-16,1.0,0,1,0,38000.0,28000.0,34000.0,29333.33333333333,26666.666666666668,27250.0,8082.903768654762,1.0764,91,1,Modere
ST0093,A0002,2022-01,23000,5,2022-01-01,2022,1,1,0.4999999999999999,0.8660254037844387,1,0,0,22000.0,22000.0,19000.0,27333.33333333333,26333.33333333333,26250.0,9237.604307034013,1.0412,91,1,Modere
ST0093,A0002,2022-02,25000,6,2022-02-01,2022,2,1,0.8660254037844386,0.5000000000000001,1,0,0,23000.0,38000.0,34000.0,27666.666666666668,24833.33333333333,26583.33333333333,8962.886439832502,1.0407,91,1,Modere
ST0093,A0002,2022-03,16000,3,2022-03-01,2022,3,1,1.0,6.123233995736766e-17,1,0,1,25000.0,22000.0,26000.0,23333.33333333333,26333.33333333333,25833.33333333333,1527.525231651957,0.9032,91,1,Modere
ST0093,A0002,2022-04,30000,2,2022-04-01,2022,4,2,0.8660254037844387,-0.4999999999999998,0,0,1,16000.0,23000.0,26000.0,21333.33333333333,24333.33333333333,25000.0,4725.815626252612,0.8533,91,1,Modere
ST0093,A0002,2022-05,72000,6,2022-05-01,2022,5,2,0.4999999999999999,-0.8660254037844387,0,0,2,30000.0,25000.0,28000.0,23666.666666666668,25666.666666666668,25333.33333333333,7094.598884597589,0.9342,91,1,Modere
ST0093,A0002,2022-06,76000,7,2022-06-01,2022,6,2,1.2246467991473532e-16,-1.0,0,0,2,72000.0,16000.0,24000.0,39333.333333333336,31333.33333333333,29000.0,29143.323992525857,1.3563,91,1,Modere
ST0093,A0002,2022-07,34000,5,2022-07-01,2022,7,3,-0.4999999999999997,-0.8660254037844388,0,0,2,76000.0,30000.0,32000.0,59333.333333333336,40333.333333333336,33333.333333333336,25482.01980482185,1.7799,91,1,Modere
ST0093,A0002,2022-08,32000,5,2022-08-01,2022,8,3,-0.8660254037844385,-0.5000000000000004,0,0,3,34000.0,72000.0,16000.0,60666.66666666666,42166.66666666666,33500.0,23180.451534284945,1.8109,91,1,Modere
ST0093,A0002,2022-09,28000,5,2022-09-01,2022,9,3,-1.0,-1.8369701987210294e-16,0,0,3,32000.0,76000.0,28000.0,47333.333333333336,43333.333333333336,34833.333333333336,24846.193538112297,1.3588,91,1,Modere
ST0093,A0002,2022-10,16000,4,2022-10-01,2022,10,4,-0.8660254037844386,0.5000000000000001,0,1,3,28000.0,34000.0,22000.0,31333.33333333333,45333.333333333336,34833.333333333336,3055.0504633038927,0.8995,91,1,Modere
ST0093,A0002,2022-11,12000,5,2022-11-01,2022,11,4,-0.5000000000000004,0.8660254037844384,0,1,3,16000.0,32000.0,38000.0,25333.33333333333,43000.0,34333.333333333336,8326.66399786453,0.7378,91,1,Modere
ST0093,A0002,2022-12,7000,2,2022-12-01,2022,12,4,-2.4492935982947064e-16,1.0,0,1,0,12000.0,28000.0,22000.0,18666.666666666668,33000.0,32166.666666666668,8326.66399786453,0.5803,91,1,Modere
ST0093,A0002,2023-01,15000,4,2023-01-01,2023,1,1,0.4999999999999999,0.8660254037844387,1,0,0,7000.0,16000.0,23000.0,11666.666666666666,21500.0,30916.666666666668,4509.249752822897,0.3773,91,1,Modere
ST0093,A0002,2023-02,18000,5,2023-02-01,2023,2,1,0.8660254037844386,0.5000000000000001,1,0,0,15000.0,12000.0,25000.0,11333.333333333334,18333.33333333333,30250.0,4041.451884327384,0.3746,91,1,Modere
ST0093,A0002,2023-03,19000,5,2023-03-01,2023,3,1,1.0,6.123233995736766e-17,1,0,1,18000.0,7000.0,16000.0,13333.333333333334,16000.0,29666.666666666668,5686.240703077329,0.4494,91,1,Modere
ST0093,A0002,2023-04,20000,4,2023-04-01,2023,4,2,0.8660254037844387,-0.4999999999999998,0,0,1,19000.0,15000.0,30000.0,17333.333333333332,14500.0,29916.666666666668,2081.6659994661395,0.5794,91,1,Modere
ST0093,A0002,2023-05,21000,5,2023-05-01,2023,5,2,0.4999999999999999,-0.8660254037844387,0,0,2,20000.0,18000.0,72000.0,19000.0,15166.666666666666,29083.33333333333,1000.0000000000148,0.6533,91,1,Modere
ST0093,A0002,2023-06,14000,2,2023-06-01,2023,6,2,1.2246467991473532e-16,-1.0,0,0,2,21000.0,19000.0,76000.0,20000.0,16666.666666666668,24833.33333333333,1000.0000000000148,0.8053,91,1,Modere
ST0093,A0002,2023-07,30000,2,2023-07-01,2023,7,3,-0.4999999999999997,-0.8660254037844388,0,0,2,14000.0,20000.0,34000.0,18333.33333333333,17833.333333333332,19666.666666666668,3785.938897200186,0.9322,91,1,Modere
ST0093,A0002,2023-08,15000,1,2023-08-01,2023,8,3,-0.8660254037844385,-0.5000000000000004,0,0,3,30000.0,21000.0,32000.0,21666.666666666668,20333.33333333333,19333.33333333333,8020.806277010644,1.1206,91,1,Modere
ST0093,A0002,2023-09,15000,1,2023-09-01,2023,9,3,-1.0,-1.8369701987210294e-16,0,0,3,15000.0,14000.0,28000.0,19666.666666666668,19833.33333333333,17916.666666666668,8962.886439832502,1.0976,91,1,Modere
ST0093,A0002,2023-10,15000,1,2023-10-01,2023,10,4,-0.8660254037844386,0.5000000000000001,0,1,3,15000.0,30000.0,16000.0,20000.0,19166.666666666668,16833.333333333332,8660.254037844388,1.188,91,1,Modere
ST0093,A0002,2023-11,15000,2,2023-11-01,2023,11,4,-0.5000000000000004,0.8660254037844384,0,1,3,15000.0,15000.0,12000.0,15000.0,18333.33333333333,16750.0,0.0,0.8955,91,1,Modere
ST0093,A0002,2023-12,15000,2,2023-12-01,2023,12,4,-2.4492935982947064e-16,1.0,0,1,0,15000.0,15000.0,7000.0,15000.0,17333.333333333332,17000.0,0.0,0.8823,91,1,Modere
ST0093,A0002,2024-01,15000,1,2024-01-01,2024,1,1,0.4999999999999999,0.8660254037844387,1,0,0,15000.0,15000.0,15000.0,15000.0,17500.0,17666.666666666668,0.0,0.849,91,1,Modere
ST0093,A0002,2024-03,15000,2,2024-03-01,2024,3,1,1.0,6.123233995736766e-17,1,0,1,15000.0,15000.0,18000.0,15000.0,15000.0,17666.666666666668,0.0,0.849,91,1,Modere
ST0093,A0002,2024-05,15000,1,2024-05-01,2024,5,2,0.4999999999999999,-0.8660254037844387,0,0,2,15000.0,15000.0,19000.0,15000.0,15000.0,17416.666666666668,0.0,0.8612,91,1,Modere
ST0093,A0002,2024-07,15000,1,2024-07-01,2024,7,3,-0.4999999999999997,-0.8660254037844388,0,0,2,15000.0,15000.0,20000.0,15000.0,15000.0,17083.333333333332,0.0,0.878,91,1,Modere
ST0093,A0002,2024-09,15000,1,2024-09-01,2024,9,3,-1.0,-1.8369701987210294e-16,0,0,3,15000.0,15000.0,21000.0,15000.0,15000.0,16666.666666666668,0.0,0.8999,91,1,Modere
ST0093,A0002,2024-10,10000,1,2024-10-01,2024,10,4,-0.8660254037844386,0.5000000000000001,0,1,3,15000.0,15000.0,14000.0,15000.0,15000.0,16166.666666666666,0.0,0.9278,91,1,Modere
ST0093,A0002,2024-11,10000,1,2024-11-01,2024,11,4,-0.5000000000000004,0.8660254037844384,0,1,3,10000.0,15000.0,30000.0,13333.333333333334,14166.666666666666,15833.333333333334,2886.7513459481315,0.8421,91,1,Modere
ST0093,A0002,2024-12,10000,1,2024-12-01,2024,12,4,-2.4492935982947064e-16,1.0,0,1,0,10000.0,15000.0,15000.0,11666.666666666666,13333.333333333334,14166.666666666666,2886.7513459481315,0.8235,91,1,Modere
ST0093,A0002,2025-01,10000,2,2025-01-01,2025,1,1,0.4999999999999999,0.8660254037844387,1,0,0,10000.0,10000.0,15000.0,10000.0,12500.0,13750.0,0.0,0.7272,91,1,Modere
ST0093,A0002,2025-02,10000,1,2025-02-01,2025,2,1,0.8660254037844386,0.5000000000000001,1,0,0,10000.0,10000.0,15000.0,10000.0,11666.666666666666,13333.333333333334,0.0,0.7499,91,1,Modere
ST0093,A0002,2025-03,14000,3,2025-03-01,2025,3,1,1.0,6.123233995736766e-17,1,0,1,10000.0,10000.0,15000.0,10000.0,10833.333333333334,12916.666666666666,0.0,0.7741,91,1,Modere
ST0093,A0002,2025-04,16000,2,2025-04-01,2025,4,2,0.8660254037844387,-0.4999999999999998,0,0,1,14000.0,10000.0,15000.0,11333.333333333334,10666.666666666666,12833.333333333334,2309.401076758506,0.883,91,1,Modere
ST0093,A0002,2025-05,10000,1,2025-05-01,2025,5,2,0.4999999999999999,-0.8660254037844387,0,0,2,16000.0,10000.0,15000.0,13333.333333333334,11666.666666666666,12916.666666666666,3055.050463303895,1.0322,91,1,Modere
ST0093,A0002,2025-06,10000,1,2025-06-01,2025,6,2,1.2246467991473532e-16,-1.0,0,0,2,10000.0,14000.0,15000.0,13333.333333333334,11666.666666666666,12500.0,3055.050463303895,1.0666,91,1,Modere
ST0093,A0002,2025-07,10000,1,2025-07-01,2025,7,3,-0.4999999999999997,-0.8660254037844388,0,0,2,10000.0,16000.0,15000.0,12000.0,11666.666666666666,12083.333333333334,3464.101615137756,0.993,91,1,Modere
ST0093,A0002,2025-08,10000,1,2025-08-01,2025,8,3,-0.8660254037844385,-0.5000000000000004,0,0,3,10000.0,10000.0,15000.0,10000.0,11666.666666666666,11666.666666666666,0.0,0.8571,91,1,Modere
ST0093,A0002,2025-09,10000,2,2025-09-01,2025,9,3,-1.0,-1.8369701987210294e-16,0,0,3,10000.0,10000.0,15000.0,10000.0,11666.666666666666,11250.0,0.0,0.8888,91,1,Modere
ST0093,A0002,2025-10,10000,1,2025-10-01,2025,10,4,-0.8660254037844386,0.5000000000000001,0,1,3,10000.0,10000.0,10000.0,10000.0,11000.0,10833.333333333334,0.0,0.923,91,1,Modere
ST0093,A0002,2025-12,20000,2,2025-12-01,2025,12,4,-2.4492935982947064e-16,1.0,0,1,0,10000.0,10000.0,10000.0,10000.0,10000.0,10833.333333333334,0.0,0.923,91,1,Modere
ST0094,A0002,2022-12,48000,1,2022-12-01,2022,12,4,-2.4492935982947064e-16,1.0,0,1,0,144000.0,96000.0,66000.0,96000.0,117500.0,113750.0,48000.0,0.8439,92,1,Modere
ST0094,A0002,2023-01,48000,1,2023-01-01,2023,1,1,0.4999999999999999,0.8660254037844387,1,0,0,48000.0,48000.0,66000.0,80000.0,77500.0,112250.0,55425.62584220407,0.7127,92,1,Modere
ST0094,A0002,2023-03,48000,1,2023-03-01,2023,3,1,1.0,6.123233995736766e-17,1,0,1,48000.0,144000.0,66000.0,80000.0,72000.0,110750.0,55425.62584220407,0.7223,92,1,Modere
ST0094,A0002,2023-05,48000,1,2023-05-01,2023,5,2,0.4999999999999999,-0.8660254037844387,0,0,2,48000.0,48000.0,66000.0,48000.0,72000.0,109250.0,0.0,0.4394,92,1,Modere
ST0094,A0002,2023-06,144000,3,2023-06-01,2023,6,2,1.2246467991473532e-16,-1.0,0,0,2,48000.0,48000.0,66000.0,48000.0,64000.0,107750.0,0.0,0.4455,92,1,Modere
ST0094,A0002,2023-07,96000,2,2023-07-01,2023,7,3,-0.4999999999999997,-0.8660254037844388,0,0,2,144000.0,48000.0,330000.0,80000.0,80000.0,114250.0,55425.62584220407,0.7002,92,1,Modere
ST0094,A0002,2023-08,48000,1,2023-08-01,2023,8,3,-0.8660254037844385,-0.5000000000000004,0,0,3,96000.0,48000.0,288000.0,96000.0,72000.0,94750.0,48000.0,1.0132,92,1,Modere
ST0094,A0002,2023-09,96000,2,2023-09-01,2023,9,3,-1.0,-1.8369701987210294e-16,0,0,3,48000.0,144000.0,81000.0,96000.0,72000.0,74750.0,48000.0,1.2843,92,1,Modere
ST0094,A0002,2023-10,48000,1,2023-10-01,2023,10,4,-0.8660254037844386,0.5000000000000001,0,1,3,96000.0,96000.0,48000.0,80000.0,80000.0,76000.0,27712.812921102035,1.0526,92,1,Modere
ST0094,A0002,2023-11,96000,2,2023-11-01,2023,11,4,-0.5000000000000004,0.8660254037844384,0,1,3,48000.0,48000.0,96000.0,64000.0,80000.0,76000.0,27712.812921102035,0.8421,92,1,Modere
ST0094,A0002,2023-12,144000,3,2023-12-01,2023,12,4,-2.4492935982947064e-16,1.0,0,1,0,96000.0,96000.0,48000.0,80000.0,88000.0,76000.0,27712.812921102035,1.0526,92,1,Modere
ST0094,A0002,2024-01,144000,3,2024-01-01,2024,1,1,0.4999999999999999,0.8660254037844387,1,0,0,144000.0,48000.0,144000.0,96000.0,88000.0,84000.0,48000.0,1.1428,92,1,Modere
ST0094,A0002,2024-02,96000,2,2024-02-01,2024,2,1,0.8660254037844386,0.5000000000000001,1,0,0,144000.0,96000.0,48000.0,128000.0,96000.0,84000.0,27712.812921102035,1.5238,92,1,Modere
ST0094,A0002,2024-03,96000,2,2024-03-01,2024,3,1,1.0,6.123233995736766e-17,1,0,1,96000.0,144000.0,48000.0,128000.0,104000.0,88000.0,27712.812921102035,1.4545,92,1,Modere
ST0094,A0002,2024-04,96000,2,2024-04-01,2024,4,2,0.8660254037844387,-0.4999999999999998,0,0,1,96000.0,144000.0,48000.0,112000.0,104000.0,92000.0,27712.812921102035,1.2174,92,1,Modere
ST0094,A0002,2024-05,144000,2,2024-05-01,2024,5,2,0.4999999999999999,-0.8660254037844387,0,0,2,96000.0,96000.0,48000.0,96000.0,112000.0,96000.0,0.0,1.0,92,1,Modere
ST0094,A0002,2024-06,48000,1,2024-06-01,2024,6,2,1.2246467991473532e-16,-1.0,0,0,2,144000.0,96000.0,144000.0,112000.0,120000.0,104000.0,27712.812921102035,1.0769,92,1,Modere
ST0094,A0002,2024-08,48000,1,2024-08-01,2024,8,3,-0.8660254037844385,-0.5000000000000004,0,0,3,48000.0,96000.0,96000.0,96000.0,104000.0,96000.0,48000.0,1.0,92,1,Modere
ST0094,A0002,2024-10,48000,1,2024-10-01,2024,10,4,-0.8660254037844386,0.5000000000000001,0,1,3,48000.0,144000.0,48000.0,80000.0,88000.0,92000.0,55425.62584220407,0.8696,92,1,Modere
ST0094,A0002,2024-11,48000,1,2024-11-01,2024,11,4,-0.5000000000000004,0.8660254037844384,0,1,3,48000.0,48000.0,96000.0,48000.0,80000.0,92000.0,0.0,0.5217,92,1,Modere
